"lat","lon","date","site","anem_id","anem_obs"
10.85493856575,124.7277348186,"2015-01-12","Cabatoan","871",1063
10.855615,124.726468,"2015-01-12","Cabatoan","952",NA
10.85499011445,124.727657642225,"2015-01-12","Cabatoan","906",1019
10.85558925,124.72681575,"2015-01-12","Cabatoan","195",1008
10.855001618625,124.72762761405,"2015-01-12","Cabatoan","389",1003
10.858418878625,124.72433851335,"2015-01-15","Magbangon","1111",542
10.8550724038,124.727620384675,"2015-01-12","Cabatoan","388",992
10.87428102268,124.7106518671,"2015-05-29","Palanas","1028",991
10.855618,124.726901,"2015-01-12","Cabatoan","689",975
10.855147421825,124.727398243275,"2015-01-12","Cabatoan","872",102
10.8552052779,124.727317609375,"2015-01-12","Cabatoan","907",NA
10.855165862,124.7272949363,"2015-01-12","Cabatoan","873",988
10.8553289948,124.726734689925,"2015-01-12","Cabatoan","931",539
10.85534471085,124.7268553474,"2015-01-12","Cabatoan","383",932
10.85670907515,124.725288937325,"2015-01-12","Cabatoan","933",NA
10.85712033325,124.724973358675,"2015-01-12","Cabatoan","934",1036
10.871396348825,124.7139532934,"2015-05-31","Wangag","1143",981
10.87139578305,124.7141716839,"2015-01-14","Wangag","605",860
10.861600607175,124.7214161628,"2015-06-02","Magbangon","2089",NA
10.8616130124,124.7214441374,"2015-06-04","Magbangon","2092",NA
10.8696709969,124.7159720119,"2015-01-15","Wangag","1121",856
10.764473062,124.785399734975,"2015-06-08","Poroc San Flower","903",728
10.6405636389,124.7819544794,"2015-06-09","Haina","1230",850
10.633688445675,124.776800468125,"2015-06-13","Sitio Baybayon","810",515
10.8579949639,124.725030544225,"2015-01-15","Magbangon","1067",NA
10.72769980875,124.79345991975,"2015-05-28","Gabas","1288",866
10.64081371295,124.784941475375,"2015-06-09","Haina","1229",835
10.633715791625,124.77679895935,"2015-06-13","Sitio Baybayon","401",834
10.633458551,124.776732574675,"2015-01-09","Sitio Baybayon","797",1087
10.63446926185,124.776599742475,"2015-01-10","Sitio Baybayon","771",NA
10.63502946635,124.776196971075,"2015-01-10","Sitio Baybayon","566",1067
10.856488379675,124.725652879575,"2015-01-12","Cabatoan","217",1071
10.8574213693,124.724851464875,"2015-01-15","Magbangon","1065",NA
10.85749716265,124.7249320359,"2015-01-15","Magbangon","203",807
10.8585332497,124.723945129675,"2015-01-15","Magbangon","1113",NA
10.8566402807,124.7254749108,"2015-01-12","Cabatoan","932",NA
10.8619135,124.721093,"2015-01-15","Magbangon","1087",NA
10.859766227675,124.72271064295,"2015-01-15","Magbangon","678",781
10.872786613175,124.711818653175,"2015-01-13","Palanas","427",306
10.869829142475,124.715942067575,"2015-01-15","Wangag","595",642
10.86985259085,124.715833689525,"2015-01-15","Wangag","1123",NA
10.6339230761,124.776646052475,"2015-01-19","Sitio Baybayon","411",323
10.633941914425,124.77660294855,"2015-01-19","Sitio Baybayon","1151",721
10.634119003075,124.776566906375,"2015-01-19","Sitio Baybayon","1006",NA
10.63465848335,124.776255036725,"2015-01-19","Sitio Baybayon","562",350
10.634802693975,124.776196300525,"2015-01-19","Sitio Baybayon","563",714
10.63503849785,124.7763994988,"2015-01-19","Sitio Baybayon","1195",NA
10.635013016875,124.776415152025,"2015-01-19","Sitio Baybayon","1012",NA
10.871794635875,124.71373395995,"2015-01-14","Wangag","663",611
10.857662872875,124.7250020667,"2015-01-15","Magbangon","1066",50
10.633622815375,124.776656844175,"2015-01-19","Sitio Baybayon","398",652
10.6358044362,124.77592736715,"2015-01-19","Sitio Baybayon","1166",NA
10.635129336725,124.77586234455,"2015-01-19","Sitio Baybayon","1201",NA
10.641210596075,124.7805598774,"2015-01-20","Haina","1253",NA
10.6409335113,124.78264282225,"2015-01-20","Haina","1205",NA
10.635161669925,124.77581320565,"2015-01-20","Sitio Baybayon","1257",NA
10.635343745825,124.7757468,"2015-01-20","Sitio Baybayon","1235",NA
10.6357930787,124.7757556429,"2015-01-20","Sitio Baybayon","1240",NA
10.635741194725,124.77580999955,"2015-01-20","Sitio Baybayon","1242",NA
10.63535654915,124.77608494695,"2015-01-20","Sitio Baybayon","1264",NA
10.6353220786,124.77621853355,"2015-01-20","Sitio Baybayon","1266",NA
10.798350409575,124.768750718825,"2015-01-21","Elementary School","702",686
10.798788720275,124.768649151075,"2015-01-21","Elementary School","1304",683
10.769213112075,124.783624887925,"2015-01-22","San Agustin","1270",935
10.861428400975,124.7213898855,"2015-01-22","Magbangon","1274",NA
10.8614648832,124.721449585625,"2015-01-22","Magbangon","1275",NA
10.8577615,124.724637,"2015-01-12","Cabatoan","955",68
10.861184655225,124.7217174084,"2015-02-01","Magbangon","1343",NA
10.861014230175,124.721792615025,"2015-02-01","Magbangon","687",NA
10.860933114325,124.721846950675,"2015-02-01","Magbangon","1376",NA
10.860949626675,124.7219240642,"2015-02-01","Magbangon","1382",NA
10.641132162425,124.77847846225,"2015-02-02","Haina","1454",1
10.860949626675,124.7219240642,"2015-02-01","Magbangon","1383",NA
10.860833767825,124.721893302625,"2015-02-01","Magbangon","501",681
10.641500798525,124.778086901625,"2015-02-02","Haina","1392",NA
10.861462745825,124.7214556206,"2015-01-22","Magbangon","1277",NA
10.8576775,124.7246665,"2015-01-12","Cabatoan","954",144
10.861426074975,124.721607731175,"2015-01-22","Magbangon","1283",NA
10.7271702611,124.793326982775,"2015-01-31","Gabas","1340",668
10.861055217675,124.7215058701,"2015-02-01","Magbangon","1294",NA
10.861006267375,124.721761245775,"2015-02-01","Magbangon","1368",NA
10.860960020225,124.721759338875,"2015-02-01","Magbangon","1371",NA
10.860934497325,124.721793138875,"2015-02-01","Magbangon","1374",NA
10.8609941974,124.72191492795,"2015-02-01","Magbangon","1379",666
10.860949626675,124.7219240642,"2015-02-01","Magbangon","1381",900
10.6408017897,124.77928373265,"2015-02-02","Haina","1397",NA
10.874303821475,124.710614215575,"2015-05-29","Palanas","1029",664
10.874140437225,124.710742982575,"2015-05-29","Palanas","493",774
10.8743781689333,124.7107470408,"2015-05-29","Palanas","948",288
10.87287973615,124.71216203875,"2015-05-30","Palanas","910",662
10.873355597725,124.7121342318,"2015-05-30","Palanas","2022",764
10.87160419905,124.714219397875,"2015-05-31","Wangag","1079",661
10.8713520714,124.714168792125,"2015-05-31","Wangag","170",750
10.8714298974,124.71407652835,"2015-05-31","Wangag","2040",NA
10.8714901423,124.714273943125,"2015-06-01","Wangag","2043",899
10.86898122915,124.71644843925,"2015-06-02","Wangag","1040",700
10.869494767375,124.7162804869,"2015-06-02","Wangag","1101",639
10.861454321975,124.721507777,"2015-06-04","Magbangon","2103",NA
10.860938353,124.721663659475,"2015-06-04","Magbangon","505",637
10.6327549531,124.77677626535,"2015-06-11","Sitio Baybayon","782",240
10.8609953709,124.72154685765,"2015-02-01","Magbangon","1296",NA
10.861156973975,124.721502747875,"2015-02-01","Magbangon","1290",NA
10.640571496925,124.78184784065,"2015-06-09","Haina","2144",NA
10.86888563355,124.716649185875,"2015-06-02","Wangag","2062",NA
10.857664905475,124.724571425475,"2015-01-12","Cabatoan","936",487
10.87135927985,124.714171914375,"2015-05-31","Wangag","2036",590
10.85759539855,124.72463322105,"2015-01-12","Cabatoan","935",NA
10.87292072365,124.711887133325,"2015-05-30","Palanas","428",434
10.6409008219,124.783561646475,"2015-06-09","Haina","446",576
10.652893544175,124.7835253319,"2015-06-09","Tamakin Dacot","452",574
10.86156827395,124.72132909575,"2015-06-04","Magbangon","2097",NA
10.854953925625,124.727738946675,"2015-06-05","Cabatoan","871",1063
10.85737675,124.7247245,"2015-01-12","Cabatoan","953",46
10.8739146078,124.710782670875,"2015-05-29","Palanas","2013",467
10.653027591775,124.7839595354,"2015-06-11","Tamakin Dacot","759",792
10.633487845775,124.77674091465,"2015-06-13","Sitio Baybayon","797",1087
10.633304659275,124.7768608178,"2015-06-13","Sitio Baybayon","1016",513
10.63270640095,124.77660401725,"2015-06-11","Sitio Baybayon","2151",512
10.652136134425,124.7842595028,"2015-06-11","Tamakin Dacot","793",1023
10.7689303276,124.783773876275,"2015-06-07","San Agustin","717",882
10.79903018195,124.76850053995,"2015-06-07","Elementary School","1306",351
10.86099428125,124.721875595875,"2015-06-04","Magbangon","1350",857
10.634504214375,124.77635593385,"2015-06-14","Sitio Baybayon","1009",258
10.6344287982,124.776766353775,"2015-06-14","Sitio Baybayon","2170",NA
10.634256885375,124.776713631575,"2015-06-14","Sitio Baybayon","2166",NA
10.6340309512,124.7766169463,"2015-06-14","Sitio Baybayon","533",201
10.855318307875,124.7262603161,"2015-06-05","Cabatoan","930",220
10.860888333975,124.72189223395,"2015-06-04","Magbangon","2117",NA
10.861170343125,124.721619088675,"2015-06-04","Magbangon","2108",NA
10.86157829035,124.72131780115,"2015-06-04","Magbangon","2096",NA
10.861897033175,124.721165669625,"2015-06-02","Magbangon","2083",NA
10.86932966485,124.716344734175,"2015-06-02","Wangag","2073",NA
10.869175563575,124.716350308175,"2015-06-02","Wangag","2068",NA
10.86964476155,124.7159781726,"2015-06-01","Wangag","1119",387
10.870295532525,124.715072424125,"2015-06-01","Wangag","2059",NA
10.8715761197,124.71401263725,"2015-06-01","Wangag","1051",491
10.871801571925,124.713941495875,"2015-06-01","Wangag","1146",977
10.871390271925,124.713988581225,"2015-05-31","Wangag","2028",783
10.87300005835,124.712177566275,"2015-05-30","Palanas","2020",551
10.87293952005,124.711703883925,"2015-05-30","Palanas","912",833
10.87382397845,124.71106155775,"2015-05-30","Palanas","2015",517
10.7438409864,124.786532507275,"2015-05-28","Visca","776",261
10.652396308725,124.78367165895,"2015-02-02","Tamakin Dacot","394",763
10.652764840025,124.78373668155,"2015-02-02","Tamakin Dacot","1399",950
10.652966634375,124.783779890275,"2015-02-02","Tamakin Dacot","1398",719
10.653148060675,124.78388841495,"2015-02-02","Tamakin Dacot","392",759
10.640652948075,124.77953699185,"2015-02-02","Haina","1459",NA
10.640927245825,124.7790023731,"2015-02-02","Haina","1396",NA
10.64098782605,124.778690985425,"2015-02-02","Haina","1458",419
10.640968002825,124.778788676475,"2015-02-02","Haina","1395",NA
10.641048741525,124.7786541679,"2015-02-02","Haina","1457",NA
10.640795105125,124.779145997025,"2015-02-02","Haina","1394",NA
10.6411072891,124.778611504025,"2015-02-02","Haina","1456",NA
10.64109861385,124.7785299062,"2015-02-02","Haina","1455",NA
10.641234987425,124.77840824285,"2015-02-02","Haina","1453",NA
10.6413822365,124.778155423675,"2015-02-02","Haina","1393",NA
10.64150291495,124.778084093725,"2015-02-02","Haina","1452",936
10.6415455998,124.777936425525,"2015-02-02","Haina","1451",55
10.860804745475,124.721886115125,"2015-02-01","Magbangon","1391",NA
10.860804745475,124.721886115125,"2015-02-01","Magbangon","1390",NA
10.860833767825,124.721893302625,"2015-02-01","Magbangon","1389",NA
10.8608458587,124.721902732275,"2015-02-01","Magbangon","1388",NA
10.86087852715,124.721902753225,"2015-02-01","Magbangon","1387",NA
10.86087852715,124.721902753225,"2015-02-01","Magbangon","1386",NA
10.8609128301,124.721911198,"2015-02-01","Magbangon","1385",NA
10.860928609025,124.72191637385,"2015-02-01","Magbangon","1384",NA
10.860949626675,124.7219240642,"2015-02-01","Magbangon","1380",NA
10.8609941974,124.72191492795,"2015-02-01","Magbangon","503",479
10.860988644425,124.7218724736,"2015-02-01","Magbangon","1378",NA
10.860971272925,124.72185319525,"2015-02-01","Magbangon","1377",NA
10.860896087225,124.72178106895,"2015-02-01","Magbangon","510",247
10.86092548675,124.7217877954,"2015-02-01","Magbangon","1375",398
10.860956416,124.721760302775,"2015-02-01","Magbangon","1373",NA
10.860956416,124.721760302775,"2015-02-01","Magbangon","1372",593
10.86096710295,124.721771073525,"2015-02-01","Magbangon","1370",NA
10.86097940335,124.721789094625,"2015-02-01","Magbangon","508",480
10.8610237227,124.7218423197,"2015-02-01","Magbangon","1350",857
10.8610519278,124.72184980055,"2015-02-01","Magbangon","1349",NA
10.861014230175,124.721792615025,"2015-02-01","Magbangon","1369",NA
10.8610788756,124.721827819,"2015-02-01","Magbangon","1348",NA
10.861022758775,124.721712861225,"2015-02-01","Magbangon","1367",NA
10.861028353675,124.72166925435,"2015-02-01","Magbangon","1300",1033
10.86104048645,124.72163101195,"2015-02-01","Magbangon","1298",357
10.861138680475,124.721737755475,"2015-02-01","Magbangon","1346",39
10.861102743075,124.721494931725,"2015-02-01","Magbangon","1293",NA
10.728103523125,124.793405416425,"2015-01-31","Gabas","1339",505
10.743617839175,124.786821033325,"2015-01-31","Visca","1285",397
10.861280041275,124.721630299475,"2015-01-22","Magbangon","1324",396
10.86134887765,124.721599076875,"2015-01-22","Magbangon","1323",NA
10.861337960225,124.721514796825,"2015-01-22","Magbangon","1363",NA
10.86139698975,124.721528417425,"2015-01-22","Magbangon","1320",NA
10.8613887336,124.721540193975,"2015-01-22","Magbangon","1281",NA
10.86151613855,124.721427520275,"2015-01-22","Magbangon","1360",NA
10.861526092075,124.721415073175,"2015-01-22","Magbangon","1359",NA
10.861446422075,124.72150825895,"2015-01-22","Magbangon","1280",NA
10.86152757985,124.721424523725,"2015-01-22","Magbangon","1358",NA
10.8615542762,124.721427038325,"2015-01-22","Magbangon","1334",NA
10.861388398325,124.721468151575,"2015-01-22","Magbangon","1278",129
10.861522005875,124.72139589955,"2015-01-22","Magbangon","1356",NA
10.861536758025,124.72150641495,"2015-01-22","Magbangon","1316",907
10.8615162782333,124.7213671915,"2015-01-22","Magbangon","1332",NA
10.86147366325,124.7213365766,"2015-01-22","Magbangon","1355",NA
10.861552348375,124.7214647359,"2015-01-22","Magbangon","1315",NA
10.861552348375,124.7214647359,"2015-01-22","Magbangon","1314",NA
10.86146272485,124.72138552695,"2015-01-22","Magbangon","1273",870
10.86146435935,124.721337268125,"2015-01-22","Magbangon","1354",NA
10.861544762725,124.72145249835,"2015-01-22","Magbangon","1313",388
10.86151299535,124.72136731725,"2015-01-22","Magbangon","1330",NA
10.8615041105,124.721350825875,"2015-01-22","Magbangon","1272",383
10.8614694304,124.721312855825,"2015-01-22","Magbangon","1353",NA
10.769091616375,124.783653113975,"2015-01-22","San Agustin","1312",NA
10.7690484915,124.783705186575,"2015-01-22","San Agustin","715",885
10.7690184843,124.783677274825,"2015-01-22","San Agustin","1328",523
10.76882716735,124.78367666715,"2015-01-22","San Agustin","711",961
10.7690770738,124.783707323925,"2015-01-22","San Agustin","1271",381
10.7693374576,124.78349153185,"2015-01-22","San Agustin","1352",832
10.768604669725,124.78388248475,"2015-01-22","San Agustin","1311",917
10.76857650655,124.783877267025,"2015-01-22","San Agustin","1310",277
10.769339301625,124.783481138275,"2015-01-22","San Agustin","1351",655
10.768544802,124.7839327762,"2015-01-22","San Agustin","709",149
10.7686139108,124.783889085525,"2015-01-22","San Agustin","1327",379
10.76934688725,124.78346753865,"2015-01-22","San Agustin","714",967
10.768508361675,124.783945307125,"2015-01-22","San Agustin","707",376
10.768499120575,124.78396462745,"2015-01-22","San Agustin","1331",403
10.768452831575,124.783964040675,"2015-01-22","San Agustin","1309",375
10.809269347225,124.7653522552,"2015-01-21","Hicgop South","699",1001
10.809245437825,124.765415161375,"2015-01-21","Hicgop South","698",998
10.80912459175,124.7654558136,"2015-01-21","Hicgop South","697",423
10.80914625,124.7651975,"2015-01-21","Hicgop South","696",888
10.809849,124.76499125,"2015-01-21","Hicgop South","1326",72
10.811113114475,124.764578354075,"2015-01-21","Hicgop South","1308",1015
10.811668478425,124.76430629845,"2015-01-21","Hicgop South","1307",373
10.812154125875,124.764226838025,"2015-01-21","Hicgop South","1305",372
10.83631487795,124.7466113465,"2015-01-21","Caridad Cemetery","694",421
10.79896080075,124.76852859835,"2015-01-21","Elementary School","1306",351
10.799505771125,124.768301071625,"2015-01-21","Elementary School","1269",371
10.7984584104,124.76861757225,"2015-01-21","Elementary School","701",370
10.799774746425,124.76813833695,"2015-01-21","Elementary School","704",813
10.79838999315,124.768671614575,"2015-01-21","Elementary School","1303",243
10.63528524015,124.77619183715,"2015-01-20","Sitio Baybayon","1268",NA
10.636300833425,124.775714529675,"2015-01-20","Sitio Baybayon","1302",NA
10.636248865625,124.7757337871,"2015-01-20","Sitio Baybayon","1301",NA
10.6353373546,124.776206505475,"2015-01-20","Sitio Baybayon","1267",NA
10.636226318325,124.7756723268,"2015-01-20","Sitio Baybayon","1250",NA
10.636180280725,124.77549653735,"2015-01-20","Sitio Baybayon","1249",NA
10.636149246725,124.775448425175,"2015-01-20","Sitio Baybayon","1246",NA
10.636173994275,124.775425144475,"2015-01-20","Sitio Baybayon","1248",NA
10.635279268025,124.7761259973,"2015-01-20","Sitio Baybayon","1265",NA
10.6361557427,124.775393167525,"2015-01-20","Sitio Baybayon","1247",NA
10.6359093776,124.77543428075,"2015-01-20","Sitio Baybayon","1245",NA
10.63533362465,124.77602287895,"2015-01-20","Sitio Baybayon","1263",NA
10.63585820605,124.775742776675,"2015-01-20","Sitio Baybayon","1244",NA
10.635342195175,124.77604205255,"2015-01-20","Sitio Baybayon","1262",NA
10.635699578575,124.775843087125,"2015-01-20","Sitio Baybayon","1243",NA
10.63536652365,124.7760514403,"2015-01-20","Sitio Baybayon","1261",NA
10.63574817265,124.775824500225,"2015-01-20","Sitio Baybayon","1241",NA
10.635395776475,124.77604890475,"2015-01-20","Sitio Baybayon","1260",NA
10.63537054695,124.775987339675,"2015-01-20","Sitio Baybayon","1259",NA
10.635806510675,124.775720858025,"2015-01-20","Sitio Baybayon","1239",NA
10.63581189605,124.775652189275,"2015-01-20","Sitio Baybayon","1238",NA
10.635339093875,124.77588673585,"2015-01-20","Sitio Baybayon","1258",NA
10.635735515975,124.775611893275,"2015-01-20","Sitio Baybayon","1237",NA
10.63565974355,124.7760471655,"2015-01-20","Sitio Baybayon","1212",NA
10.63533442095,124.775758388,"2015-01-20","Sitio Baybayon","1236",NA
10.635658549175,124.77607019475,"2015-01-20","Sitio Baybayon","1211",NA
10.635606728025,124.77620220975,"2015-01-20","Sitio Baybayon","1210",NA
10.635455539425,124.7756892373,"2015-01-20","Sitio Baybayon","1234",NA
10.6355684856,124.776237937625,"2015-01-20","Sitio Baybayon","1209",NA
10.63552682755,124.77561608425,"2015-01-20","Sitio Baybayon","1233",NA
10.635504385025,124.7756732488,"2015-01-20","Sitio Baybayon","1232",NA
10.63522650395,124.775839839125,"2015-01-20","Sitio Baybayon","1256",NA
10.635353259275,124.776316706525,"2015-01-20","Sitio Baybayon","1208",NA
10.635490135725,124.775878814975,"2015-01-20","Sitio Baybayon","1231",NA
10.64056546195,124.78198224445,"2015-01-20","Haina","1230",850
10.6407374167,124.781180096325,"2015-01-20","Haina","1255",NA
10.640639516075,124.782230055425,"2015-01-20","Haina","1207",NA
10.640492078375,124.78153385455,"2015-01-20","Haina","442",477
10.640635974725,124.78138511765,"2015-01-20","Haina","441",448
10.640746406275,124.782256269825,"2015-01-20","Haina","1206",NA
10.640461358725,124.78126441825,"2015-01-20","Haina","1276",NA
10.640667804975,124.78083075955,"2015-01-20","Haina","1254",287
10.6411182275,124.782733891625,"2015-01-20","Haina","1229",835
10.641093982825,124.782757465725,"2015-01-20","Haina","1228",NA
10.640497568525,124.7807879909,"2015-01-20","Haina","1175",NA
10.641036210575,124.7829581285,"2015-01-20","Haina","1204",367
10.640727023125,124.780780132825,"2015-01-20","Haina","1174",NA
10.640878777525,124.783538952475,"2015-01-20","Haina","445",557
10.640859729625,124.783628596925,"2015-01-20","Haina","446",576
10.640759922125,124.78023193545,"2015-01-20","Haina","439",365
10.6410584226,124.779944666675,"2015-01-20","Haina","1252",660
10.6406581658,124.784045910925,"2015-01-20","Haina","447",1010
10.641387098,124.780080160125,"2015-01-20","Haina","1251",363
10.640694752825,124.784599703275,"2015-01-20","Haina","449",167
10.64073127695,124.784612359925,"2015-01-20","Haina","448",561
10.6408371194,124.78494449285,"2015-01-20","Haina","1227",NA
10.640589580875,124.78532448645,"2015-01-20","Haina","1203",NA
10.635193584025,124.77614760165,"2015-01-19","Sitio Baybayon","1202",NA
10.63522191485,124.7760852822,"2015-01-19","Sitio Baybayon","553",497
10.635231072075,124.776019002325,"2015-01-19","Sitio Baybayon","578",360
10.635205276775,124.775984049775,"2015-01-19","Sitio Baybayon","1173",NA
10.635196832,124.77594320895,"2015-01-19","Sitio Baybayon","1172",NA
10.63474582275,124.7763128509,"2015-01-19","Sitio Baybayon","1171",NA
10.635109869775,124.776024953475,"2015-01-19","Sitio Baybayon","574",914
10.63522042705,124.7761211777,"2015-01-19","Sitio Baybayon","1170",NA
10.6353253685,124.77608599465,"2015-01-19","Sitio Baybayon","1169",NA
10.635719338875,124.775978203375,"2015-01-19","Sitio Baybayon","1168",NA
10.63465999205,124.776346755675,"2015-01-19","Sitio Baybayon","561",483
10.635759613925,124.775954755025,"2015-01-19","Sitio Baybayon","1167",NA
10.635890602125,124.775752353,"2015-01-19","Sitio Baybayon","1165",NA
10.63439200165,124.7764956183,"2015-01-19","Sitio Baybayon","1025",358
10.6343814824,124.77652644275,"2015-01-19","Sitio Baybayon","1024",NA
10.634370627825,124.7765347408,"2015-01-19","Sitio Baybayon","1023",NA
10.635298232075,124.77588694545,"2015-01-19","Sitio Baybayon","1164",NA
10.635296262375,124.77589174405,"2015-01-19","Sitio Baybayon","1163",NA
10.635240543625,124.7758879303,"2015-01-19","Sitio Baybayon","1162",NA
10.635223633125,124.775883487875,"2015-01-19","Sitio Baybayon","1161",NA
10.63436561965,124.77637299105,"2015-01-19","Sitio Baybayon","1160",NA
10.633919450925,124.77646311745,"2015-01-19","Sitio Baybayon","1021",NA
10.633937555825,124.776584801725,"2015-01-19","Sitio Baybayon","1020",NA
10.633884100225,124.77642671905,"2015-01-19","Sitio Baybayon","1159",NA
10.633911550975,124.776627591325,"2015-01-19","Sitio Baybayon","1019",858
10.63391379315,124.776698208875,"2015-01-19","Sitio Baybayon","1158",NA
10.633880684625,124.7766439989,"2015-01-19","Sitio Baybayon","1018",7
10.633673002,124.776742507225,"2015-01-19","Sitio Baybayon","1157",NA
10.6336162775,124.7766535543,"2015-01-19","Sitio Baybayon","399",713
10.6335193198,124.776620257175,"2015-01-19","Sitio Baybayon","1156",687
10.633458299575,124.776669982825,"2015-01-19","Sitio Baybayon","1155",NA
10.6333329482,124.776652883725,"2015-01-19","Sitio Baybayon","1017",656
10.63328540185,124.776860880675,"2015-01-19","Sitio Baybayon","1016",513
10.63497106545,124.7763940715,"2015-01-19","Sitio Baybayon","1015",NA
10.63522252255,124.7759952396,"2015-01-19","Sitio Baybayon","577",499
10.63498963135,124.776421103125,"2015-01-19","Sitio Baybayon","1014",NA
10.635347182375,124.77597363525,"2015-01-19","Sitio Baybayon","1199",NA
10.635192201,124.7758699092,"2015-01-19","Sitio Baybayon","1198",NA
10.6349724275,124.776081845625,"2015-01-19","Sitio Baybayon","1010",356
10.6349121826,124.776208433325,"2015-01-19","Sitio Baybayon","1197",NA
10.634863064625,124.7763132071,"2015-01-19","Sitio Baybayon","565",355
10.634477140875,124.7765089455,"2015-01-19","Sitio Baybayon","549",353
10.634445080075,124.77654190735,"2015-01-19","Sitio Baybayon","1008",NA
10.63425059895,124.7767593339,"2015-01-19","Sitio Baybayon","541",765
10.63423773275,124.776742842525,"2015-01-19","Sitio Baybayon","327",1079
10.6345731765,124.77637934035,"2015-01-19","Sitio Baybayon","559",352
10.634519050375,124.7763750865,"2015-01-19","Sitio Baybayon","1192",1044
10.634523869975,124.776391473125,"2015-01-19","Sitio Baybayon","1153",940
10.6345267198,124.776421124125,"2015-01-19","Sitio Baybayon","554",788
10.6340231979,124.776379591775,"2015-01-19","Sitio Baybayon","1005",1038
10.633968652675,124.776714826025,"2015-01-19","Sitio Baybayon","1004",NA
10.63418721085,124.7763833427,"2015-01-19","Sitio Baybayon","1104",645
10.634076611575,124.7765018209,"2015-01-19","Sitio Baybayon","1125",453
10.6338267471,124.7766886116,"2015-01-19","Sitio Baybayon","1002",135
10.633995956725,124.776587169625,"2015-01-19","Sitio Baybayon","533",201
10.633836197675,124.776885502525,"2015-01-19","Sitio Baybayon","1001",221
10.6338210474,124.77685675255,"2015-01-19","Sitio Baybayon","410",348
10.870288261225,124.715271934425,"2015-01-15","Wangag","1150",NA
10.870195,124.7152815,"2015-01-15","Wangag","1226",439
10.87039275,124.7149985,"2015-01-15","Wangag","1100",NA
10.87003965395,124.7156289825,"2015-01-15","Wangag","1148",NA
10.870776025125,124.714883998975,"2015-01-15","Wangag","1191",NA
10.8708365,124.7146445,"2015-01-15","Wangag","1099",NA
10.86988523835,124.715809382025,"2015-01-15","Wangag","598",504
10.869844795675,124.715901373425,"2015-01-15","Wangag","596",502
10.869850998275,124.7159151407,"2015-01-15","Wangag","1072",21
10.8712018258,124.7145608766,"2015-01-15","Wangag","1188",NA
10.86961387425,124.7160571092,"2015-01-15","Wangag","1119",387
10.8695337223,124.71617958975,"2015-01-15","Wangag","1118",382
10.869466625175,124.716119994425,"2015-01-15","Wangag","241",1054
10.86160575,124.72136175,"2015-01-15","Magbangon","1097",NA
10.8616375504,124.721347431225,"2015-01-15","Magbangon","1186",NA
10.8615966048,124.72127000335,"2015-01-15","Magbangon","1185",570
10.8616235,124.721231,"2015-01-15","Magbangon","1093",NA
10.861860781425,124.7210781835,"2015-01-15","Magbangon","1184",573
10.861895126275,124.72103388515,"2015-01-15","Magbangon","1182",NA
10.8617755,124.72108425,"2015-01-15","Magbangon","1090",119
10.8618601947,124.721017288975,"2015-01-15","Magbangon","1181",NA
10.861887,124.7211485,"2015-01-15","Magbangon","1089",NA
10.859766227675,124.72271064295,"2015-01-15","Magbangon","1116",953
10.86185744965,124.720992834775,"2015-01-15","Magbangon","1180",NA
10.8619195,124.7210835,"2015-01-15","Magbangon","1086",NA
10.8619045,124.7210625,"2015-01-15","Magbangon","1085",NA
10.861871007375,124.7209259472,"2015-01-15","Magbangon","1178",NA
10.858318191025,124.72429463405,"2015-01-15","Magbangon","208",716
10.861945,124.72102725,"2015-01-15","Magbangon","925",NA
10.858364040025,124.724355863875,"2015-01-15","Magbangon","205",1030
10.858204490525,124.724932140675,"2015-01-15","Magbangon","1110",NA
10.858088526875,124.725099611075,"2015-01-15","Magbangon","1109",NA
10.857898173875,124.725016441675,"2015-01-15","Magbangon","1108",NA
10.86199075,124.7209445,"2015-01-15","Magbangon","922",NA
10.857485365125,124.72486087355,"2015-01-15","Magbangon","1107",NA
10.8574390132,124.7250688076,"2015-01-15","Magbangon","204",1077
10.8575314237,124.725128025775,"2015-01-15","Magbangon","201",538
10.871814982975,124.713834836175,"2015-01-14","Wangag","1064",442
10.871812070225,124.71379277995,"2015-01-14","Wangag","1063",632
10.871821520825,124.71368788045,"2015-01-14","Wangag","899",600
10.871819865425,124.713709275225,"2015-01-14","Wangag","898",NA
10.871764398175,124.713927728575,"2015-01-14","Wangag","1146",977
10.871670164625,124.714073322275,"2015-01-14","Wangag","648",804
10.871584920675,124.71395188945,"2015-01-14","Wangag","651",399
10.871678546525,124.7138653463,"2015-01-14","Wangag","656",919
10.87151375,124.71412175,"2015-01-14","Wangag","619",795
10.871686383625,124.7140852036,"2015-01-14","Wangag","646",212
10.8716046391,124.7138749226,"2015-01-14","Wangag","1145",NA
10.871632404175,124.71397374525,"2015-01-14","Wangag","645",456
10.8715776075,124.713856964375,"2015-01-14","Wangag","654",582
10.871574694725,124.713865409125,"2015-01-14","Wangag","655",346
10.87161505365,124.713969302825,"2015-01-14","Wangag","650",345
10.871612916225,124.71406330585,"2015-01-14","Wangag","895",NA
10.87164135185,124.7140684398,"2015-01-14","Wangag","897",344
10.871497958425,124.71384933685,"2015-01-14","Wangag","1144",342
10.871662453275,124.714087529575,"2015-01-14","Wangag","647",845
10.871467553075,124.713875027375,"2015-01-14","Wangag","670",848
10.8716561878,124.714132666125,"2015-01-14","Wangag","184",535
10.871545,124.7141425,"2015-01-14","Wangag","1105",973
10.871667482425,124.714152866525,"2015-01-14","Wangag","1082",770
10.871574506175,124.714013999325,"2015-01-14","Wangag","1061",NA
10.87148100605,124.71387272235,"2015-01-14","Wangag","1143",981
10.8715318423,124.714185053,"2015-01-14","Wangag","1081",NA
10.8714785124,124.71392580075,"2015-01-14","Wangag","641",624
10.8715502615,124.7140212916,"2015-01-14","Wangag","1060",NA
10.8714259998,124.71393919085,"2015-01-14","Wangag","640",623
10.87152225,124.71423525,"2015-01-14","Wangag","632",933
10.87138377595,124.713955367925,"2015-01-14","Wangag","669",392
10.871357687275,124.713961968675,"2015-01-14","Wangag","1142",NA
10.871371915575,124.714445541625,"2015-01-14","Wangag","896",NA
10.87136548245,124.7139802831,"2015-01-14","Wangag","637",648
10.871497916525,124.714264094375,"2015-01-14","Wangag","1080",465
10.871497916525,124.714264094375,"2015-01-14","Wangag","1080",154
10.871353475375,124.714001154075,"2015-01-14","Wangag","1141",338
10.871353475375,124.714001154075,"2015-01-14","Wangag","1140",NA
10.8714018599,124.7139894194,"2015-01-14","Wangag","1139",337
10.8714044583,124.713980974625,"2015-01-14","Wangag","1138",962
10.871424218625,124.71399078145,"2015-01-14","Wangag","1137",NA
10.871557428025,124.714235491125,"2015-01-14","Wangag","615",335
10.87141068185,124.71400838345,"2015-01-14","Wangag","1136",38
10.8715594816,124.714205630575,"2015-01-14","Wangag","1079",661
10.871445403925,124.714031035575,"2015-01-14","Wangag","624",1028
10.871437964975,124.714038285925,"2015-01-14","Wangag","668",402
10.8714033896,124.7140317061,"2015-01-14","Wangag","1135",NA
10.87137864205,124.714014921325,"2015-01-14","Wangag","639",1040
10.8713848237,124.71403826495,"2015-01-14","Wangag","1134",1042
10.8713868563,124.7140399413,"2015-01-14","Wangag","628",531
10.87141684255,124.714019363725,"2015-01-14","Wangag","1133",903
10.87141684255,124.714019363725,"2015-01-14","Wangag","526",476
10.8713396243,124.714038621175,"2015-01-14","Wangag","1132",332
10.871324976925,124.7141521331,"2015-01-14","Wangag","504",738
10.87134844625,124.714127553175,"2015-01-14","Wangag","673",1083
10.871361836325,124.71415403995,"2015-01-14","Wangag","170",750
10.869558,124.71615825,"2015-01-14","Wangag","1102",64
10.8698033262,124.71602016595,"2015-01-14","Wangag","1059",NA
10.87145384865,124.714133651,"2015-01-14","Wangag","894",37
10.869475,124.7162215,"2015-01-14","Wangag","240",255
10.87138109375,124.714184487225,"2015-01-14","Wangag","1131",328
10.87148169755,124.714108086175,"2015-01-14","Wangag","635",300
10.871488864075,124.7140876134,"2015-01-14","Wangag","637",648
10.8698084601,124.7160384385,"2015-01-14","Wangag","1058",36
10.871481802325,124.71410596975,"2015-01-14","Wangag","893",540
10.8694805,124.71631975,"2015-01-14","Wangag","1101",639
10.87139984825,124.71416906455,"2015-01-14","Wangag","174",326
10.8714954229,124.714163385825,"2015-01-14","Wangag","892",324
10.86947425,124.7163355,"2015-01-14","Wangag","1050",NA
10.871459380725,124.71415020525,"2015-01-14","Wangag","634",322
10.86944775,124.71637475,"2015-01-14","Wangag","590",320
10.86944775,124.71637475,"2015-01-14","Wangag","1049",319
10.871479979275,124.71420745365,"2015-01-14","Wangag","891",NA
10.869360342625,124.716418243475,"2015-01-14","Wangag","1057",NA
10.8714473946,124.7141870018,"2015-01-14","Wangag","1078",NA
10.871510740825,124.7142099263,"2015-01-14","Wangag","617",506
10.871397878525,124.714199993775,"2015-01-14","Wangag","1130",315
10.86926775,124.71632975,"2015-01-14","Wangag","1048",879
10.8715197933,124.714203367475,"2015-01-14","Wangag","890",673
10.86924675,124.71631825,"2015-01-14","Wangag","1047",313
10.871401629425,124.7141976678,"2015-01-14","Wangag","1129",380
10.86921725,124.71631825,"2015-01-14","Wangag","1046",NA
10.8692105,124.71632425,"2015-01-14","Wangag","1045",316
10.871414097475,124.714215940325,"2015-01-14","Wangag","1128",NA
10.8692816156,124.716364138325,"2015-01-14","Wangag","1056",1090
10.871453869625,124.7142345691,"2015-01-14","Wangag","1077",312
10.87140523365,124.7142148507,"2015-01-14","Wangag","608",427
10.8714951924,124.7142457799,"2015-01-14","Wangag","888",NA
10.86918375,124.716309,"2015-01-14","Wangag","1044",501
10.871481488025,124.714240394525,"2015-01-14","Wangag","611",581
10.871514009775,124.714251186225,"2015-01-14","Wangag","612",311
10.871428870575,124.714217113775,"2015-01-14","Wangag","1127",33
10.86917,124.71633875,"2015-01-14","Wangag","232",1056
10.86917,124.71633875,"2015-01-14","Wangag","1043",310
10.8715319051,124.714235260625,"2015-01-14","Wangag","613",1024
10.869321723025,124.716415582225,"2015-01-14","Wangag","1054",32
10.869312314325,124.716414262075,"2015-01-14","Wangag","588",1058
10.8714221022,124.7142721829,"2015-01-14","Wangag","1126",309
10.871427110375,124.714420249225,"2015-01-14","Wangag","630",1018
10.8690785,124.71634325,"2015-01-14","Wangag","227",1064
10.8690785,124.71634325,"2015-01-14","Wangag","1042",455
10.86900125,124.7164025,"2015-01-14","Wangag","1041",NA
10.8691437333,124.716338552525,"2015-01-14","Wangag","1055",349
10.871170666075,124.714361659725,"2015-01-14","Wangag","1076",NA
10.8689425,124.716457,"2015-01-14","Wangag","1040",700
10.869028649775,124.716435594025,"2015-01-14","Wangag","1053",NA
10.8689195,124.716431,"2015-01-14","Wangag","222",1070
10.869052538175,124.716461934125,"2015-01-14","Wangag","582",305
10.861135097225,124.721760679975,"2015-02-01","Magbangon","516",863
10.8688275,124.716457,"2015-01-14","Wangag","580",861
10.8688275,124.716457,"2015-01-14","Wangag","1039",685
10.869034600925,124.7164487117,"2015-01-14","Wangag","1052",1068
10.868816,124.7164475,"2015-01-14","Wangag","1038",NA
10.861028353675,124.72166925435,"2015-02-01","Magbangon","1366",NA
10.8687835,124.7164135,"2015-01-14","Wangag","1037",604
10.8687835,124.7164135,"2015-01-14","Wangag","1036",NA
10.868765,124.716402,"2015-01-14","Wangag","146",526
10.861069194525,124.7216822463,"2015-02-01","Magbangon","1299",NA
10.8687155,124.716459,"2015-01-14","Wangag","1035",NA
10.86880221265,124.71663571195,"2015-01-14","Wangag","1051",491
10.86869375,124.71658375,"2015-01-14","Wangag","1034",810
10.87413725,124.71085875,"2015-01-13","Palanas","973",NA
10.8741423441,124.710746356275,"2015-01-13","Palanas","493",774
10.861138680475,124.721737755475,"2015-02-01","Magbangon","515",663
10.874144355775,124.71077814465,"2015-01-13","Palanas","1033",756
10.87422025,124.71106175,"2015-01-13","Palanas","972",NA
10.874262,124.7110115,"2015-01-13","Palanas","971",803
10.874186286225,124.710845556125,"2015-01-13","Palanas","1032",869
10.8609869471,124.721539272,"2015-02-01","Magbangon","1297",NA
10.8742905,124.71088175,"2015-01-13","Palanas","730",949
10.874308,124.71086675,"2015-01-13","Palanas","970",436
10.873499431175,124.71212496985,"2015-01-13","Palanas","921",285
10.861148592075,124.7216205136,"2015-02-01","Magbangon","1345",NA
10.873492641825,124.712167759425,"2015-01-13","Palanas","889",283
10.8742559608,124.710822945925,"2015-01-13","Palanas","1031",282
10.8743395,124.710875,"2015-01-13","Palanas","969",251
10.873451214275,124.712154704625,"2015-01-13","Palanas","920",814
10.873402347775,124.712148397225,"2015-01-13","Palanas","887",482
10.86102979955,124.721526803925,"2015-02-01","Magbangon","1295",NA
10.873382042625,124.7122087679,"2015-01-13","Palanas","919",485
10.87463513715,124.710647827,"2015-01-13","Palanas","1030",1074
10.873087774975,124.7122402629,"2015-01-13","Palanas","415",548
10.87449775,124.710579,"2015-01-13","Palanas","968",459
10.872930760975,124.71200670115,"2015-01-13","Palanas","886",NA
10.873193365975,124.71218389455,"2015-01-13","Palanas","414",821
10.874285339375,124.71065317045,"2015-01-13","Palanas","1029",664
10.873057327675,124.7120592976,"2015-01-13","Palanas","270",1082
10.861131094875,124.721475548575,"2015-02-01","Magbangon","1292",NA
10.873200469675,124.712118264275,"2015-01-13","Palanas","918",15
10.874240684825,124.7106594569,"2015-01-13","Palanas","733",711
10.87440825,124.71064925,"2015-01-13","Palanas","967",273
10.8731437451,124.7121007042,"2015-01-13","Palanas","917",271
10.87323246755,124.712212225425,"2015-01-13","Palanas","885",NA
10.874453,124.710599,"2015-01-13","Palanas","966",266
10.87427303895,124.710686865725,"2015-01-13","Palanas","1028",991
10.87427303895,124.710686865725,"2015-01-13","Palanas","1027",938
10.87324152,124.7122005746,"2015-01-13","Palanas","884",169
10.873265177925,124.712210486175,"2015-01-13","Palanas","413",331
10.633383281525,124.77672507285,"2015-01-19","Sitio Baybayon","1154",416
10.873129474925,124.71206807765,"2015-01-13","Palanas","432",1048
10.63327882205,124.776795061775,"2015-01-19","Sitio Baybayon","1200",9
10.874341267625,124.710783949125,"2015-01-13","Palanas","728",518
10.873144667125,124.712038447625,"2015-01-13","Palanas","431",443
10.8732756134,124.71214917255,"2015-01-13","Palanas","883",649
10.635015657175,124.7764305328,"2015-01-19","Sitio Baybayon","1013",NA
10.8743348345,124.710794279825,"2015-01-13","Palanas","1026",260
10.8743348345,124.710794279825,"2015-01-13","Palanas","950",198
10.874358974375,124.710775420525,"2015-01-13","Palanas","727",405
10.8732492104,124.7120055696,"2015-01-13","Palanas","112",1039
10.63502196455,124.776356772075,"2015-01-19","Sitio Baybayon","1011",NA
10.873301115325,124.712131884875,"2015-01-13","Palanas","882",NA
10.874379195725,124.71071557375,"2015-01-13","Palanas","949",408
10.8743709605,124.710682821475,"2015-01-13","Palanas","948",288
10.6348977238,124.776222472975,"2015-01-19","Sitio Baybayon","1196",NA
10.874422,124.710647,"2015-01-13","Palanas","965",541
10.87434510235,124.7106466745,"2015-01-13","Palanas","726",433
10.6344754016,124.776351596225,"2015-01-19","Sitio Baybayon","1009",258
10.634809336625,124.77625891335,"2015-01-19","Sitio Baybayon","564",486
10.6347325165,124.776288564325,"2015-01-19","Sitio Baybayon","1194",NA
10.634561819025,124.776291979925,"2015-01-19","Sitio Baybayon","1193",NA
10.634580405925,124.776324501725,"2015-01-19","Sitio Baybayon","558",895
10.634229728025,124.776745713325,"2015-01-19","Sitio Baybayon","1007",853
10.634534095875,124.776400190325,"2015-01-19","Sitio Baybayon","555",1052
10.8744435,124.710728,"2015-01-13","Palanas","128",521
10.634020934825,124.77658687625,"2015-01-19","Sitio Baybayon","534",257
10.873449977975,124.7117680055,"2015-01-13","Palanas","881",1060
10.634175329475,124.776375400825,"2015-01-19","Sitio Baybayon","1152",256
10.87403501385,124.710502107625,"2015-01-13","Palanas","489",471
10.874031367725,124.710445739325,"2015-01-13","Palanas","490",472
10.634065777975,124.776506640475,"2015-01-19","Sitio Baybayon","537",254
10.874056,124.7104425,"2015-01-13","Palanas","488",823
10.633816164925,124.776571998375,"2015-01-19","Sitio Baybayon","1003",NA
10.8740313258,124.71043647735,"2015-01-13","Palanas","947",NA
10.63404976855,124.7765153367,"2015-01-19","Sitio Baybayon","535",429
10.6338618882,124.7767300182,"2015-01-19","Sitio Baybayon","530",626
10.87390475,124.71049375,"2015-01-13","Palanas","964",675
10.8738885,124.7105145,"2015-01-13","Palanas","487",690
10.87387475,124.71053375,"2015-01-13","Palanas","963",NA
10.8738773293,124.710447206175,"2015-01-13","Palanas","946",248
10.8730968693,124.7115728748,"2015-01-13","Palanas","880",244
10.86124924196,124.72156706638,"2015-01-22","Magbangon","1336",NA
10.873849208,124.7104828083,"2015-01-13","Palanas","486",643
10.87383325,124.71055475,"2015-01-13","Palanas","962",NA
10.8701429609,124.715433495575,"2015-01-15","Wangag","1149",NA
10.87310047355,124.711573231025,"2015-01-13","Palanas","916",NA
10.873103721525,124.7115869983,"2015-01-13","Palanas","915",653
10.87376117705,124.710683848225,"2015-01-13","Palanas","485",1014
10.8700255933,124.715695367225,"2015-01-15","Wangag","1075",NA
10.873065772475,124.7115818434,"2015-01-13","Palanas","914",NA
10.8737093769,124.710777180725,"2015-01-13","Palanas","945",1085
10.873826,124.7108365,"2015-01-13","Palanas","961",744
10.870980585475,124.7146720416,"2015-01-15","Wangag","1190",NA
10.87306772125,124.711616041575,"2015-01-13","Palanas","879",241
10.871070732825,124.714586169,"2015-01-15","Wangag","1189",NA
10.87297948075,124.711554853725,"2015-01-13","Palanas","913",239
10.869845256675,124.715922202475,"2015-01-15","Wangag","1071",586
10.87385475,124.710879,"2015-01-13","Palanas","960",87
10.873809540625,124.710893165325,"2015-01-13","Palanas","944",275
10.873809540625,124.710893165325,"2015-01-13","Palanas","944",41
10.872937026425,124.711612458325,"2015-01-13","Palanas","912",833
10.873111872925,124.71173806115,"2015-01-13","Palanas","878",236
10.8612477081,124.721504088975,"2015-01-22","Magbangon","1364",NA
10.87385756895,124.710913009475,"2015-01-13","Palanas","943",232
10.873870456125,124.710922397225,"2015-01-13","Palanas","942",761
10.861320064875,124.7216421808,"2015-01-22","Magbangon","524",231
10.873802,124.711004,"2015-01-13","Palanas","959",694
10.87290431605,124.7118417034,"2015-01-13","Palanas","429",440
10.872765302175,124.711793130275,"2015-01-13","Palanas","428",434
10.8736895,124.711073,"2015-01-13","Palanas","958",488
10.873706191775,124.7111687204,"2015-01-13","Palanas","941",771
10.872741329975,124.71180712805,"2015-01-13","Palanas","426",155
10.87284434355,124.71194098705,"2015-01-13","Palanas","423",797
10.8736605,124.71104925,"2015-01-13","Palanas","476",579
10.87286309805,124.711860374075,"2015-01-13","Palanas","425",181
10.87372306035,124.71105654955,"2015-01-13","Palanas","498",575
10.872864774425,124.711896940125,"2015-01-13","Palanas","424",911
10.873529312675,124.711023147675,"2015-01-13","Palanas","940",729
10.872932709775,124.7120124637,"2015-01-13","Palanas","877",NA
10.873544483925,124.711135486175,"2015-01-13","Palanas","478",461
10.8736,124.7111635,"2015-01-13","Palanas","957",229
10.872847926775,124.712230351275,"2015-01-13","Palanas","876",152
10.87287749395,124.71212291625,"2015-01-13","Palanas","911",836
10.873591988325,124.711218697475,"2015-01-13","Palanas","939",228
10.873598107125,124.7113056807,"2015-01-13","Palanas","938",227
10.872896646625,124.7121363692,"2015-01-13","Palanas","910",662
10.872875985225,124.7121724533,"2015-01-13","Palanas","359",377
10.86146704155,124.721493821125,"2015-01-22","Magbangon","1362",NA
10.87358364835,124.7113471711,"2015-01-13","Palanas","268",1051
10.87363975,124.7114605,"2015-01-13","Palanas","499",474
10.872916909875,124.7121757851,"2015-01-13","Palanas","875",852
10.8735413407,124.71149574035,"2015-01-13","Palanas","435",891
10.87353125,124.71162425,"2015-01-13","Palanas","434",394
10.872953874075,124.71217274665,"2015-01-13","Palanas","909",177
10.872953874075,124.71217274665,"2015-01-13","Palanas","420",437
10.87356175,124.7116705,"2015-01-13","Palanas","956",NA
10.861325848375,124.7215439449,"2015-01-22","Magbangon","1282",798
10.873024743025,124.712153887375,"2015-01-13","Palanas","874",799
10.8735319739,124.711714382275,"2015-01-13","Palanas","111",445
10.873092636475,124.7121510585,"2015-01-13","Palanas","417",969
10.8730389923,124.71216815755,"2015-01-13","Palanas","908",846
10.857669033575,124.724553991125,"2015-01-12","Cabatoan","937",NA
10.8618995,124.7211465,"2015-01-15","Magbangon","1088",777
10.858588423575,124.724417952825,"2015-01-15","Magbangon","209",545
10.855338131075,124.7270539985,"2015-01-12","Cabatoan","688",314
10.855360049775,124.726194350525,"2015-01-12","Cabatoan","930",220
10.855374529475,124.72617909545,"2015-01-12","Cabatoan","692",417
10.86198825,124.72093775,"2015-01-15","Magbangon","900",NA
10.861946360675,124.720891539475,"2015-01-15","Magbangon","1177",NA
10.855582,124.7260235,"2015-01-12","Cabatoan","691",929
10.85500224725,124.727128325,"2015-01-12","Cabatoan","385",414
10.8553741104,124.726155814725,"2015-01-12","Cabatoan","929",418
10.8615608699667,124.721398986867,"2015-01-22","Magbangon","1333",NA
10.855042019425,124.72713905385,"2015-01-12","Cabatoan","850",753
10.8550014929,124.72725210475,"2015-01-12","Cabatoan","905",984
10.861934626025,124.720888060975,"2015-01-15","Magbangon","1176",NA
10.855120704525,124.727198334875,"2015-01-12","Cabatoan","390",854
10.871847861,124.7137160646,"2015-01-14","Wangag","155",503
10.871765005875,124.71400042065,"2015-01-14","Wangag","1147",NA
10.85578725,124.72549825,"2015-01-12","Cabatoan","951",NA
10.8547831024,124.727626859675,"2015-01-12","Cabatoan","386",605
10.764072469925,124.7852605954,"2015-01-11","Poroc San Flower","928",364
10.76419092715,124.78526231365,"2015-01-11","Poroc San Flower","22",368
10.76379823495,124.785168687825,"2015-01-11","Poroc San Flower","377",134
10.7551185647,124.785092161025,"2015-01-11","Poroc Rose","901",NA
10.63521315575,124.77607798995,"2015-01-10","Sitio Baybayon","576",470
10.6350888731,124.77622037755,"2015-01-10","Sitio Baybayon","847",NA
10.63507661455,124.776141901975,"2015-01-10","Sitio Baybayon","573",494
10.6350330077,124.776185550725,"2015-01-10","Sitio Baybayon","567",956
10.6350114662333,124.776176456367,"2015-01-10","Sitio Baybayon","569",489
10.63509486615,124.776217842,"2015-01-10","Sitio Baybayon","571",493
10.6350034196,124.77619998855,"2015-01-10","Sitio Baybayon","846",NA
10.6349974894,124.776396502275,"2015-01-10","Sitio Baybayon","844",NA
10.63500673045,124.776390467325,"2015-01-10","Sitio Baybayon","843",NA
10.6349030463,124.7763978853,"2015-01-10","Sitio Baybayon","869",NA
10.63501416935,124.776507436775,"2015-01-10","Sitio Baybayon","841",NA
10.634884920425,124.77643489135,"2015-01-10","Sitio Baybayon","838",NA
10.6344731175,124.77673523595,"2015-01-10","Sitio Baybayon","545",238
10.634762167475,124.776297847275,"2015-01-10","Sitio Baybayon","775",595
10.63462826655,124.776384683775,"2015-01-10","Sitio Baybayon","560",213
10.634232514975,124.77676310575,"2015-01-10","Sitio Baybayon","540",444
10.63335409155,124.7768434882,"2015-01-09","Sitio Baybayon","799",280
10.633483885325,124.77688497865,"2015-01-09","Sitio Baybayon","456",126
10.633536733225,124.776781420225,"2015-01-09","Sitio Baybayon","794",211
10.6335436902,124.777090942975,"2015-01-08","Sitio Baybayon","751",NA
10.633321569775,124.7770947777,"2015-01-08","Sitio Baybayon","786",210
10.633107936,124.77705986705,"2015-01-08","Sitio Baybayon","463",276
10.6328427745,124.776892249925,"2015-01-08","Sitio Baybayon","742",NA
10.632942875375,124.776939293375,"2015-01-08","Sitio Baybayon","466",284
10.632950209525,124.77693170775,"2015-01-08","Sitio Baybayon","467",460
10.632892185825,124.77707355055,"2015-01-08","Sitio Baybayon","740",209
10.632864420775,124.7770471894,"2015-01-08","Sitio Baybayon","779",NA
10.6328864442,124.77706806035,"2015-01-08","Sitio Baybayon","739",NA
10.63282404095,124.776940173475,"2015-01-08","Sitio Baybayon","737",971
10.63280591505,124.776895267425,"2015-01-08","Sitio Baybayon","778",577
10.63284807605,124.7768697655,"2015-01-08","Sitio Baybayon","735",NA
10.743400705975,124.78688613975,"2015-01-07","Visca","801",333
10.743847566175,124.786535189475,"2015-01-07","Visca","776",261
10.63501932425,124.776075999225,"2015-06-14","Sitio Baybayon","1010",356
10.6348301866,124.776307360725,"2015-06-14","Sitio Baybayon","775",595
10.634610496925,124.7763546137,"2015-06-14","Sitio Baybayon","554",788
10.63444059575,124.776430323225,"2015-06-14","Sitio Baybayon","1025",358
10.6343597523,124.776754095225,"2015-06-14","Sitio Baybayon","542",206
10.6342377956,124.77671120085,"2015-06-14","Sitio Baybayon","2167",NA
10.634173632125,124.776384935225,"2015-06-14","Sitio Baybayon","1152",256
10.63412021845,124.7764486377,"2015-06-14","Sitio Baybayon","536",722
10.6340657361,124.776511418175,"2015-06-14","Sitio Baybayon","535",429
10.633941516275,124.776597332675,"2015-06-14","Sitio Baybayon","1019",858
10.6338459626,124.776513534575,"2015-06-13","Sitio Baybayon","2163",481
10.633826055575,124.776625914975,"2015-06-13","Sitio Baybayon","762",1007
10.633794434825,124.77686787955,"2015-06-13","Sitio Baybayon","2159",NA
10.633659549075,124.776812894275,"2015-06-13","Sitio Baybayon","402",143
10.6335134944,124.77659154915,"2015-06-13","Sitio Baybayon","1156",687
10.6333762617,124.776655251625,"2015-06-13","Sitio Baybayon","1017",656
10.63345056725,124.776713338225,"2015-06-13","Sitio Baybayon","1154",416
10.633312643025,124.776892187075,"2015-06-13","Sitio Baybayon","806",207
10.633178176375,124.77704934775,"2015-06-13","Sitio Baybayon","744",204
10.63270055455,124.7769176471,"2015-06-11","Sitio Baybayon","2157",841
10.632664680025,124.776733391925,"2015-06-11","Sitio Baybayon","2155",840
10.63263922,124.776725743425,"2015-06-11","Sitio Baybayon","2154",989
10.632543561525,124.77670026245,"2015-06-11","Sitio Baybayon","2150",446
10.65188222565,124.782931830275,"2015-06-11","Tamakin Dacot","2147",199
10.652070881325,124.78389308785,"2015-06-11","Tamakin Dacot","395",422
10.653480424075,124.783963894025,"2015-06-11","Tamakin Dacot","2145",NA
10.6411394966,124.782674736325,"2015-06-09","Haina","2143",NA
10.6409585313,124.782799019,"2015-06-09","Haina","2141",NA
10.64108893275,124.782946959625,"2015-06-09","Haina","2140",NA
10.640660198425,124.784038430075,"2015-06-09","Haina","447",1010
10.64071914415,124.7852452565,"2015-06-09","Haina","2138",NA
10.653845120675,124.78390222415,"2015-06-09","Tamakin Dacot","2135",532
10.652854337825,124.78345062815,"2015-06-09","Tamakin Dacot","451",782
10.7642398984,124.78529039305,"2015-06-08","Poroc San Flower","379",409
10.76455581235,124.78544828715,"2015-06-08","Poroc San Flower","902",366
10.75327804545,124.78442450055,"2015-06-08","Poroc Rose","2131",197
10.7550050318,124.785110957475,"2015-06-08","Poroc Rose","723",432
10.768515088125,124.78392835475,"2015-06-07","San Agustin","1309",375
10.768649471,124.783881353225,"2015-06-07","San Agustin","1310",277
10.7691155048,124.783714637175,"2015-06-07","San Agustin","1271",381
10.79846928595,124.76865082745,"2015-06-07","Elementary School","1303",243
10.79949663485,124.768321188175,"2015-06-07","Elementary School","1269",371
10.81165433395,124.76424777185,"2015-06-07","Hicgop South","1307",373
10.855044450125,124.727137524175,"2015-06-05","Cabatoan","850",753
10.8548739832,124.727544633225,"2015-06-05","Cabatoan","849",153
10.85482138675,124.727698273475,"2015-06-05","Cabatoan","2126",NA
10.8550022682,124.72766967025,"2015-06-05","Cabatoan","906",1019
10.855406841725,124.7270312626,"2015-06-05","Cabatoan","688",314
10.855338633975,124.726231461425,"2015-06-05","Cabatoan","692",417
10.86099706825,124.72193892115,"2015-06-04","Magbangon","1379",666
10.8609445975,124.721890473725,"2015-06-04","Magbangon","2122",NA
10.869730445575,124.7159468243,"2015-01-15","Wangag","1122",193
10.86091961945,124.721895251425,"2015-06-04","Magbangon","2119",NA
10.870846,124.714517,"2015-01-15","Wangag","1098",385
10.860950297225,124.72182966305,"2015-06-04","Magbangon","2116",NA
10.860931878,124.72180275715,"2015-06-04","Magbangon","1372",593
10.871201050475,124.714557104775,"2015-01-15","Wangag","1187",NA
10.860881984725,124.72173985095,"2015-06-04","Magbangon","511",192
10.8609618852,124.721685347625,"2015-06-04","Magbangon","2112",NA
10.861046186175,124.72161238315,"2015-06-04","Magbangon","1298",357
10.8612450678,124.721588809025,"2015-06-04","Magbangon","2107",NA
10.86960312445,124.715998917825,"2015-01-15","Wangag","1120",190
10.86135449355,124.72152980045,"2015-06-04","Magbangon","2105",NA
10.86960993475,124.716121733625,"2015-01-15","Wangag","1070",NA
10.861526532125,124.7214950365,"2015-06-04","Magbangon","2101",NA
10.861504592475,124.721442733425,"2015-06-04","Magbangon","2099",NA
10.86158805525,124.721356253125,"2015-06-04","Magbangon","2095",NA
10.861539817425,124.7214268078,"2015-06-04","Magbangon","1316",907
10.861282493,124.721463520525,"2015-06-02","Magbangon","1289",188
10.86147389375,124.721347179725,"2015-06-02","Magbangon","1273",870
10.861636796025,124.721382048425,"2015-06-02","Magbangon","2088",NA
10.8618408535,124.72123035695,"2015-06-02","Magbangon","2086",NA
10.861951599375,124.7210671613,"2015-06-02","Magbangon","2082",NA
10.8616035,124.721307,"2015-01-15","Magbangon","1095",NA
10.862013918825,124.72095069475,"2015-06-02","Magbangon","2079",NA
10.86948936105,124.71629519715,"2015-06-02","Wangag","1049",319
10.86936939505,124.716401395875,"2015-06-02","Wangag","2074",NA
10.861613,124.7212805,"2015-01-15","Magbangon","1094",NA
10.869365036475,124.716405544875,"2015-06-02","Wangag","2075",NA
10.8693118114,124.716331427925,"2015-06-02","Wangag","1047",313
10.869060857225,124.716329143825,"2015-06-02","Wangag","2071",NA
10.869159155975,124.716312966775,"2015-06-02","Wangag","585",187
10.8690605848,124.7164391354,"2015-06-02","Wangag","582",305
10.868857596075,124.7164270864,"2015-06-02","Wangag","2064",424
10.868720028075,124.71677606695,"2015-06-02","Wangag","2063",514
10.86177975,124.72120625,"2015-01-15","Magbangon","1092",185
10.869646437925,124.71590853995,"2015-06-01","Wangag","1120",190
10.869774178125,124.71589232095,"2015-06-01","Wangag","1122",193
10.870292997,124.7150019533,"2015-06-01","Wangag","2060",529
10.8707025158,124.71468744335,"2015-06-01","Wangag","602",184
10.87096868315,124.7144750459,"2015-06-01","Wangag","2057",787
10.871371727,124.71441624685,"2015-06-01","Wangag","2054",NA
10.87151786545,124.713892377925,"2015-06-01","Wangag","1144",342
10.8718583174,124.713815515875,"2015-06-01","Wangag","2049",NA
10.8618531539,124.721112884575,"2015-01-15","Magbangon","1183",183
10.871834114675,124.71384661275,"2015-06-01","Wangag","1064",442
10.871653987575,124.714071687775,"2015-06-01","Wangag","897",344
10.8617575,124.72108575,"2015-01-15","Magbangon","1091",186
10.871561556125,124.7142280103,"2015-06-01","Wangag","2045",NA
10.871479057225,124.7142594843,"2015-06-01","Wangag","1077",312
10.871396705025,124.7139447229,"2015-05-31","Wangag","1141",338
10.87147618645,124.714125876775,"2015-05-31","Wangag","635",300
10.87138392265,124.71416057785,"2015-05-31","Wangag","1131",328
10.87135326585,124.71420879475,"2015-05-31","Wangag","2035",182
10.87143042125,124.7142065945,"2015-05-31","Wangag","2034",293
10.87141156195,124.714205379125,"2015-05-31","Wangag","2033",NA
10.87144450285,124.714296679025,"2015-05-31","Wangag","1126",309
10.871589740275,124.71424950985,"2015-05-31","Wangag","2032",NA
10.871545483825,124.714123005975,"2015-05-31","Wangag","2031",641
10.8715479984,124.71412371845,"2015-05-31","Wangag","1105",973
10.871459632175,124.71398388735,"2015-05-31","Wangag","1133",903
10.871405988,124.713949647275,"2015-05-31","Wangag","2030",NA
10.871405988,124.713949647275,"2015-05-31","Wangag","2029",616
10.871370993525,124.71402204595,"2015-05-31","Wangag","2027",NA
10.8713691286,124.71404140815,"2015-05-31","Wangag","2026",1086
10.8713691286,124.71404140815,"2015-05-31","Wangag","672",332
10.87139039765,124.7140462068,"2015-05-31","Wangag","1134",1042
10.859664995225,124.722740838775,"2015-01-15","Magbangon","1117",NA
10.871399471075,124.714017037775,"2015-05-31","Wangag","626",176
10.871399471075,124.714017037775,"2015-05-31","Wangag","2025",124
10.8714124211,124.714009892175,"2015-05-31","Wangag","827",174
10.871405527,124.71395859495,"2015-05-31","Wangag","1063",632
10.8714140137,124.713977621875,"2015-05-31","Wangag","2024",173
10.871428765825,124.713979675425,"2015-05-31","Wangag","1138",962
10.8714168216,124.713981163225,"2015-05-31","Wangag","1139",337
10.87311459705,124.711775779725,"2015-05-31","Palanas","878",236
10.859732616225,124.722681452975,"2015-01-15","Magbangon","1115",NA
10.87309531865,124.711760357025,"2015-05-31","Palanas","2023",NA
10.8735160483,124.711774103325,"2015-05-30","Palanas","881",1060
10.873515377725,124.71206357235,"2015-05-30","Palanas","921",285
10.87343359135,124.71211166355,"2015-05-30","Palanas","887",482
10.873433675125,124.7121404973,"2015-05-30","Palanas","919",485
10.873472441425,124.712093537675,"2015-05-30","Palanas","920",814
10.873328188925,124.712120799825,"2015-05-30","Palanas","883",649
10.873286908025,124.71217033685,"2015-05-30","Palanas","413",331
10.873272072075,124.712172453275,"2015-05-30","Palanas","2021",169
10.87322289125,124.7122078668,"2015-05-30","Palanas","414",821
10.87321134515,124.712210088075,"2015-05-30","Palanas","280",1046
10.873097372225,124.7122273338,"2015-05-30","Palanas","415",548
10.873045383475,124.712185466175,"2015-05-30","Palanas","417",969
10.873032726825,124.71217301905,"2015-05-30","Palanas","908",846
10.8729482163,124.71218529855,"2015-05-30","Palanas","909",177
10.8729199064,124.712266079175,"2015-05-30","Palanas","2019",NA
10.872843631075,124.7122635017,"2015-05-30","Palanas","876",152
10.8728928538,124.71219856295,"2015-05-30","Palanas","875",852
10.87287500035,124.712196362675,"2015-05-30","Palanas","419",177
10.859554102625,124.722869961975,"2015-01-15","Magbangon","1114",18
10.8728837385,124.712178593025,"2015-05-30","Palanas","911",836
10.872767250975,124.71183740765,"2015-05-30","Palanas","426",155
10.8727668319,124.711836066575,"2015-05-30","Palanas","363",434
10.8727712743,124.711864083075,"2015-05-30","Palanas","427",306
10.872820643725,124.711889585025,"2015-05-30","Palanas","425",181
10.87292072365,124.711887133325,"2015-05-30","Palanas","2018",492
10.8729796065,124.71158238825,"2015-05-30","Palanas","913",239
10.873075914575,124.711607366325,"2015-05-30","Palanas","880",244
10.87305961175,124.71162603705,"2015-05-30","Palanas","879",241
10.8730946481,124.71162607895,"2015-05-30","Palanas","915",653
10.873108394425,124.711624612125,"2015-05-30","Palanas","416",846
10.873105628425,124.711664509975,"2015-05-30","Palanas","2017",NA
10.861863065525,124.7209146316,"2015-01-15","Magbangon","1179",NA
10.873590291,124.71164812335,"2015-05-30","Palanas","434",394
10.87366071995,124.711340738,"2015-05-30","Palanas","938",227
10.873641525375,124.7114618984,"2015-05-30","Palanas","435",891
10.87373393585,124.711310646975,"2015-05-30","Palanas","108",671
10.87375289995,124.711275380125,"2015-05-30","Palanas","2016",NA
10.87379824605,124.711179197775,"2015-05-30","Palanas","958",488
10.86193275,124.72103975,"2015-01-15","Magbangon","1084",NA
10.873802583675,124.711073816275,"2015-05-30","Palanas","498",575
10.873855641125,124.710914769675,"2015-05-30","Palanas","943",232
10.874345207125,124.7106206068,"2015-05-30","Palanas","1029",664
10.873569629625,124.711171633125,"2015-05-29","Palanas","939",228
10.873544944925,124.711117548875,"2015-05-29","Palanas","478",461
10.87350634625,124.710972981975,"2015-05-29","Palanas","479",304
10.8735332731333,124.710977152,"2015-05-29","Palanas","480",462
10.8738658461,124.71072066575,"2015-05-29","Palanas","2014",647
10.87403968675,124.710770118975,"2015-05-29","Palanas","2012",864
10.8740709163,124.7107411735,"2015-05-29","Palanas","2011",757
10.8744114451,124.7107446799,"2015-05-29","Palanas","949",408
10.8743334515,124.710785499775,"2015-05-29","Palanas","1026",260
10.8743138588,124.710713122025,"2015-05-29","Palanas","2010",747
10.874385461225,124.7107248567,"2015-05-29","Palanas","726",433
10.85821337535,124.72437009215,"2015-01-15","Magbangon","1112",NA
10.87414217645,124.710793357825,"2015-05-29","Palanas","2005",165
10.87423829595,124.710830238175,"2015-05-29","Palanas","1031",282
10.874248459,124.71081810535,"2015-05-29","Palanas","2009",NA
10.87429624424,124.7108556144,"2015-05-29","Palanas","969",251
10.87429541865,124.710887025575,"2015-05-29","Palanas","970",436
10.87429541865,124.710887025575,"2015-05-29","Palanas","730",949
10.873872258225,124.71097744535,"2015-05-29","Palanas","959",694
10.8738513873,124.710931261075,"2015-05-29","Palanas","942",761
10.87384509668,124.7109116055,"2015-05-29","Palanas","943",232
10.87379680015,124.710921705675,"2015-05-29","Palanas","944",275
10.87379680015,124.710921705675,"2015-05-29","Palanas","944",41
10.87377827615,124.7109159641,"2015-05-29","Palanas","2008",588
10.873695001925,124.710763057225,"2015-05-29","Palanas","257",1085
10.87382802275,124.71046736465,"2015-05-29","Palanas","2007",200
10.874023719225,124.710646905,"2015-05-29","Palanas","2006",161
10.855119531025,124.7267872654,"2015-01-12","Cabatoan","384",412
10.874110974825,124.710736821875,"2015-05-29","Palanas","2004",705
10.874425400975,124.710578634425,"2015-05-29","Palanas","965",541
10.87451943756,124.71059641242,"2015-05-29","Palanas","132",459
10.728110522025,124.793397181225,"2015-05-28","Gabas","1339",505
10.7434153324,124.78691315045,"2015-05-28","Visca","801",333
10.6350825657,124.776234982975,"2015-01-10","Sitio Baybayon","570",567
10.6351115671,124.77607669075,"2015-01-10","Sitio Baybayon","574",914
10.6350336154,124.7763477196,"2015-01-10","Sitio Baybayon","845",654
10.63498787115,124.776346043225,"2015-01-10","Sitio Baybayon","870",NA
10.63506517325,124.7763922275,"2015-01-10","Sitio Baybayon","842",NA
10.634902983425,124.776408551275,"2015-01-10","Sitio Baybayon","868",NA
10.634879074075,124.77645672625,"2015-01-10","Sitio Baybayon","836",NA
10.634914152325,124.7764466051,"2015-01-10","Sitio Baybayon","837",NA
10.63443539895,124.776597186,"2015-01-10","Sitio Baybayon","547",219
10.6342555862,124.7767107398,"2015-01-10","Sitio Baybayon","767",NA
10.634182307425,124.7767496109,"2015-01-10","Sitio Baybayon","853",463
10.63346127515,124.7767450218,"2015-01-09","Sitio Baybayon","796",NA
10.6333462754,124.77680442855,"2015-01-09","Sitio Baybayon","798",776
10.633477221675,124.7768376628,"2015-01-09","Sitio Baybayon","827",174
10.633189994875,124.77708677295,"2015-01-08","Sitio Baybayon","462",275
10.6329742447,124.776958047875,"2015-01-08","Sitio Baybayon","780",NA
10.63300165345,124.77697361725,"2015-01-08","Sitio Baybayon","741",77
10.632887827225,124.77703377835,"2015-01-08","Sitio Baybayon","738",142
10.6328686327,124.776953815,"2015-01-08","Sitio Baybayon","468",876
10.63283127035,124.77691096255,"2015-01-08","Sitio Baybayon","777",965
10.632911527075,124.776883176525,"2015-01-08","Sitio Baybayon","781",790
10.861498725125,124.721422889275,"2015-01-22","Magbangon","1361",NA
10.87141564815,124.714196641,"2015-05-31","Wangag","1129",380
10.632787412025,124.776781650725,"2015-01-08","Sitio Baybayon","782",240
10.8714411501,124.714041994875,"2015-05-31","Wangag","2039",990
10.871465352825,124.713876137975,"2015-05-31","Wangag","620",973
10.633076964875,124.777046770325,"2015-01-08","Sitio Baybayon","745",NA
10.871526561675,124.71422390315,"2015-06-01","Wangag","2044",133
10.63306688565,124.777068584225,"2015-01-08","Sitio Baybayon","783",NA
10.871651933975,124.714100940625,"2015-06-01","Wangag","2046",NA
10.63298545545,124.7770166793,"2015-01-08","Sitio Baybayon","746",NA
10.8718620264,124.713969826675,"2015-06-01","Wangag","2048",NA
10.8718888066,124.713823855875,"2015-06-01","Wangag","2050",NA
10.87186540015,124.713713885275,"2015-06-01","Wangag","899",600
10.633184420875,124.777082351525,"2015-01-08","Sitio Baybayon","785",NA
10.87154912995,124.713993966575,"2015-06-01","Wangag","2052",NA
10.87162968005,124.71398183375,"2015-06-01","Wangag","650",345
10.8712430438,124.71432565945,"2015-06-01","Wangag","2055",NA
10.870859320275,124.71449147445,"2015-06-01","Wangag","2058",NA
10.8705141954,124.714723632225,"2015-06-01","Wangag","1090",119
10.87027032395,124.71508206335,"2015-06-01","Wangag","600",196
10.86969783995,124.7159065283,"2015-06-01","Wangag","1121",856
10.86966458475,124.715890099775,"2015-06-01","Wangag","2061",1013
10.63340308375,124.777025228825,"2015-01-08","Sitio Baybayon","750",737
10.63338831065,124.77704249555,"2015-01-08","Sitio Baybayon","461",268
10.868848836975,124.716653879725,"2015-06-02","Wangag","1051",491
10.633373977625,124.777023803925,"2015-01-08","Sitio Baybayon","749",5
10.86138898505,124.7215248132,"2015-01-22","Magbangon","1321",NA
10.8687527175,124.71654382535,"2015-06-02","Wangag","1034",810
10.8688206738,124.716476707275,"2015-06-02","Wangag","148",862
10.86884263435,124.716475931925,"2015-06-02","Wangag","1037",604
10.86899288,124.71646744525,"2015-06-02","Wangag","2065",NA
10.869075316,124.716436998,"2015-06-02","Wangag","2066",NA
10.869143418975,124.7163417586,"2015-06-02","Wangag","1042",455
10.869125565525,124.716334487325,"2015-06-02","Wangag","2067",31
10.869225875975,124.716368685475,"2015-06-02","Wangag","2069",116
10.8691970422,124.716346054325,"2015-06-02","Wangag","2070",NA
10.869076657125,124.7163202171,"2015-06-02","Wangag","2072",726
10.8692420111,124.71631319725,"2015-06-02","Wangag","1043",310
10.869268204575,124.7163027199,"2015-06-02","Wangag","1045",316
10.63351336865,124.7770874016,"2015-01-08","Sitio Baybayon","787",NA
10.86932966485,124.716344734175,"2015-06-02","Wangag","1056",1090
10.869356570775,124.7163987346,"2015-06-02","Wangag","586",501
10.86948936105,124.71629519715,"2015-06-02","Wangag","2076",960
10.861898667625,124.7209187178,"2015-06-02","Magbangon","2077",NA
10.63362616815,124.7770307609,"2015-01-08","Sitio Baybayon","788",NA
10.86196628865,124.720949458425,"2015-06-02","Magbangon","2078",NA
10.633654163675,124.77700178045,"2015-01-08","Sitio Baybayon","752",203
10.861996337775,124.7209737869,"2015-06-02","Magbangon","2080",NA
10.8619777509,124.72103753125,"2015-06-02","Magbangon","2081",NA
10.861873480025,124.72116965105,"2015-06-02","Magbangon","2084",NA
10.63368733505,124.77696163115,"2015-01-08","Sitio Baybayon","790",NA
10.8618217218,124.7211692948,"2015-06-02","Magbangon","2085",NA
10.8617942501,124.72121455705,"2015-06-02","Magbangon","2087",546
10.861801395675,124.721240121875,"2015-06-02","Magbangon","1092",185
10.86161307525,124.7212770651,"2015-06-02","Magbangon","1185",570
10.86134887765,124.721599076875,"2015-01-22","Magbangon","1322",NA
10.86150710705,124.721317717325,"2015-06-02","Magbangon","1272",383
10.633663132325,124.776896399,"2015-01-08","Sitio Baybayon","791",NA
10.861609,124.721331,"2015-01-15","Magbangon","1096",NA
10.86157791315,124.72142643065,"2015-06-02","Magbangon","1313",388
10.633675642325,124.77688625685,"2015-01-08","Sitio Baybayon","792",NA
10.861426682675,124.72140428145,"2015-06-02","Magbangon","2090",NA
10.8613934065,124.721418719275,"2015-06-02","Magbangon","2091",NA
10.633695800825,124.776831984075,"2015-01-08","Sitio Baybayon","753",NA
10.63366493445,124.77688177255,"2015-01-08","Sitio Baybayon","754",NA
10.861521817275,124.72144925035,"2015-06-04","Magbangon","2093",NA
10.86154622955,124.7214945755,"2015-06-04","Magbangon","2094",NA
10.8615812659,124.721381650325,"2015-06-04","Magbangon","1357",111
10.652149440725,124.78431092575,"2015-01-09","Tamakin Dacot","755",110
10.869562535075,124.7161023086,"2015-01-15","Wangag","1068",NA
10.8612939762,124.72166240215,"2015-01-22","Magbangon","1335",NA
10.8615361084,124.721454111875,"2015-06-04","Magbangon","2098",NA
10.861504592475,124.721442733425,"2015-06-04","Magbangon","2100",NA
10.652059335275,124.784199823625,"2015-01-09","Tamakin Dacot","793",1023
10.861432005175,124.721509495275,"2015-06-04","Magbangon","2102",12
10.65316970695,124.783922194025,"2015-01-09","Tamakin Dacot","392",759
10.861362121075,124.72149371635,"2015-06-04","Magbangon","2104",NA
10.86128875845,124.721589752,"2015-06-04","Magbangon","1324",396
10.861337520175,124.721617035125,"2015-06-04","Magbangon","1341",107
10.861329515475,124.7216084227,"2015-06-04","Magbangon","2106",NA
10.651925979175,124.7838350432,"2015-01-09","Tamakin Dacot","756",106
10.65286617725,124.78349264245,"2015-01-09","Tamakin Dacot","452",574
10.8611126756,124.721616071175,"2015-06-04","Magbangon","2109",NA
10.6520057749,124.783776013625,"2015-01-09","Tamakin Dacot","395",422
10.652879,124.783433,"2015-01-09","Tamakin Dacot","74",603
10.86112151855,124.72159668805,"2015-06-04","Magbangon","2110",NA
10.86104800925,124.72172857725,"2015-06-04","Magbangon","2111",NA
10.861029946275,124.721679249775,"2015-06-04","Magbangon","1347",665
10.652242584625,124.7836305038,"2015-01-09","Tamakin Dacot","757",105
10.860937745325,124.721703263925,"2015-06-04","Magbangon","2113",NA
10.86096653715,124.7217609943,"2015-06-04","Magbangon","2114",NA
10.8609064808,124.721769292375,"2015-06-04","Magbangon","2115",NA
10.8608534653,124.721937831475,"2015-06-04","Magbangon","2118",NA
10.860900823025,124.721913964025,"2015-06-04","Magbangon","2120",NA
10.860922406425,124.7218772932,"2015-06-04","Magbangon","682",889
10.86093282095,124.721880750725,"2015-06-04","Magbangon","2121",930
10.8610367356,124.7218879592,"2015-06-04","Magbangon","2123",NA
10.86094350785,124.721937370475,"2015-06-04","Magbangon","1381",900
10.8554865117,124.72615625475,"2015-06-05","Cabatoan","691",929
10.85536365395,124.726219936275,"2015-06-05","Cabatoan","929",418
10.855364114975,124.726633478425,"2015-06-05","Cabatoan","2124",NA
10.855407658975,124.72706870875,"2015-06-05","Cabatoan","2125",NA
10.855204523575,124.727256714825,"2015-06-05","Cabatoan","873",988
10.85503940005,124.727658773775,"2015-06-05","Cabatoan","389",1003
10.8548143669,124.72775053465,"2015-06-05","Cabatoan","904",1045
10.85511290935,124.727381835675,"2015-06-05","Cabatoan","2127",102
10.8550750441,124.7272854438,"2015-06-05","Cabatoan","905",984
10.8121058671,124.764270319125,"2015-06-07","Hicgop South","1305",372
10.8108481206,124.764681451475,"2015-06-07","Hicgop South","2128",NA
10.809235861525,124.765294252425,"2015-06-07","Hicgop South","698",998
10.809186073025,124.765403720075,"2015-06-07","Hicgop South","697",423
10.798912730525,124.76864397525,"2015-06-07","Elementary School","1304",683
10.79875066645,124.768601080875,"2015-06-07","Elementary School","703",101
10.79853120725,124.7686406225,"2015-06-07","Elementary School","701",370
10.7984168082333,124.7686662432,"2015-06-07","Elementary School","702",686
10.76915286715,124.78360255015,"2015-06-07","San Agustin","1270",935
10.76887995235,124.783635051,"2015-06-07","San Agustin","711",961
10.768691883425,124.783877434675,"2015-06-07","San Agustin","1311",917
10.76863453025,124.7839002125,"2015-06-07","San Agustin","1327",379
10.768618604625,124.783899332425,"2015-06-07","San Agustin","709",149
10.76851035235,124.783993000175,"2015-06-07","San Agustin","1331",403
10.7682084362,124.7841813625,"2015-06-07","San Agustin","2129",941
10.755131179475,124.785088431075,"2015-06-08","Poroc Rose","2130",898
10.753286175925,124.784420288625,"2015-06-08","Poroc Rose","927",1049
10.76440078905,124.785322118525,"2015-06-08","Poroc San Flower","381",410
10.7643459714,124.78529058165,"2015-06-08","Poroc San Flower","2132",113
10.7642065594,124.785292530425,"2015-06-08","Poroc San Flower","848",100
10.764185520825,124.7853051871,"2015-06-08","Poroc San Flower","380",634
10.76399889775,124.78521619225,"2015-06-08","Poroc San Flower","928",364
10.653731378275,124.783875863075,"2015-06-09","Tamakin Dacot","2133",NA
10.65383175155,124.7838916001,"2015-06-09","Tamakin Dacot","2134",NA
10.65392676045,124.783945055675,"2015-06-09","Tamakin Dacot","2136",684
10.653391995,124.784391035775,"2015-06-09","Tamakin Dacot","2137",NA
10.640669732825,124.7841119184,"2015-06-09","Haina","2139",NA
10.640861992725,124.7835442121,"2015-06-09","Haina","445",557
10.641096015425,124.782976002875,"2015-06-09","Haina","1204",367
10.641086124825,124.782651602275,"2015-06-09","Haina","2142",NA
10.633493168275,124.776852792125,"2015-01-09","Sitio Baybayon","828",NA
10.633439628875,124.7768730973,"2015-01-09","Sitio Baybayon","829",NA
10.65278049325,124.78370434835,"2015-06-11","Tamakin Dacot","1399",950
10.65230079695,124.783654999925,"2015-06-11","Tamakin Dacot","757",105
10.652058036075,124.78392598685,"2015-06-11","Tamakin Dacot","2146",NA
10.652062080325,124.783839967575,"2015-06-11","Tamakin Dacot","756",106
10.632444696975,124.776856082025,"2015-06-11","Sitio Baybayon","2148",533
10.632696426475,124.776701917875,"2015-06-11","Sitio Baybayon","2153",98
10.63272691565,124.77670768045,"2015-06-11","Sitio Baybayon","2156",438
10.63268263825,124.776897781975,"2015-06-11","Sitio Baybayon","803",NA
10.6328781252,124.7769177938,"2015-06-13","Sitio Baybayon","468",876
10.633133312225,124.777095636825,"2015-06-13","Sitio Baybayon","464",904
10.633170800325,124.77703916375,"2015-06-13","Sitio Baybayon","2161",121
10.63320036745,124.77697506315,"2015-06-13","Sitio Baybayon","807",6
10.63341486035,124.776827688325,"2015-06-13","Sitio Baybayon","798",776
10.633555236275,124.7767642164,"2015-06-13","Sitio Baybayon","406",428
10.633614286775,124.776807676525,"2015-06-13","Sitio Baybayon","403",825
10.633822074175,124.776921481825,"2015-01-09","Sitio Baybayon","816",NA
10.633734588025,124.77691104635,"2015-06-13","Sitio Baybayon","832",959
10.633834206975,124.776906163875,"2015-06-13","Sitio Baybayon","814",97
10.6338834297,124.7766915872,"2015-06-13","Sitio Baybayon","2162",617
10.6338459626,124.776513534575,"2015-06-13","Sitio Baybayon","763",NA
10.63394765605,124.7765714326,"2015-06-14","Sitio Baybayon","766",NA
10.633952538475,124.7765854932,"2015-06-14","Sitio Baybayon","1151",721
10.634017267725,124.776551504625,"2015-06-14","Sitio Baybayon","769",490
10.634074055125,124.776493439,"2015-06-14","Sitio Baybayon","537",254
10.634075102875,124.776489059425,"2015-06-14","Sitio Baybayon","1125",453
10.63404291635,124.77639780145,"2015-06-14","Sitio Baybayon","1005",1038
10.63427821735,124.776665729,"2015-06-14","Sitio Baybayon","2165",NA
10.634248314875,124.77674028605,"2015-01-10","Sitio Baybayon","541",765
10.634215981675,124.776786617,"2015-06-14","Sitio Baybayon","853",463
10.63427677145,124.7767812945,"2015-06-14","Sitio Baybayon","540",444
10.63433072995,124.77674657245,"2015-06-14","Sitio Baybayon","2169",NA
10.63444212545,124.776483695025,"2015-06-14","Sitio Baybayon","550",1002
10.634432905325,124.776414900575,"2015-06-14","Sitio Baybayon","764",NA
10.634578163725,124.776389272875,"2015-06-14","Sitio Baybayon","1153",940
10.63462309075,124.77635608055,"2015-06-14","Sitio Baybayon","559",352
10.6347358902,124.77625145345,"2015-06-14","Sitio Baybayon","562",350
10.6347751594,124.77617304075,"2015-06-14","Sitio Baybayon","563",714
10.635195742375,124.776026566975,"2015-06-14","Sitio Baybayon","577",499
10.6342290365,124.776736262725,"2015-01-10","Sitio Baybayon","856",NA
10.6345664081,124.776486943025,"2015-01-10","Sitio Baybayon","773",NA
10.63430137235,124.77673884015,"2015-01-10","Sitio Baybayon","542",206
10.6343820272,124.776734230125,"2015-01-10","Sitio Baybayon","858",NA
10.63429192175,124.77673263755,"2015-01-10","Sitio Baybayon","857",NA
10.861154648025,124.7217215155,"2015-02-01","Magbangon","1344",NA
10.634747101,124.776305160475,"2015-01-10","Sitio Baybayon","774",NA
10.8611642872,124.721671643225,"2015-02-01","Magbangon","517",162
10.63444013475,124.7767054173,"2015-01-10","Sitio Baybayon","859",NA
10.63482465455,124.776441408325,"2015-01-10","Sitio Baybayon","820",NA
10.634445457275,124.7766969516,"2015-01-10","Sitio Baybayon","543",172
10.6344790477,124.776674697625,"2015-01-10","Sitio Baybayon","860",927
10.634600082425,124.7765197372,"2015-01-10","Sitio Baybayon","821",NA
10.63450381625,124.77667876285,"2015-01-10","Sitio Baybayon","544",401
10.63454069665,124.7766718478,"2015-01-10","Sitio Baybayon","546",321
10.634560456975,124.77668590845,"2015-01-10","Sitio Baybayon","822",NA
10.634584722575,124.776712018075,"2015-01-10","Sitio Baybayon","861",NA
10.634521229675,124.7766804602,"2015-01-10","Sitio Baybayon","823",NA
10.634614017325,124.7767128772,"2015-01-10","Sitio Baybayon","833",NA
10.634576571175,124.776703363775,"2015-01-10","Sitio Baybayon","862",NA
10.634810971125,124.776582811025,"2015-01-10","Sitio Baybayon","863",NA
10.6348220352,124.776537653525,"2015-01-10","Sitio Baybayon","834",NA
10.871397061275,124.7142015444,"2015-05-31","Wangag","1130",315
10.861069194525,124.7216822463,"2015-02-01","Magbangon","513",88
10.8713395195,124.714159278675,"2015-05-31","Wangag","604",291
10.87141564815,124.714196641,"2015-05-31","Wangag","2037",550
10.632805621725,124.776795124625,"2015-01-08","Sitio Baybayon","743",905
10.8714842331,124.714125688175,"2015-05-31","Wangag","2038",673
10.634806591575,124.7764934809,"2015-01-10","Sitio Baybayon","864",NA
10.6348720123,124.776467350325,"2015-01-10","Sitio Baybayon","835",NA
10.6331577036,124.777038828475,"2015-01-08","Sitio Baybayon","744",204
10.871415878625,124.7140402347,"2015-05-31","Wangag","2041",884
10.87141516615,124.71395637375,"2015-05-31","Wangag","2042",393
10.634828154,124.7764694458,"2015-01-10","Sitio Baybayon","865",NA
10.861388775525,124.721556392,"2015-01-22","Magbangon","1319",12
10.871528217125,124.714252590225,"2015-06-01","Wangag","890",673
10.871700339475,124.714154396225,"2015-06-01","Wangag","1082",770
10.63310848085,124.777089015125,"2015-01-08","Sitio Baybayon","464",904
10.87165172445,124.71409425605,"2015-06-01","Wangag","2047",629
10.634838631375,124.77645852835,"2015-01-10","Sitio Baybayon","866",NA
10.6329771783,124.7771263984,"2015-01-08","Sitio Baybayon","784",NA
10.871899053475,124.713911467675,"2015-06-01","Wangag","665",553
10.87182179325,124.713829702225,"2015-06-01","Wangag","1063",632
10.871688856275,124.7137863678,"2015-06-01","Wangag","2031",641
10.861059366725,124.721728242025,"2015-02-01","Magbangon","1347",665
10.87165811565,124.713959454075,"2015-06-01","Wangag","2053",NA
10.633224109175,124.777055131275,"2015-01-08","Sitio Baybayon","747",628
10.871002043125,124.71439179265,"2015-06-01","Wangag","2056",NA
10.634958785975,124.77645890555,"2015-01-10","Sitio Baybayon","840",NA
10.63482239145,124.776453541125,"2015-01-10","Sitio Baybayon","867",NA
10.8708244725,124.71450308335,"2015-06-01","Wangag","1098",385
10.63493850175,124.776468754275,"2015-01-10","Sitio Baybayon","839",136
10.63334784705,124.77705328725,"2015-01-08","Sitio Baybayon","748",NA
10.87390073575,124.710483897925,"2015-05-29","Palanas","946",248
10.6344678998,124.776588091625,"2015-01-10","Sitio Baybayon","772",NA
10.873900547175,124.710511243875,"2015-05-29","Palanas","487",690
10.8741689357,124.71075123875,"2015-05-29","Palanas","2005",165
10.86143257095,124.721477141125,"2015-01-22","Magbangon","1279",NA
10.8741245046,124.7107528802,"2015-05-29","Palanas","1033",756
10.634194104925,124.776761261725,"2015-01-10","Sitio Baybayon","539",816
10.8741020690667,124.710704656333,"2015-05-29","Palanas","492",249
10.87409286574,124.71069719642,"2015-05-29","Palanas","2003",909
10.634451534125,124.7766119591,"2015-01-10","Sitio Baybayon","770",657
10.874255395025,124.710672553625,"2015-05-29","Palanas","1027",938
10.861531100275,124.721404260475,"2015-01-22","Magbangon","1357",111
10.63415795795,124.776796884825,"2015-01-10","Sitio Baybayon","855",NA
10.63512382565,124.776069293725,"2015-06-14","Sitio Baybayon","574",914
10.86198575,124.720949,"2015-01-15","Magbangon","924",NA
10.8743993123,124.710573584325,"2015-05-29","Palanas","2002",216
10.634445792525,124.776564685175,"2015-01-10","Sitio Baybayon","548",354
10.634827588225,124.77625262695,"2015-06-14","Sitio Baybayon","2172",NA
10.861489672675,124.72153975395,"2015-01-22","Magbangon","1318",NA
10.87450027652,124.7105826158,"2015-05-29","Palanas","966",266
10.63417765545,124.776768239675,"2015-01-10","Sitio Baybayon","854",NA
10.8746566996,124.7106804326,"2015-05-29","Palanas","2001",1074
10.63458478545,124.7763087228,"2015-06-14","Sitio Baybayon","558",895
10.727182352,124.79335495735,"2015-05-28","Gabas","1340",668
10.634533781575,124.7763432772,"2015-06-14","Sitio Baybayon","1192",1044
10.72823143095,124.79335380485,"2015-05-28","Gabas","1287",732
10.634154060375,124.776766793825,"2015-01-10","Sitio Baybayon","852",NA
10.861156973975,124.721502747875,"2015-02-01","Magbangon","1291",NA
10.74297664455,124.787170642525,"2015-05-28","Visca","1284",1043
10.8613170893,124.72159635275,"2015-02-01","Magbangon","1342",NA
10.743688393825,124.786750373875,"2015-05-28","Visca","1285",397
10.634397596575,124.776365594025,"2015-06-14","Sitio Baybayon","552",178
10.74352081865,124.78658309205,"2015-05-28","Visca","1338",131
10.634117661975,124.776788796275,"2015-01-10","Sitio Baybayon","851",NA
10.634455243125,124.7767620371,"2015-06-14","Sitio Baybayon","2171",692
10.6342341285,124.776729641,"2015-01-10","Sitio Baybayon","538",1079
10.861320274425,124.721605614775,"2015-02-01","Magbangon","1341",107
10.6343173608,124.7767883353,"2015-06-14","Sitio Baybayon","2168",NA
10.86148801725,124.721495979475,"2015-01-22","Magbangon","1317",NA
10.634257681675,124.77678200695,"2015-06-14","Sitio Baybayon","539",816
10.634189997825,124.77638095385,"2015-06-14","Sitio Baybayon","1104",645
10.861993,124.72096,"2015-01-15","Magbangon","923",NA
10.6339416839,124.776866538425,"2015-01-09","Sitio Baybayon","819",818
10.633919681425,124.7768416442,"2015-01-09","Sitio Baybayon","818",58
10.634071603425,124.776473825325,"2015-06-14","Sitio Baybayon","2164",822
10.633804493125,124.7768951836,"2015-01-09","Sitio Baybayon","408",389
10.6340692565,124.776568792325,"2015-06-14","Sitio Baybayon","534",257
10.633845480625,124.77686932545,"2015-01-09","Sitio Baybayon","817",537
10.63386718975,124.776699885275,"2015-06-13","Sitio Baybayon","532",362
10.63382467255,124.77689015445,"2015-01-09","Sitio Baybayon","815",NA
10.633793429025,124.7769033769,"2015-01-09","Sitio Baybayon","814",97
10.633581639275,124.77680629355,"2015-06-13","Sitio Baybayon","794",211
10.633535182575,124.776753110325,"2015-06-13","Sitio Baybayon","809",425
10.861263005075,124.721434749675,"2015-02-01","Magbangon","1289",188
10.633766669775,124.7769396915,"2015-01-09","Sitio Baybayon","813",NA
10.633461379925,124.7767664166,"2015-06-13","Sitio Baybayon","808",NA
10.727767744075,124.793465367975,"2015-01-31","Gabas","1288",866
10.633748397225,124.77689007065,"2015-01-09","Sitio Baybayon","812",NA
10.728211503025,124.7934089159,"2015-01-31","Gabas","1287",732
10.633435416975,124.776830098125,"2015-06-13","Sitio Baybayon","830",676
10.63369772865,124.776908175575,"2015-01-09","Sitio Baybayon","832",959
10.7282109582,124.793459165375,"2015-01-31","Gabas","1286",132
10.633754411225,124.776903020675,"2015-01-09","Sitio Baybayon","800",923
10.74347390095,124.786586025725,"2015-01-31","Visca","1338",131
10.6331813615,124.777004085475,"2015-06-13","Sitio Baybayon","2160",508
10.857522916025,124.725209455925,"2015-01-15","Magbangon","1106",NA
10.633106552975,124.777056660975,"2015-06-13","Sitio Baybayon","2158",NA
10.742949529075,124.7870975104,"2015-01-31","Visca","1284",1043
10.632864085475,124.776912974175,"2015-06-13","Sitio Baybayon","737",971
10.632684670875,124.776786135025,"2015-06-11","Sitio Baybayon","802",585
10.63271884805,124.77661749115,"2015-06-11","Sitio Baybayon","2152",91
10.6334040477,124.776834896775,"2015-01-09","Sitio Baybayon","831",NA
10.632519526425,124.77682513185,"2015-06-11","Sitio Baybayon","2149",646
10.871766619375,124.71388338835,"2015-01-14","Wangag","1083",NA
10.632413034325,124.7768691159,"2015-06-11","Sitio Baybayon","805",214
10.633427076975,124.776850214675,"2015-01-09","Sitio Baybayon","830",676
10.8716898621,124.71394122345,"2015-01-14","Wangag","1062",NA
10.65211459295,124.784319056175,"2015-06-11","Tamakin Dacot","755",110
10.65245271895,124.78363534435,"2015-06-11","Tamakin Dacot","394",763
10.85481901885,124.727538514425,"2015-01-12","Cabatoan","849",153
10.63344371505,124.7769420175,"2015-01-09","Sitio Baybayon","795",NA
10.854771011525,124.72767813595,"2015-01-12","Cabatoan","904",1045
10.633453123725,124.776921859,"2015-01-09","Sitio Baybayon","458",262
10.8612118475,124.721537344167,"2015-01-22","Magbangon","525",168
10.764197590775,124.785352482025,"2015-01-11","Poroc San Flower","132",459
10.63347896095,124.776838794325,"2015-01-09","Sitio Baybayon","826",NA
10.7642105,124.7853195,"2015-01-11","Poroc San Flower","379",409
10.63347894,124.7769127856,"2015-01-09","Sitio Baybayon","457",452
10.76406869805,124.7852193564,"2015-01-11","Poroc San Flower","378",406
10.764422330525,124.7853792622,"2015-01-11","Poroc San Flower","903",728
10.764383585175,124.785341271225,"2015-01-11","Poroc San Flower","381",410
10.7645152649,124.78546542815,"2015-01-11","Poroc San Flower","902",366
10.63347891905,124.776874815575,"2015-01-09","Sitio Baybayon","455",451
10.7642084453,124.785334838075,"2015-01-11","Poroc San Flower","848",100
10.633585348275,124.776797492525,"2015-01-09","Sitio Baybayon","402",143
10.764186778125,124.785297287175,"2015-01-11","Poroc San Flower","380",634
10.63357386505,124.776795753275,"2015-01-09","Sitio Baybayon","403",825
10.633541322325,124.776763839175,"2015-01-09","Sitio Baybayon","405",426
10.633559112925,124.776759690175,"2015-01-09","Sitio Baybayon","406",428
10.755061630625,124.785066742925,"2015-01-11","Poroc Rose","789",NA
10.633573257375,124.776713401075,"2015-01-09","Sitio Baybayon","407",217
10.7550881384,124.78504450995,"2015-01-11","Poroc Rose","723",432
10.6529755192,124.78388282005,"2015-01-09","Tamakin Dacot","759",792
10.65290092025,124.783655125625,"2015-01-09","Tamakin Dacot","453",955
10.861215353925,124.721490635975,"2015-01-22","Magbangon","1365",NA
10.753245356,124.7843904281,"2015-01-11","Poroc Rose","927",1049
10.75320273405,124.784413038275,"2015-01-11","Poroc Rose","926",197
10.7558103022,124.785536820975,"2015-01-11","Poroc Rose","721",179
10.63521407775,124.77608123795,"2015-01-10","Sitio Baybayon","575",495
10.635220888075,124.7760640341,"2015-01-10","Sitio Baybayon","553",497
10.65229490865,124.782751032625,"2015-01-09","Tamakin Dacot","758",678
10.65229490865,124.782751032625,"2015-01-09","Tamakin Dacot","758",568
10.6528240163,124.78343914495,"2015-01-09","Tamakin Dacot","451",782
