"","anem_obs","lat2","lon2"
"1",1,10.641144871475,124.7784719558
"2",5,10.6333699647875,124.77703990765
"3",6,10.6331847875875,124.7769643343
"4",7,10.633893257475,124.776638823087
"5",9,10.6332890375,124.77678451105
"6",10,10.8699008827,124.7158801352
"7",11,10.8713995549,124.713996083025
"8",12,10.86141039035,124.721532943637
"9",15,10.8732196747,124.712104392225
"10",17,10.860413049075,124.72243530945
"11",18,10.859564297125,124.72288789925
"12",20,10.87050621295,124.714763525533
"13",21,10.8698742580625,124.715900556188
"14",26,10.86122,124.72149175
"15",28,10.87308925,124.712145
"16",31,10.869127619075,124.716335136925
"17",32,10.869321723025,124.716415582225
"18",33,10.8714549202208,124.714191605308
"19",36,10.8698084601,124.7160384385
"20",37,10.871406549325,124.7141579505
"21",38,10.871437590925,124.714024191725
"22",39,10.86111419485,124.72172188225
"23",41,10.87379217297,124.710898954875
"24",42,10.873550625,124.71199625
"25",43,10.856319375,124.725766125
"26",45,10.857470123375,124.724688976025
"27",46,10.857429625,124.724721875
"28",48,10.6335113151,124.776585807575
"29",50,10.8576589364375,124.72502953335
"30",51,10.869154944075,124.7163576633
"31",55,10.6415515509375,124.77795630635
"32",58,10.6339453021083,124.776870163625
"33",60,10.871544771375,124.7141129372
"34",62,10.8698197233,124.715892121875
"35",63,10.8700248352188,124.715602278337
"36",64,10.8696016456625,124.716126115383
"37",65,10.868723621825,124.716624480212
"38",67,10.6409845675875,124.78024558745
"39",68,10.857790211475,124.7246168275
"40",69,10.640693481525,124.779564484483
"41",72,10.8098282222375,124.76501675025
"42",73,10.6407758058,124.77928105045
"43",76,10.641009121325,124.7791082313
"44",77,10.6329581863083,124.776962490275
"45",78,10.87145200465,124.713948131558
"46",79,10.8714559511167,124.714070954367
"47",84,10.64112603315,124.77859351435
"48",86,10.64113696805,124.778584786683
"49",87,10.8738640121342,124.710804390506
"50",88,10.8610534722625,124.72165249815
"51",89,10.6414545374,124.77822015295
"52",90,10.6338620837667,124.77688418935
"53",91,10.63269644043,124.776629183917
"54",92,10.8698814455375,124.715843433513
"55",93,10.6327056395917,124.776953158433
"56",94,10.8698760287375,124.715919017325
"57",95,10.8303762227333,124.748583901683
"58",97,10.633813818,124.776904770388
"59",98,10.6326928921111,124.776706581461
"60",100,10.76420750235,124.78531368425
"61",101,10.798691083225,124.768671540438
"62",102,10.8551244624,124.727382925342
"63",103,10.7987142366,124.768583897963
"64",104,10.76873717503,124.78383255378
"65",105,10.7149339547071,124.763782309768
"66",106,10.65199402975,124.783837505388
"67",107,10.8613288973,124.72161132495
"68",108,10.8714644098625,124.714165858475
"69",109,10.8714988070875,124.714193235862
"70",110,10.6521320168375,124.784314990962
"71",111,10.8615561830875,124.7213929554
"72",112,10.87190938415,124.713773973063
"73",113,10.7643207767917,124.785289128792
"74",115,10.87431833265,124.710610538025
"75",116,10.8692140889,124.716373714625
"76",117,10.87311545409,124.71208868247
"77",118,10.641047725225,124.77857897175
"78",119,10.8676879818,124.716810460742
"79",121,10.6331474916167,124.777058644683
"80",122,10.8574107676393,124.721349415893
"81",123,10.64120583935,124.7784335981
"82",124,10.8714371182292,124.714048960738
"83",125,10.651983934976,124.782945394399
"84",126,10.6335153176625,124.776876364325
"85",129,10.8613989385833,124.72144365545
"86",130,10.6326168298375,124.776936768325
"87",131,10.7435234065333,124.786596455925
"88",132,10.7282332461937,124.793465577522
"89",133,10.871517687325,124.714214064887
"90",134,10.7638429663417,124.785171291908
"91",135,10.633859378875,124.776651086863
"92",136,10.7532228296625,124.745316908225
"93",138,10.6326596054664,124.776768455748
"94",141,10.7436589314625,124.786780412525
"95",142,10.6328982068167,124.777053671417
"96",143,10.6336348144107,124.776798732643
"97",144,10.85772500816,124.724615126838
"98",147,10.7282357267125,124.793433324667
"99",148,10.872973620425,124.711670307433
"100",149,10.7685953098,124.783936573246
"101",152,10.872884258165,124.712285504205
"102",153,10.8548510115375,124.727555655413
"103",154,10.8715336863083,124.714252478442
"104",155,10.8728058708569,124.711803752634
"105",157,10.855157291525,124.727404121075
"106",158,10.764436317845,124.785302360295
"107",159,10.8734798908625,124.711972230575
"108",161,10.8740413980667,124.710649852642
"109",162,10.8611738936,124.721683821613
"110",163,10.6407896569,124.784896590275
"111",164,10.76860932378,124.783933802978
"112",165,10.8741648634833,124.710762135225
"113",166,10.7640976470625,124.785204248038
"114",167,10.6407051533667,124.784610844217
"115",168,10.86127242375,124.721559547083
"116",169,10.87328096945,124.71220097691
"117",170,10.652360287475,124.7839335096
"118",171,10.6330249028,124.777056514287
"119",172,10.6344109786375,124.7767289758
"120",173,10.8714243024875,124.7139837197
"121",174,10.7524448213875,124.745423777488
"122",175,10.7607791310792,124.785507576
"123",176,10.8714211105375,124.714023518888
"124",177,10.87296381555,124.712177543165
"125",178,10.6344161732875,124.776382297013
"126",179,10.7558120261,124.785530660487
"127",181,10.87284332725,124.711887455692
"128",182,10.8713530562875,124.714197353462
"129",183,10.8618753799167,124.721111410758
"130",184,10.8706248829,124.714747221675
"131",185,10.8618170839917,124.721222551808
"132",186,10.8617780962375,124.72111461425
"133",187,10.8691382029875,124.716345858388
"134",188,10.8612727490375,124.7214491351
"135",189,10.6334852892833,124.776719918008
"136",190,10.8696247811875,124.715953728887
"137",191,10.869455590385,124.716271279375
"138",192,10.8609028673625,124.721724050475
"139",193,10.8697356371,124.715898146381
"140",194,10.873055786835,124.711602692037
"141",196,10.87029718493,124.715039297155
"142",197,10.75324897701,124.784410196815
"143",198,10.8742354199062,124.710821484338
"144",199,10.651874545725,124.782912300425
"145",200,10.8738400403,124.710470874563
"146",201,10.633998135975,124.776601705308
"147",202,10.8735482086188,124.71201586885
"148",203,10.63362805405,124.776988191288
"149",204,10.6331679399875,124.777044088112
"150",205,10.756589113725,124.786018019092
"151",206,10.6343183748833,124.776752478458
"152",207,10.63330166275,124.776893213862
"153",208,10.6339292298083,124.776674166775
"154",209,10.632842175195,124.777046103965
"155",210,10.6333172007,124.7770925041
"156",211,10.6335577089375,124.776799336538
"157",212,10.8716659418125,124.7140576018
"158",213,10.634641133275,124.776375466887
"159",214,10.6455144798417,124.781506459683
"160",215,10.8714722783625,124.714187001812
"161",216,10.8743583841792,124.710603050196
"162",217,10.6335707536875,124.776737200537
"163",218,10.6326611072375,124.776899426963
"164",219,10.634467949475,124.776623968
"165",220,10.8553434723438,124.726231854825
"166",221,10.633837999775,124.7768925119
"167",222,10.8708081896833,124.714809898217
"168",223,10.8730415749625,124.712173333387
"169",225,10.6520723272,124.783806848575
"170",226,10.8736995933667,124.711425047642
"171",227,10.87029359768,124.71407579468
"172",228,10.873580808975,124.7111951653
"173",229,10.87362413434,124.711047215795
"174",231,10.8613191574375,124.7216049654
"175",232,10.87344927823,124.711450715488
"176",233,10.6340311188333,124.776580624767
"177",234,10.6410887162167,124.778509223842
"178",235,10.7433787977688,124.786777334809
"179",236,10.8731132349875,124.711756920437
"180",237,10.87149759695,124.7141501319
"181",238,10.63448180875,124.776736492975
"182",239,10.8729898862964,124.711594928186
"183",240,10.6327686016417,124.776775517958
"184",241,10.8730636665,124.711621039312
"185",242,10.874330014925,124.710610684713
"186",243,10.7984759705139,124.768622855181
"187",244,10.8730863919375,124.711590120563
"188",245,10.7644398626824,124.785374923764
"189",246,10.6337456102417,124.776952697442
"190",247,10.8609133637417,124.72178025635
"191",248,10.8738927729417,124.7104610852
"192",249,10.8741378424139,124.710694063811
"193",250,10.873116021975,124.712191867863
"194",251,10.8743152472975,124.710854321056
"195",252,10.8738294372,124.710749845263
"196",253,10.8699205575875,124.71584201905
"197",254,10.6341003071857,124.776493097043
"198",255,10.8694655837812,124.716185905994
"199",256,10.6341744808,124.776380168025
"200",257,10.6340307304417,124.776589722858
"201",258,10.634503705325,124.776360510025
"202",259,10.6412202702,124.778334663733
"203",260,10.874343928875,124.71078120405
"204",261,10.7438442762875,124.786533848375
"205",262,10.6334896868625,124.7769103045
"206",264,10.7434130169,124.786929935212
"207",265,10.868888441475,124.716446532413
"208",266,10.87450101243,124.710588807344
"209",267,10.8733071014333,124.712175086608
"210",268,10.633415905325,124.777012747775
"211",270,10.873619266825,124.711555220654
"212",271,10.873186905425,124.712092970631
"213",272,10.868936798075,124.716597804792
"214",273,10.874395849775,124.710643938937
"215",274,10.8692026200375,124.71580249505
"216",275,10.777589771945,124.737369259465
"217",276,10.633143718,124.777050183525
"218",277,10.76861239505,124.783877658192
"219",278,10.6330116069833,124.777057652817
"220",279,10.8099519597812,124.731568383806
"221",280,10.6333611113875,124.7768484021
"222",281,10.6326978583833,124.776681947983
"223",282,10.874247128375,124.71082659205
"224",283,10.873530203225,124.712160467175
"225",284,10.63294603205,124.776959362842
"226",285,10.87350740445,124.7120942711
"227",286,10.633748564875,124.776938930167
"228",287,10.6406872876625,124.780851164244
"229",288,10.8743103041121,124.710652625018
"230",289,10.87430721615,124.71089731435
"231",291,10.87130875975,124.714208514337
"232",292,10.744503,124.78598875
"233",293,10.8714495215125,124.71419008215
"234",294,10.6413271813667,124.778241114683
"235",295,10.6520921713875,124.783834068812
"236",296,10.8688837685583,124.716466830575
"237",297,10.8737428940375,124.710704603912
"238",298,10.6411235604875,124.778590381613
"239",299,10.6415333971417,124.777978328058
"240",300,10.871488878,124.714137570983
"241",301,10.633946375,124.776590125
"242",302,10.871737375,124.713774375
"243",303,10.8739585529214,124.710758270561
"244",304,10.8735244626656,124.711006510875
"245",305,10.8690347076583,124.716448439842
"246",306,10.872844816165,124.711773488483
"247",307,10.641303020525,124.781411478767
"248",309,10.8714468131125,124.714274309819
"249",310,10.86920600555,124.716325973625
"250",311,10.8714863798875,124.714244218112
"251",312,10.87145305895,124.714237601133
"252",313,10.8692813162917,124.716331247183
"253",314,10.8475932629179,124.733532049846
"254",315,10.8714052336417,124.71419263165
"255",316,10.8692393522875,124.71631348495
"256",317,10.6338782434,124.77670517635
"257",319,10.869468555525,124.716334973575
"258",320,10.869439875,124.716355375
"259",321,10.634520848325,124.7767026739
"260",322,10.8714904403625,124.714178977625
"261",323,10.63392903805,124.776665026238
"262",324,10.8714963972875,124.7141544067
"263",325,10.74377225,124.78639
"264",326,10.87136228275,124.71418810485
"265",327,10.6340183259375,124.77658404735
"266",328,10.871400930925,124.714169581408
"267",331,10.8733268788375,124.712172954731
"268",332,10.871364860155,124.71402116045
"269",333,10.7434017222813,124.786908928075
"270",334,10.872851992025,124.7121764661
"271",335,10.8715468390125,124.714246745562
"272",336,10.8613804565,124.721494889813
"273",337,10.87140934075,124.713985291312
"274",338,10.8713750902,124.713972938488
"275",340,10.641359898725,124.778108851763
"276",342,10.8715079119375,124.713870857387
"277",343,10.6325228372625,124.776890866937
"278",344,10.8716476697125,124.714070063788
"279",345,10.8716499945667,124.713984128858
"280",346,10.8716323473625,124.713884079562
"281",348,10.63388318665,124.776884146792
"282",349,10.8691290777667,124.716384017508
"283",350,10.6347186245167,124.776268663392
"284",351,10.79899549135,124.76851456915
"285",352,10.6346103390833,124.7763601403
"286",353,10.6344739454375,124.77655697275
"287",354,10.6344558962625,124.776588092588
"288",355,10.6348595323125,124.77628310355
"289",356,10.634995875875,124.776078922425
"290",357,10.8610433363125,124.72162169755
"291",358,10.6344162987,124.776462970763
"292",359,10.8714564156375,124.714199668938
"293",360,10.7146641133583,124.754413567808
"294",361,10.8736034034375,124.711133013475
"295",362,10.6338737419667,124.776724783975
"296",363,10.641068218975,124.780627781275
"297",364,10.791563483075,124.766627760838
"298",365,10.6407457110625,124.780236717725
"299",366,10.764535538625,124.78545685765
"300",367,10.641066113,124.782967065688
"301",368,10.76420880905,124.78527010455
"302",369,10.8744107640875,124.7106648737
"303",370,10.79875792976,124.76864884653
"304",371,10.7995012029875,124.7683111299
"305",372,10.8121299964875,124.764248578575
"306",373,10.811665347785,124.764252168125
"307",374,10.8715663338083,124.714154514958
"308",375,10.76848395985,124.783946197713
"309",376,10.7684979425583,124.783990513692
"310",377,10.8728905141083,124.712169634962
"311",379,10.7686173607187,124.783905714637
"312",380,10.8713957568938,124.7141865772
"313",381,10.7690962893,124.78371098055
"314",382,10.86955336115,124.716188294875
"315",383,10.861505608775,124.7213342716
"316",384,10.861006,124.721734
"317",385,10.8685120852812,124.716220001656
"318",386,10.7545041764375,124.784820142069
"319",387,10.869629743975,124.716019558258
"320",388,10.8615613379375,124.7214394645
"321",389,10.6337837465625,124.7768868418
"322",390,10.869173551925,124.716311939975
"323",392,10.871414137975,124.713987183963
"324",393,10.8714242395917,124.713940524975
"325",394,10.8735855925,124.71161454099
"326",395,10.8697486447625,124.715872330138
"327",396,10.8612843998625,124.721610025738
"328",397,10.7436531165,124.7867857036
"329",398,10.86090682655,124.721790865287
"330",399,10.8716405853375,124.713968819725
"331",401,10.634454158125,124.776720631425
"332",402,10.8714533411833,124.714046544358
"333",403,10.76843272545,124.78404736205
"334",405,10.8743717702312,124.710791029281
"335",406,10.7641184812937,124.785252374106
"336",407,10.6337352586,124.776895545075
"337",408,10.8744124369583,124.7107337974
"338",409,10.7642136607313,124.785286152987
"339",410,10.7643752914083,124.785316129917
"340",412,10.8552105155125,124.7267873827
"341",413,10.7564619323125,124.7858674766
"342",414,10.855060123625,124.7270887875
"343",415,10.74410241795,124.786121071075
"344",416,10.63342361245,124.776719044892
"345",417,10.8554075544833,124.726199685625
"346",418,10.855368882175,124.7261878755
"347",419,10.6410143966875,124.77873751545
"348",420,10.65251669925,124.783705838467
"349",421,10.836315063975,124.74665392325
"350",422,10.6520816640563,124.783873150369
"351",423,10.8091500970083,124.765398733917
"352",424,10.8698107721417,124.715468029033
"353",425,10.6335209263417,124.776742639958
"354",426,10.6335545361625,124.776784294588
"355",427,10.8714219959125,124.714220025175
"356",428,10.633557748525,124.776770707162
"357",429,10.63405300155,124.776537918292
"358",430,10.8733209804667,124.712214348833
"359",431,10.6338356509375,124.776890260638
"360",432,10.7550665567333,124.785080239142
"361",433,10.8743801878583,124.7106810104
"362",434,10.8728115817955,124.71181721272
"363",435,10.6334850902375,124.776617810712
"364",436,10.8743152885187,124.710867048556
"365",437,10.8729640444375,124.712162733312
"366",438,10.63273853855,124.776695813058
"367",439,10.8701615,124.7152815
"368",440,10.872920283025,124.7118151017
"369",441,10.632519536875,124.776938518037
"370",442,10.8718368658833,124.713819149642
"371",443,10.8731269508167,124.712039672892
"372",444,10.6342629288083,124.776753133417
"373",445,10.8735011579667,124.711736960758
"374",446,10.6325614437071,124.776758631029
"375",447,10.871564,124.713918375
"376",448,10.6406332373625,124.781394558825
"377",449,10.81116106245,124.764616180912
"378",450,10.6528818702375,124.783741302425
"379",451,10.633514334525,124.776869532788
"380",452,10.633499341325,124.776907239319
"381",453,10.6340777012417,124.776482346933
"382",454,10.8114991063437,124.764419700375
"383",455,10.8691139658688,124.716364980275
"384",456,10.8716134520875,124.713970372625
"385",457,10.6334407366875,124.77698434485
"386",458,10.87288162205,124.712209700375
"387",459,10.852426305667,124.725549778889
"388",460,10.63296595015,124.776959275062
"389",461,10.873573165725,124.711127190981
"390",462,10.8735542615667,124.710995826
"391",463,10.63419914455,124.77676811395
"392",464,10.8737285258125,124.710900645625
"393",465,10.871529573925,124.714260432531
"394",466,10.743299625,124.78690825
"395",467,10.873885430655,124.710791147585
"396",468,10.6408864155,124.779112584662
"397",470,10.635221827875,124.776092119975
"398",471,10.874021006925,124.710527928812
"399",472,10.87393751977,124.71059578344
"400",473,10.873869538205,124.710627996885
"401",474,10.8736824393861,124.711371333764
"402",476,10.872453046275,124.713084556862
"403",477,10.6405094141875,124.781509802275
"404",478,10.8601947793,124.722399187812
"405",479,10.8610105987,124.721890963975
"406",480,10.860996123725,124.721768821892
"407",481,10.6338582350917,124.776510167858
"408",482,10.8734421618292,124.712151156279
"409",483,10.634661246025,124.776358877838
"410",484,10.870432042275,124.715035491375
"411",485,10.873428138885,124.71216921369
"412",486,10.6348270433125,124.776250581675
"413",487,10.8576880255542,124.724545287921
"414",488,10.873743873025,124.711126098888
"415",489,10.6350259831167,124.776195978183
"416",490,10.63399385288,124.776520332315
"417",491,10.869742389775,124.715767409642
"418",492,10.872974677945,124.71172185894
"419",493,10.635092058075,124.776221546
"420",494,10.635088557275,124.776165575988
"421",495,10.635210163875,124.776115243975
"422",496,10.869807201996,124.7158147079
"423",497,10.6352236843083,124.7760935221
"424",499,10.6352139216417,124.776030102192
"425",500,10.652832625,124.783721375
"426",501,10.8692400235917,124.7163455782
"427",502,10.8698443978375,124.715910186713
"428",503,10.8718685555,124.7137106573
"429",504,10.869859244175,124.715822566012
"430",505,10.728107022575,124.793401298825
"431",506,10.8715307454125,124.71423146315
"432",508,10.63316479675,124.777018858575
"433",510,10.871380948375,124.713943425635
"434",511,10.8714765741042,124.714111295758
"435",512,10.6327227945542,124.776616834563
"436",513,10.633300517225,124.776860349817
"437",514,10.86872872955,124.716799441962
"438",515,10.6336848554292,124.776795016379
"439",516,10.8609044516125,124.721651933863
"440",517,10.8738913829333,124.711105681492
"441",518,10.8743633838125,124.710783974563
"442",519,10.6326890242125,124.776911365912
"443",520,10.8555837418,124.72689376795
"444",521,10.8744572356583,124.71073745825
"445",522,10.8739603415625,124.710456311013
"446",523,10.7690253469625,124.783687354063
"447",524,10.81120705465,124.764569147958
"448",526,10.8688679402625,124.716439740875
"449",527,10.6329561607,124.776972807025
"450",528,10.87162525,124.71392825
"451",529,10.870303688949,124.714984568397
"452",530,10.6336276000417,124.776808172458
"453",531,10.87140521195,124.714029667875
"454",532,10.653836204425,124.783917060125
"455",533,10.6324899802,124.776897279062
"456",534,10.87135025,124.714126333333
"457",535,10.8716330626,124.714081888708
"458",536,10.6339606479625,124.7767783818
"459",537,10.6737380765806,124.766080848651
"460",538,10.85752833685,124.725151387888
"461",539,10.8553129853625,124.726768751875
"462",540,10.87148456835,124.714112392375
"463",541,10.874439000635,124.710645843605
"464",542,10.8584152095417,124.72438425445
"465",544,10.6518397311313,124.782929326167
"466",545,10.8586019617875,124.724405726412
"467",546,10.8618078287625,124.72120321005
"468",547,10.811849918675,124.764271220183
"469",548,10.87310475225,124.712213312679
"470",549,10.6405268772417,124.78087179595
"471",550,10.8713983185625,124.714198872675
"472",551,10.873009099074,124.712172535439
"473",553,10.8719436517375,124.713882858837
"474",556,10.6410870520687,124.778655142288
"475",557,10.640879548525,124.783465920794
"476",558,10.6328401184937,124.777049216788
"477",559,10.63336404505,124.777000806062
"478",561,10.6407283293,124.784596378458
"479",562,10.871486885935,124.714199499215
"480",563,10.63286494883,124.77665711661
"481",564,10.6409100978667,124.779116646383
"482",565,10.74401075,124.786317875
"483",566,10.8738823374813,124.710748037906
"484",567,10.63507715785,124.776225116487
"485",568,10.6400083866833,124.77858735715
"486",569,10.8715302078,124.713876822508
"487",570,10.861604840025,124.721273534225
"488",571,10.8699091756917,124.715823861775
"489",572,10.74397625,124.786334875
"490",573,10.8618799445625,124.72108256305
"491",574,10.6528976967929,124.783505294436
"492",575,10.8738628984208,124.71098755765
"493",576,10.6408896005083,124.783576414467
"494",577,10.6328237109062,124.776895901306
"495",578,10.874152083885,124.71072372935
"496",579,10.8737117126694,124.711144698897
"497",581,10.8714579940125,124.714232197263
"498",582,10.87163242875,124.713877732187
"499",583,10.6520611792708,124.783437547165
"500",584,10.7692550949292,124.783519342317
"501",585,10.633196647975,124.776865186862
"502",586,10.8698313008063,124.7159268387
"503",587,10.869624421475,124.716169077442
"504",588,10.8738042018389,124.71089825965
"505",590,10.8713565243,124.714162306625
"506",591,10.640655139915,124.7813629182
"507",592,10.8737599616875,124.71080065005
"508",593,10.860944147,124.721781529962
"509",594,10.8737307437833,124.711279431362
"510",595,10.6347961770375,124.776302604
"511",596,10.6529292510875,124.783471121925
"512",597,10.6339770276167,124.7767106979
"513",599,10.871477806925,124.714179227592
"514",600,10.8718434604875,124.713700882862
"515",601,10.8718697377333,124.713765678458
"516",602,10.8735173789292,124.711993691746
"517",603,10.652852625,124.783446625
"518",604,10.868813067175,124.716444715962
"519",605,10.8548260512,124.727579929838
"520",606,10.768368125,124.78408175
"521",608,10.87359314085,124.711405173875
"522",610,10.6327199298563,124.77691632695
"523",611,10.8718175679375,124.713759229975
"524",612,10.8735239668917,124.711691185361
"525",613,10.8545402755375,124.728523604163
"526",614,10.6405272404625,124.78080510045
"527",615,10.87351205852,124.71209473209
"528",616,10.87138434593,124.71394607238
"529",617,10.6338827381937,124.776697999338
"530",620,10.8729134491862,124.711733613515
"531",621,10.6526225153375,124.783739971475
"532",622,10.7432804955333,124.786917893208
"533",623,10.8714292499,124.713953720425
"534",624,10.8714872562,124.713929900375
"535",625,10.6522658017958,124.78281279187
"536",626,10.6338466693,124.776745426558
"537",627,10.8729571789179,124.711674505386
"538",628,10.6332327111125,124.777070847325
"539",629,10.8717739675167,124.713915358296
"540",630,10.6406949414125,124.781153504725
"541",631,10.6521229539125,124.783816885887
"542",632,10.87179581235,124.713807849414
"543",633,10.8718812419167,124.713762584142
"544",634,10.7641910050778,124.785304500775
"545",636,10.8715290622667,124.714217861183
"546",637,10.860947701475,124.721657683183
"547",638,10.8119023964,124.764326121675
"548",639,10.8694876336875,124.71630011845
"549",640,10.87145725,124.71427925
"550",641,10.871593281625,124.714017191442
"551",642,10.86984423585,124.715930616892
"552",643,10.87388049905,124.71050594395
"553",644,10.8363012853083,124.746614566533
"554",645,10.6341886043375,124.776382148275
"555",646,10.6325176369958,124.776845234458
"556",647,10.8738576407964,124.710740171632
"557",648,10.871435282175,124.714024298833
"558",649,10.8733200794083,124.712143284275
"559",650,10.8702613692667,124.715117190492
"560",651,10.63397844905,124.776868791075
"561",652,10.6336314076875,124.776665172087
"562",653,10.8730963384583,124.711608078808
"563",654,10.7927913498083,124.734777426342
"564",655,10.7693615346375,124.7834829823
"565",656,10.63335460495,124.776654067675
"566",657,10.6336671870625,124.776833346112
"567",659,10.8714782190583,124.714145015458
"568",660,10.641067176475,124.77995140885
"569",661,10.871581840325,124.714212514225
"570",662,10.8729010306583,124.712149160875
"571",663,10.8611368402375,124.721735627738
"572",664,10.8742800471417,124.710621919947
"573",665,10.86106057825,124.72170531045
"574",666,10.860995632825,124.72192692455
"575",667,10.6528222281583,124.783480761108
"576",668,10.72717630655,124.793340970063
"577",669,10.7562120663167,124.785640529058
"578",670,10.7564775,124.78582425
"579",671,10.8737338952833,124.711353465658
"580",672,10.744015875,124.786359375
"581",673,10.8715138990286,124.71415391425
"582",675,10.873909505775,124.7104695171
"583",676,10.6334237940583,124.776842608108
"584",677,10.744782625,124.7858905
"585",678,10.6523213046611,124.782750026792
"586",680,10.74483625,124.78578275
"587",681,10.8608331726083,124.721934767542
"588",682,10.8694911631875,124.716288344938
"589",683,10.7988761225667,124.768643339617
"590",684,10.6539246754375,124.7839397646
"591",685,10.86884775,124.71648075
"592",686,10.7984210235217,124.76868278638
"593",687,10.6335164071,124.776605903163
"594",688,10.743793536572,124.78653619848
"595",689,10.871476238825,124.714113513475
"596",690,10.8738912927688,124.710510043775
"597",691,10.8715408528313,124.714115378437
"598",692,10.7521325745625,124.746258866513
"599",693,10.8012797530429,124.767767246154
"600",694,10.873872709525,124.710998663294
"601",695,10.743559123935,124.786463947495
"602",696,10.6415452575333,124.7779735434
"603",697,10.6339572428313,124.776588772669
"604",698,10.7695978553917,124.783340042933
"605",699,10.6340309861083,124.7767579998
"606",700,10.8689391197875,124.716450109812
"607",701,10.63384935725,124.776882849635
"608",702,10.6336041598125,124.776822512875
"609",703,10.8715216443083,124.713874217133
"610",704,10.6377716269437,124.778704506456
"611",705,10.874136754425,124.710742856844
"612",706,10.632597960065,124.77692660736
"613",707,10.652021815775,124.783356342225
"614",708,10.8178807984,124.74970827565
"615",709,10.8688659674875,124.716453824675
"616",710,10.861406450875,124.721462839512
"617",711,10.8742627174125,124.71065197845
"618",712,10.73996279716,124.78840442933
"619",713,10.63362913875,124.77665165215
"620",714,10.6347868677917,124.776210947092
"621",715,10.87390571458,124.71067434317
"622",716,10.8583692303417,124.724313794683
"623",717,10.8738692442458,124.710570758908
"624",718,10.8737493760417,124.710785262292
"625",719,10.653010031675,124.783740558188
"626",720,10.861839439,124.721081787725
"627",721,10.63394722645,124.776594220875
"628",722,10.634102484225,124.77647356885
"629",723,10.87393274623,124.710887624885
"630",724,10.8729496411917,124.7116952925
"631",725,10.7485770595125,124.7530370093
"632",726,10.8690568339,124.716345745244
"633",727,10.825603305495,124.723930271125
"634",728,10.7644459106313,124.785377749294
"635",729,10.8735552310812,124.711137825222
"636",730,10.87199673197,124.71383254369
"637",731,10.8718815841833,124.713788365475
"638",732,10.772472498925,124.76944003255
"639",733,10.871564189425,124.714155478875
"640",735,10.868867625,124.71645275
"641",736,10.6326191872333,124.776888184708
"642",737,10.633383763475,124.7770334431
"643",738,10.8661879884625,124.71799106655
"644",739,10.6340352119667,124.776566082142
"645",740,10.8702977257833,124.714991056833
"646",741,10.8715557883438,124.714150592931
"647",743,10.8738724625312,124.710740824225
"648",744,10.8737812219333,124.710832270179
"649",745,10.8739949378625,124.710829986738
"650",747,10.87428632775,124.710654350925
"651",748,10.87154475,124.714047375
"652",749,10.8704255428167,124.71502031665
"653",750,10.8713626644313,124.714143833019
"654",753,10.855043234775,124.727138289013
"655",754,10.870302162595,124.71520335366
"656",755,10.6339645455562,124.776567110681
"657",756,10.86313738139,124.718211006325
"658",757,10.8740718197,124.710785518408
"659",758,10.8718851744167,124.713781659958
"660",759,10.6531976725417,124.783928702992
"661",760,10.7691554096583,124.783537639308
"662",761,10.8738634781917,124.710925002592
"663",762,10.64058700345,124.781070565812
"664",763,10.6524161243583,124.783650093354
"665",764,10.8733634417833,124.71216190605
"666",765,10.6342598046083,124.776745873317
"667",766,10.6413498544167,124.778286223292
"668",767,10.8698527375125,124.7159614193
"669",769,10.86874787695,124.716716136312
"670",770,10.87168391095,124.714153631375
"671",771,10.8737183455375,124.711190272363
"672",773,10.874151279215,124.71066456148
"673",774,10.873992889425,124.71087381002
"674",775,10.8719044440812,124.713780180912
"675",776,10.6333826808167,124.7768123704
"676",777,10.861914737025,124.721117549013
"677",778,10.6413782062083,124.778051103933
"678",779,10.633577748675,124.776774651833
"679",780,10.8729357621417,124.712108247917
"680",781,10.8597676138375,124.722699821475
"681",782,10.65284824072,124.78344855032
"682",783,10.87138919625,124.713980464733
"683",784,10.8698197826917,124.715895995033
"684",785,10.869102421,124.7163211077
"685",786,10.869833864275,124.715873105442
"686",787,10.8709498029125,124.7144657001
"687",788,10.634604655575,124.776410329275
"688",789,10.64152954845,124.777900236675
"689",790,10.6329104479,124.776876994863
"690",792,10.6530015554875,124.783921177725
"691",794,10.8734225342083,124.712044510517
"692",795,10.871516375,124.714153625
"693",796,10.8729648543562,124.711564707688
"694",797,10.8728525872313,124.711968044742
"695",798,10.8613448648125,124.72150655115
"696",799,10.8730569905667,124.7121728509
"697",800,10.8695146674333,124.716330869133
"698",801,10.869600169825,124.716117783688
"699",802,10.76453765297,124.785435756201
"700",803,10.8742603738875,124.71100295935
"701",804,10.8716718323125,124.714058161138
"702",805,10.86923125,124.71633925
"703",806,10.6332064143893,124.776551528561
"704",807,10.857498331325,124.72489926795
"705",808,10.8738574551929,124.710860604621
"706",809,10.869248308,124.716326859788
"707",810,10.86872323375,124.716563787675
"708",811,10.6327019742604,124.77662071819
"709",813,10.7998034911125,124.76815790345
"710",814,10.8734648418417,124.712119109475
"711",816,10.6342439288667,124.776746172892
"712",817,10.6940635456687,124.760293629956
"713",818,10.633960138075,124.77690831525
"714",819,10.85601075,124.72639825
"715",820,10.6339583220125,124.7765647585
"716",821,10.8732167501531,124.712208450841
"717",822,10.6340938573667,124.776468467892
"718",823,10.8740037848833,124.710488655525
"719",824,10.6413761491313,124.778038894294
"720",825,10.6336048839417,124.776800059933
"721",827,10.6413416733188,124.778283965431
"722",828,10.8108239760556,124.764702478422
"723",829,10.869124874,124.716312135575
"724",830,10.7532818068375,124.784401960196
"725",831,10.6523455929625,124.783632143525
"726",832,10.769360612625,124.783488179087
"727",833,10.872926752315,124.711670510341
"728",834,10.63371363365,124.776792040769
"729",835,10.640965970225,124.7838376835
"730",836,10.8729143374,124.712162628125
"731",838,10.872110718825,124.713150512706
"732",839,10.8612573778,124.721468513462
"733",840,10.6326845171917,124.776737582875
"734",841,10.63271445455,124.776934983671
"735",842,10.6327437423125,124.776624220247
"736",843,10.8696323214167,124.71595314565
"737",844,10.8706255180333,124.7147264634
"738",845,10.8716582266375,124.714061014787
"739",846,10.8730832783875,124.712034572181
"740",847,10.8741421450313,124.710935698231
"741",848,10.8714537765375,124.713924513688
"742",849,10.8736665174333,124.711105831675
"743",850,10.640564550425,124.781968361925
"744",851,10.7178734871583,124.757172488617
"745",852,10.8729024021833,124.712184998217
"746",853,10.634229728025,124.776745713325
"747",854,10.8551279772625,124.727302167438
"748",855,10.6521368096528,124.783801008006
"749",856,10.869696860325,124.715933848056
"750",857,10.861009001975,124.721858957788
"751",858,10.633936298545,124.77661285596
"752",860,10.8713876031417,124.71418495435
"753",861,10.86884725,124.716479375
"754",862,10.8688305869,124.716467353638
"755",863,10.8611427986125,124.721748464988
"756",864,10.8739868318778,124.710769318039
"757",866,10.7277337764125,124.793462643863
"758",869,10.8741882506813,124.710859728544
"759",870,10.8614683093,124.721366353338
"760",871,10.7437485,124.786443875
"761",873,10.8687939617062,124.716828569069
"762",874,10.8703536610083,124.715018577417
"763",875,10.65269805025,124.7834185115
"764",876,10.6328979193,124.7769438696
"765",877,10.858375,124.72435575
"766",878,10.8715539565375,124.714123044396
"767",879,10.86931823565,124.716339165081
"768",880,10.75506275,124.785089625
"769",881,10.7281839789325,124.793379614808
"770",882,10.7689696638,124.783753563138
"771",884,10.871431170375,124.714053939094
"772",885,10.769114075975,124.783703918533
"773",886,10.8738047945512,124.71132502173
"774",888,10.8091773260083,124.7652344587
"775",889,10.8609358282125,124.7218775216
"776",890,10.8735668426417,124.711057743992
"777",891,10.873580622025,124.711543212917
"778",892,10.640680587375,124.781129563925
"779",893,10.76387997949,124.785111234065
"780",894,10.651964005795,124.78346175094
"781",895,10.6345905637917,124.776324741508
"782",896,10.8714336203417,124.714080265258
"783",897,10.8739505242625,124.710789530071
"784",898,10.7551312109,124.785081641737
"785",899,10.8714945742375,124.714258237525
"786",900,10.8303701668083,124.742467536117
"787",901,10.87262895625,124.712533016888
"788",902,10.87108628125,124.714285747608
"789",903,10.871443741575,124.714013917025
"790",904,10.633126681025,124.77707780065
"791",905,10.632878111225,124.776908196508
"792",906,10.871377875,124.71408725
"793",907,10.861538287725,124.721466611375
"794",908,10.8714732597583,124.713897623583
"795",909,10.8740848170163,124.710701151617
"796",910,10.6409956072417,124.778760820625
"797",911,10.8728643833437,124.711939584981
"798",912,10.8704537828375,124.715001450387
"799",913,10.8715308993063,124.713877227612
"800",914,10.6351195656312,124.776073484487
"801",915,10.7434977649292,124.7865959478
"802",916,10.6415518967,124.777898465988
"803",917,10.7686566515,124.783874710542
"804",918,10.8737757825167,124.710652960917
"805",919,10.8716906482625,124.71386767315
"806",920,10.65237046105,124.783965077937
"807",922,10.641558298375,124.777969003183
"808",923,10.6332839769333,124.776912673833
"809",924,10.869125716375,124.716315284375
"810",925,10.8690462988937,124.716371964881
"811",926,10.74337375,124.786727375
"812",927,10.7537148578375,124.744363718188
"813",928,10.7564987009375,124.785813678763
"814",929,10.855557332875,124.726125139906
"815",930,10.8609473006875,124.721883160525
"816",932,10.855443355425,124.7267324237
"817",933,10.871524,124.714233125
"818",934,10.7551673822833,124.785224839583
"819",935,10.76913545375,124.783610528687
"820",936,10.6414756528083,124.778148815983
"821",937,10.6412252958312,124.778328965775
"822",938,10.874261953875,124.7106878925
"823",939,10.6555480181417,124.778069569933
"824",940,10.63455101685,124.776390373
"825",941,10.76826462429,124.78409731296
"826",942,10.6407570583083,124.779438783883
"827",945,10.6326330278375,124.776894712112
"828",947,10.8714702562438,124.713893965238
"829",948,10.633975560775,124.776787245642
"830",949,10.8743064728833,124.710877591858
"831",950,10.6527726666375,124.78372051495
"832",951,10.8696532063,124.716172926125
"833",952,10.7684744463625,124.7839634749
"834",953,10.859763534975,124.722721120325
"835",954,10.8359501263594,124.7467750084
"836",955,10.65285155675,124.783711791875
"837",956,10.63503350385,124.776205525362
"838",958,10.7438305,124.786437875
"839",959,10.6931571266625,124.761230407169
"840",960,10.8694588194938,124.716289879881
"841",961,10.76882045331,124.78371907607
"842",962,10.8714166120625,124.713980325025
"843",963,10.8694366668333,124.716381279292
"844",964,10.8732857031375,124.711839754612
"845",965,10.6328497314875,124.7768996365
"846",966,10.632734375525,124.7768795723
"847",967,10.76931577715,124.7835098681
"848",968,10.633405467375,124.776462373556
"849",969,10.8730888711533,124.712168077038
"850",970,10.65315418645,124.7838660772
"851",971,10.6367609108562,124.778381043575
"852",972,10.6329598417583,124.776957873267
"853",973,10.8715205878063,124.714074839106
"854",974,10.762669394275,124.784744674475
"855",975,10.8555403508083,124.726979227233
"856",976,10.7985087751875,124.768613768962
"857",977,10.87178298505,124.713934612225
"858",978,10.8718691824562,124.713773658737
"859",980,10.7282085195656,124.793376040478
"860",981,10.8714386774375,124.713913007875
"861",982,10.8728451098875,124.712332267975
"862",983,10.6327584735,124.7766961658
"863",984,10.8550382685,124.727268774275
"864",985,10.6415709026625,124.777959769138
"865",986,10.8739530440625,124.710920060737
"866",987,10.8111046277917,124.764633758467
"867",988,10.8663601844448,124.717509653716
"868",989,10.6326449092,124.776745482813
"869",990,10.8714367286375,124.714033036712
"870",991,10.874277030815,124.710669366413
"871",992,10.8550614519,124.727672192337
"872",993,10.768629983065,124.783920203335
"873",994,10.727682049625,124.793452941813
"874",995,10.7435818965438,124.786929070838
"875",998,10.809209983525,124.76535845284
"876",999,10.8738635934437,124.710855609169
"877",1000,10.6335802702167,124.77676639565
"878",1001,10.8092611736125,124.7653491276
"879",1002,10.634458062725,124.776518472513
"880",1003,10.85503740683,124.727653603515
"881",1004,10.71376948775,124.754778710792
"882",1005,10.65272218665,124.7834675596
"883",1006,10.855988375,124.72633925
"884",1007,10.6338335783292,124.776603427017
"885",1008,10.855466875,124.726845125
"886",1009,10.74478825,124.785889
"887",1010,10.6406614507,124.784031312344
"888",1012,10.871536012275,124.71407201255
"889",1013,10.869658668525,124.715907394417
"890",1014,10.873810588525,124.710732924113
"891",1015,10.8111116197,124.764593350692
"892",1016,10.869735981805,124.715950336315
"893",1018,10.8713930551875,124.714414749613
"894",1019,10.8549927031688,124.7276548762
"895",1020,10.6413443363167,124.778232006358
"896",1021,10.8690087776583,124.716513433967
"897",1022,10.8697710279333,124.715920868333
"898",1023,10.65209773485,124.784229663212
"899",1024,10.87151645255,124.714245380313
"900",1026,10.6523347017417,124.783854775592
"901",1027,10.854944244475,124.727734525225
"902",1028,10.8714719519625,124.714044517787
"903",1029,10.7272593161969,124.793328371028
"904",1030,10.8583947633417,124.724386871292
"905",1031,10.8687919448083,124.716424907092
"906",1032,10.8741321635917,124.710764649792
"907",1033,10.8365794213,124.742955694675
"908",1034,10.8276611655125,124.750847749687
"909",1035,10.8735648763875,124.711144259204
"910",1036,10.857124398475,124.724937243163
"911",1037,10.867919494,124.716070930163
"912",1038,10.634033057125,124.776388696612
"913",1039,10.87328811485,124.711953470013
"914",1040,10.87138436105,124.713997492558
"915",1041,10.87149425,124.7141755
"916",1042,10.871394532725,124.714049601467
"917",1043,10.7429451059062,124.787114350731
"918",1044,10.634526415975,124.77635918185
"919",1045,10.85479406175,124.727717845219
"920",1046,10.873088541375,124.712090608142
"921",1047,10.869863625,124.715821625
"922",1048,10.8731126521083,124.712034610633
"923",1049,10.7532657659625,124.784405358363
"924",1050,10.869796125,124.716011875
"925",1051,10.873663199175,124.71130483555
"926",1052,10.6345792979375,124.776405095163
"927",1053,10.86975025,124.716062125
"928",1054,10.8694654375875,124.716146372213
"929",1055,10.869268625,124.716345125
"930",1056,10.8691621666667,124.716337916667
"931",1057,10.87341675,124.712191125
"932",1058,10.8692954071625,124.716377131038
"933",1059,10.86913025,124.716345875
"934",1060,10.822084724875,124.725733920595
"935",1061,10.868996125,124.71646675
"936",1062,10.8691075,124.7163955
"937",1063,10.854931948275,124.727788803055
"938",1064,10.835764234075,124.738826255242
"939",1065,10.8691175,124.716394
"940",1066,10.86911075,124.7164385
"941",1067,10.634982483175,124.776206485538
"942",1068,10.8690240336417,124.716454070567
"943",1069,10.7558385771583,124.785413187942
"944",1070,10.8689558333333,124.716452
"945",1071,10.8565219598917,124.725691459858
"946",1072,10.85996775,124.722889375
"947",1073,10.861186375,124.7214925
"948",1074,10.8746603562,124.71067219215
"949",1075,10.87144,124.71423275
"950",1076,10.8715143333333,124.714265666667
"951",1077,10.8574740066,124.7249679038
"952",1078,10.869935,124.715783375
"953",1079,10.6342283403125,124.776712370881
"954",1080,10.7218969250875,124.770794735675
"955",1081,10.8739507617417,124.710754039683
"956",1082,10.8729676638375,124.7119476488
"957",1083,10.871369098125,124.714092401587
"958",1084,10.87377175,124.710795875
"959",1085,10.8737195056958,124.710790741992
"960",1086,10.871367858735,124.714047832885
"961",1087,10.633485964025,124.77672573504
"962",1088,10.8737887521125,124.71062161885
"963",1089,10.7434655,124.786617125
"964",1090,10.8692926951125,124.716338593125
