"anem_id","lat","lon"
1,10.74483625,124.78578275
2,10.74478825,124.785889
3,10.744782625,124.7858905
4,10.744503,124.78598875
5,10.74401075,124.786317875
6,10.744015875,124.786359375
7,10.74397625,124.786334875
8,10.7438305,124.786437875
9,10.7437485,124.786443875
10,10.74377225,124.78639
11,10.7434655,124.786617125
12,10.74337375,124.786727375
13,10.743299625,124.78690825
14,10.764444125,124.785366
15,10.7435055,124.78663375
16,10.76445725,124.78541225
17,10.76435025,124.78536125
18,10.7642431703875,124.785352491013
19,10.764211,124.78534325
20,10.76418475,124.78535325
21,10.7641985,124.785263
22,10.76420880905,124.78527010455
23,10.763917,124.785231
24,10.7566095,124.78598
25,10.7565965,124.78595125
26,10.756493,124.7858565
27,10.7564775,124.78582425
28,10.75633,124.78581175
29,10.75628575,124.78579875
30,10.75623175,124.78573225
31,10.756227849475,124.785639043588
32,10.75565025,124.7854455
33,10.7551455,124.785205
34,10.75506275,124.785089625
35,10.7550025,124.7851245
36,10.754369,124.784884
37,10.76840125,124.784074
38,10.7684705,124.784024
39,10.76858125,124.783944
40,10.7685985,124.7839055
41,10.7685435,124.7839685
42,10.7688715,124.783722
43,10.768922,124.78377225
44,10.769013,124.783695
45,10.76895575,124.7836465
46,10.76933825,124.78355625
47,10.7693565,124.783488
48,10.77285975,124.78316
49,10.7443475,124.78657875
50,10.743469,124.7866575
51,10.74400075,124.78630225
52,10.80631775,124.76606375
53,10.8063815,124.766043
54,10.80646225,124.766024
55,10.8107245,124.764624
56,10.8108175,124.764718
57,10.809143,124.765432
58,10.80638075,124.766116
59,10.80446575,124.76674175
60,10.79974125,124.7682465
61,10.79971225,124.76828625
62,10.7996235,124.76837725
63,10.79940525,124.76847225
64,10.79929625,124.76849625
65,10.79920025,124.76846975
66,10.799028,124.768565
67,10.798977,124.7686135
68,10.7986085,124.768733
69,10.798565,124.7687155
70,10.7984765,124.768659
71,10.798464,124.76871225
72,10.79891075,124.76868425
73,10.6528265,124.7834185
74,10.652852625,124.783446625
75,10.652512,124.7840345
76,10.6521055,124.78400125
77,10.652591,124.7832625
78,10.652832625,124.783721375
79,10.6528469285875,124.783674895212
80,10.652842,124.7837035
81,10.65235075,124.7835435
82,10.6524255,124.783547
83,10.65245,124.78359425
84,10.652456,124.783628
85,10.640803,124.785089
86,10.64084425,124.78226925
87,10.640522,124.7804755
88,10.6406245,124.7799105
89,10.6406175,124.7797015
90,10.6406295,124.779672
91,10.63336125,124.7768155
92,10.63338525,124.77682425
93,10.633398,124.776842
94,10.63339625,124.776853
95,10.63341075,124.77687525
96,10.6333925,124.776905
97,10.633398,124.776914
98,10.633411,124.7769295
99,10.63341925,124.776965
100,10.633424,124.77700575
101,10.63341575,124.7770175
102,10.63342875,124.7770345
103,10.633436,124.77704325
104,10.63346575,124.777046
105,10.874049,124.7110515
106,10.8737785,124.711257
107,10.8740055,124.71105
108,10.8737338952833,124.711353465658
109,10.87375875,124.711336
110,10.87366425,124.7115205
111,10.8735011579667,124.711736960758
112,10.87328811485,124.711953470013
113,10.873306,124.71201025
114,10.873354,124.71208275
115,10.8732105,124.7120845
116,10.873185,124.7120915
117,10.873203,124.7120945
118,10.873217,124.71210025
119,10.873402,124.712148
120,10.8735005,124.712149
121,10.87354425,124.71208625
122,10.8734945,124.7121225
123,10.87341675,124.712191125
124,10.873446,124.712219
125,10.8733615,124.712274
126,10.8733615,124.712274
127,10.87444675,124.710766
128,10.87444675,124.710744
129,10.87443475,124.71072225
130,10.874446,124.71062325
131,10.87444675,124.710616625
132,10.8744787291867,124.71060580414
133,10.8743785,124.710605
134,10.874273,124.710655
135,10.874273,124.710655
136,10.8741885,124.710685
137,10.874145,124.710714
138,10.8741,124.7107235
139,10.86706175,124.71769825
140,10.86703125,124.71761775
141,10.8670515,124.7175715
142,10.868831,124.71670125
143,10.86878625,124.7166445
144,10.8687815,124.7165685
145,10.8687865,124.716499
146,10.868779625,124.71643525
147,10.86884375,124.71645925
148,10.8688305869,124.716467353638
149,10.8688475,124.7164695
150,10.868867625,124.71645275
151,10.8689085,124.71642975
152,10.868916375,124.7164475
153,10.868964,124.716448
154,10.871737375,124.713774375
155,10.8718685555,124.7137106573
156,10.87187425,124.7137405
157,10.8718615,124.713776
158,10.87184,124.71380875
159,10.8718255,124.713838
160,10.87178725,124.71386925
161,10.871764,124.713881
162,10.87162525,124.71392825
163,10.871564,124.713918375
164,10.87153625,124.7139275
165,10.871489,124.7139905
166,10.87149125,124.7139775
167,10.8714775,124.714024
168,10.8714565,124.71403925
169,10.871445,124.71403675
170,10.8713626644313,124.714143833019
171,10.8713485,124.714194
172,10.87135025,124.714126333333
173,10.871377875,124.71408725
174,10.87136228275,124.71418810485
175,10.87135925,124.71418225
176,10.8714355,124.714228375
177,10.871399,124.7142055
178,10.87144,124.71423275
179,10.87144625,124.71421125
180,10.87149425,124.7141755
181,10.87149925,124.714174
182,10.87154475,124.714047375
183,10.87153125,124.7141215
184,10.8716330626,124.714081888708
185,10.85487575,124.728
186,10.8548835,124.7278875
187,10.854897,124.72781775
188,10.8549105,124.7276435
189,10.854977,124.7276295
190,10.8549855,124.727635
191,10.85502075,124.7276365
192,10.85505625,124.7273835
193,10.85502475,124.727143
194,10.855173,124.726854
195,10.855466875,124.726845125
196,10.85539725,124.726892
197,10.8555055,124.726928
198,10.85601075,124.72639825
199,10.857542,124.725205
200,10.855988375,124.72633925
201,10.85752833685,124.725151387888
202,10.8575295,124.725185
203,10.857498331325,124.72489926795
204,10.8574740066,124.7249679038
205,10.8583947633417,124.724386871292
206,10.858375,124.72435575
207,10.858413375,124.724407125
208,10.8583692303417,124.724313794683
209,10.8586019617875,124.724405726412
210,10.85996775,124.722889375
211,10.859919,124.7228305
212,10.860759,124.72209525
213,10.85623025,124.725933
214,10.8562355,124.7258905
215,10.856253,124.7258
216,10.85627725,124.725794
217,10.8565219598917,124.725691459858
218,10.85662175,124.725535
219,10.85665275,124.72542575
220,10.856649,124.725371
221,10.856729,124.72532025
222,10.8689558333333,124.716452
223,10.868996125,124.71646675
224,10.86901875,124.71645675
225,10.86911075,124.7164385
226,10.86912175,124.71640675
227,10.869102125,124.716367375
228,10.8691175,124.716394
229,10.8691075,124.7163955
230,10.86909025,124.7163755
231,10.86913025,124.716345875
232,10.8691621666667,124.716337916667
233,10.86920775,124.716348
234,10.8692335,124.716364
235,10.86923125,124.71633925
236,10.86927975,124.71632275
237,10.869268625,124.716345125
238,10.86932075,124.7163955
239,10.86946875,124.71627825
240,10.869477,124.71624375
241,10.8694654375875,124.716146372213
242,10.86947575,124.71611125
243,10.86951475,124.7161535
244,10.86957475,124.7161345
245,10.8696425,124.716064
246,10.8696925,124.7160455
247,10.86975025,124.716062125
248,10.869796125,124.716011875
249,10.8698525,124.7159535
250,10.8698295,124.7159155
251,10.869863625,124.715821625
252,10.8740335,124.71045325
253,10.873965,124.71045825
254,10.87389275,124.710506
255,10.8738545,124.7105545
256,10.8737887521125,124.71062161885
257,10.8737232509625,124.710774278612
258,10.8737365,124.710796
259,10.87377175,124.710795875
260,10.873757,124.710813
261,10.873736,124.71081925
262,10.8737615,124.7108445
263,10.873878,124.7109695
264,10.87385425,124.7110315
265,10.8738005,124.711084
266,10.8737845,124.711107
267,10.873751,124.711192
268,10.873663199175,124.71130483555
269,10.8731595,124.7116815
270,10.8729676638375,124.7119476488
271,10.8728335,124.71186625
272,10.8728115,124.711856
273,10.873588,124.7112015
274,10.873602,124.711182
275,10.873624,124.7111405
276,10.87311425,124.71195725
277,10.87311725,124.7120945
278,10.8731095,124.71217725
279,10.8731115,124.712192
280,10.873088541375,124.712090608142
281,10.873202,124.712196
282,10.74374375,124.78642975
283,10.74366675,124.786493
284,10.742927125,124.787094625
285,10.74342725,124.7869355
286,10.7435545,124.7868525
287,10.7442715,124.786505
288,10.83072325,124.7504825
289,10.83065325,124.750594
290,10.8302715,124.750981
291,10.8311815,124.7506595
292,10.83488775,124.74788275
293,10.83619525,124.746708
294,10.83625375,124.7466355
295,10.8184125,124.7611555
296,10.81568325,124.762187
297,10.81566375,124.7622275
298,10.814062,124.76347225
299,10.8140395,124.76349175
300,10.8127635,124.7640455
301,10.8125515,124.7641435
302,10.8125115,124.7641935
303,10.8120085,124.7643285
304,10.81194925,124.76437175
305,10.8110955,124.7645415
306,10.8110065,124.764594
307,10.6334045,124.7769405
308,10.63351,124.776896
309,10.63354325,124.776862
310,10.633578,124.776836
311,10.633602,124.7767905
312,10.633634,124.776801
313,10.63366575,124.776795
314,10.6336215,124.7767275
315,10.63368925,124.7767925
316,10.633849,124.7767485
317,10.63391975,124.77668625
318,10.6340075,124.776683
319,10.63399075,124.7767025
320,10.63399525,124.7767205
321,10.6340205,124.776657
322,10.63399525,124.77660675
323,10.63394875,124.77655225
324,10.634119,124.776597
325,10.634149,124.77665475
326,10.6341135,124.776679
327,10.634208116375,124.776738921263
328,10.6341965,124.7767495
329,10.6341965,124.7767495
330,10.86994375,124.71586325
331,10.869944,124.7158395
332,10.869935,124.715783375
333,10.87010625,124.71531325
334,10.870128,124.7152815
335,10.870304,124.7153015
336,10.870523,124.714911
337,10.87077425,124.7146235
338,10.8707495,124.714614
339,10.87079825,124.714551
340,10.87084875,124.71453975
341,10.871076,124.71436
342,10.87136125,124.71440325
343,10.87127975,124.71437925
344,10.87145725,124.71427925
345,10.8715143333333,124.714265666667
346,10.87148025,124.714177
347,10.87145725,124.71415525
348,10.8715595,124.7141595
349,10.871572,124.7141705
350,10.87311,124.7124785
351,10.87315,124.712475
352,10.87318,124.7124815
353,10.87320075,124.71247275
354,10.8732005,124.7124695
355,10.8732025,124.7124275
356,10.8732035,124.712417
357,10.873375,124.7122245
358,10.873394,124.71221575
359,10.8729238676125,124.71214947665
360,10.8729518339875,124.712093869375
361,10.8729155,124.712078
362,10.8729,124.712048
363,10.87281716595,124.711901533288
364,10.87343025,124.71182725
365,10.861186375,124.7214925
366,10.86117075,124.72148575
367,10.86120625,124.7215185
368,10.8613015,124.721553
369,10.86128225,124.72158175
370,10.86127825,124.7215865
371,10.8612895,124.72160475
372,10.8612835,124.7216395
373,10.86137975,124.7215945
374,10.8614065,124.72156475
375,10.74388375,124.78634725
376,10.7435755,124.78662025
377,10.763821117475,124.785186968913
378,10.764083974025,124.7852683032
379,10.7642136607313,124.785286152987
380,10.764191479675,124.785294092738
381,10.7643752914083,124.785316129917
382,10.7645335,124.78543825
383,10.855443355425,124.7267324237
384,10.8552105155125,124.7267873827
385,10.855060123625,124.7270887875
386,10.8548260512,124.727579929838
387,10.854935125,124.72782625
388,10.8550614519,124.727672192337
389,10.8550356728917,124.727656212608
390,10.8551279772625,124.727302167438
392,10.6531976725417,124.783928702992
393,10.652550048875,124.7837616327
394,10.6524179258917,124.783670667767
395,10.6520737187417,124.783830450492
396,10.6521625,124.7832825
397,10.65198425,124.7830225
398,10.6336314076875,124.776665172087
399,10.63362913875,124.77665165215
400,10.63366625,124.776769
401,10.6336958958125,124.776796479675
402,10.6336292157833,124.7767955456
403,10.6336048839417,124.776800059933
404,10.63360275,124.77680225
405,10.6335545361625,124.776784294588
406,10.6335581164,124.776771218858
407,10.6335707536875,124.776737200537
408,10.6337837465625,124.7768868418
409,10.6338356509375,124.776890260638
410,10.6338327737,124.776849501275
411,10.63392903805,124.776665026238
412,10.633946375,124.776590125
413,10.8733268788375,124.712172954731
414,10.873260669075,124.71217642045
415,10.8731301324,124.712210865567
416,10.8731306972125,124.711898556063
417,10.8730992687062,124.712164756669
418,10.87313475,124.71217
419,10.872979000175,124.712187556338
420,10.8729879370375,124.712176873325
421,10.872948058575,124.712174501613
422,10.87295275,124.71221
423,10.8728525872313,124.711968044742
424,10.8728643833437,124.711939584981
425,10.8728606778125,124.711894542431
426,10.8728027769833,124.7118540119
427,10.872804295825,124.711850662083
428,10.872842675275,124.711843254533
429,10.872920283025,124.7118151017
430,10.873067,124.712098
431,10.8731269508167,124.712039672892
432,10.8731126521083,124.712034610633
433,10.873109,124.712027
434,10.873565928125,124.711638051238
435,10.873580622025,124.711543212917
436,10.87367001505,124.711469571463
437,10.6406785,124.7797325
438,10.64060025,124.779856
439,10.6407457110625,124.780236717725
440,10.64084025,124.78058175
441,10.6406332373625,124.781394558825
442,10.6405094141875,124.781509802275
443,10.64049975,124.7816255
444,10.640745,124.782261
445,10.6408821734167,124.783438971525
446,10.6408896005083,124.783576414467
447,10.640660038075,124.784024197
448,10.6407290662125,124.784600373825
449,10.6407103536375,124.784616414688
450,10.6407896569,124.784896590275
451,10.6528536759,124.7834560629
452,10.6528756571417,124.783510408117
453,10.652886210125,124.783743562813
454,10.6528818702375,124.783741302425
455,10.633514334525,124.776869532788
456,10.6335153176625,124.776876364325
457,10.633499341325,124.776907239319
458,10.6334896868625,124.7769103045
459,10.6334407366875,124.77698434485
460,10.6334805,124.776965
461,10.633415905325,124.777012747775
462,10.6332661224375,124.777050386475
463,10.633143718,124.777050183525
464,10.633126681025,124.77707780065
465,10.63312525,124.77704825
466,10.6329699376875,124.776965646688
467,10.63296595015,124.776959275062
468,10.6328979193,124.7769438696
469,10.85640325,124.72564175
470,10.85646775,124.72570525
471,10.856695,124.7256235
472,10.8574825,124.72471925
473,10.8599855,124.7223055
474,10.8600645,124.72238
475,10.8601947793,124.722399187812
476,10.873678125,124.711156125
477,10.8737125,124.71115375
478,10.8735767262833,124.711124845017
479,10.873547673125,124.710995240988
480,10.8735542615667,124.710995826
481,10.873738571375,124.710897775008
482,10.87378275,124.71090475
483,10.87382825,124.71090425
484,10.873865448575,124.71083178485
485,10.873810588525,124.710732924113
486,10.87388049905,124.71050594395
487,10.8738912927688,124.710510043775
488,10.8740055,124.710476125
489,10.874021006925,124.710527928812
490,10.8740480588625,124.710482619662
491,10.874164,124.71042925
492,10.8741378424139,124.710694063811
493,10.8740557785563,124.710822111119
494,10.874196,124.7107265
495,10.8738755898,124.7106283113
496,10.8738638270417,124.710671225958
497,10.873879,124.710666
498,10.873864628105,124.71097876918
499,10.8737071796167,124.71140980335
500,10.873557,124.71190625
501,10.8608331726083,124.721934767542
502,10.860894,124.721852
503,10.8610105987,124.721890963975
504,10.861051,124.72183
505,10.860947701475,124.721657683183
506,10.8609825,124.721686
507,10.861006,124.721734
508,10.860995326675,124.721761797312
509,10.860955,124.72174775
510,10.8609133637417,124.72178025635
511,10.8609028673625,124.721724050475
512,10.860923,124.721651
513,10.8610534722625,124.72165249815
514,10.8610765,124.721706875
515,10.8611368402375,124.721735627738
516,10.8611427986125,124.721748464988
517,10.8611738936,124.721683821613
518,10.861228,124.7216115
519,10.861288,124.72160675
520,10.86125375,124.72155275
521,10.86126625,124.72152125
522,10.86126925,124.72149775
523,10.86125525,124.721476
524,10.8613191574375,124.7216049654
525,10.86127242375,124.721559547083
526,10.87348925,124.71214975
527,10.8733065,124.712245
528,10.87327275,124.71232175
529,10.87323,124.712379
530,10.6338466693,124.776745426558
531,10.6338425,124.77677
532,10.6338737419667,124.776724783975
533,10.633998135975,124.776601705308
534,10.6340307304417,124.776589722858
535,10.63405300155,124.776537918292
536,10.634102484225,124.77647356885
537,10.6340806110333,124.776498026492
538,10.63424856425,124.7766858205
539,10.6342439288667,124.776746172892
540,10.6342629288083,124.776753133417
541,10.6342598046083,124.776745873317
542,10.6343183748833,124.776752478458
543,10.6344109786375,124.7767289758
544,10.634454158125,124.776720631425
545,10.63448180875,124.776736492975
546,10.634520848325,124.7767026739
547,10.634467949475,124.776623968
548,10.6344558962625,124.776588092588
549,10.6344739454375,124.77655697275
550,10.634458062725,124.776518472513
551,10.63445675,124.7765215
552,10.6344161732875,124.776382297013
553,10.6352236843083,124.7760935221
554,10.634604655575,124.776410329275
555,10.6345792979375,124.776405095163
556,10.6345315,124.776374
557,10.634495,124.7763625
558,10.6345905637917,124.776324741508
559,10.6346103390833,124.7763601403
560,10.634641133275,124.776375466887
561,10.634661246025,124.776358877838
562,10.6347186245167,124.776268663392
563,10.6347868677917,124.776210947092
564,10.6348270433125,124.776250581675
565,10.6348595323125,124.77628310355
566,10.634982483175,124.776206485538
567,10.63503350385,124.776205525362
568,10.635035,124.776225
569,10.6350259831167,124.776195978183
570,10.63507715785,124.776225116487
571,10.635092058075,124.776221546
572,10.6351085,124.7762215
573,10.635088557275,124.776165575988
574,10.6351195656312,124.776073484487
575,10.635210163875,124.776115243975
576,10.635221827875,124.776092119975
577,10.6352139216417,124.776030102192
578,10.6352227860375,124.776041251162
579,10.868868,124.7165045
580,10.86884725,124.716479375
581,10.8688755,124.716483
582,10.8690347076583,124.716448439842
583,10.869072,124.7164225
584,10.8691005,124.716403
585,10.8691382029875,124.716345858388
586,10.8692681603875,124.7163638673
587,10.8692665,124.7163325
588,10.8692954071625,124.716377131038
589,10.8694105,124.71635
590,10.869439875,124.716355375
591,10.8695615,124.7162275
592,10.869573,124.716197
593,10.8695805,124.716173
594,10.869744,124.716071
595,10.8698296962375,124.715953033787
596,10.8698443978375,124.715910186713
597,10.8698795,124.71589825
598,10.869859244175,124.715822566012
599,10.869904,124.7158095
600,10.870281411975,124.715098906675
601,10.87046325,124.714833
602,10.8706248829,124.714747221675
603,10.8706255180333,124.7147264634
604,10.871314165475,124.714189720592
605,10.871362516525,124.71419559195
606,10.87137925,124.71420825
607,10.871382875,124.714176
608,10.871408491825,124.71421167535
609,10.8714195,124.714215
610,10.87142625,124.71421875
611,10.8714579940125,124.714232197263
612,10.8714863798875,124.714244218112
613,10.87151645255,124.714245380313
614,10.8715275,124.714255
615,10.8715468390125,124.714246745562
617,10.8715307454125,124.71423146315
618,10.87153225,124.71420875
619,10.8715277822667,124.714126850433
620,10.8714946764125,124.714016568987
621,10.8715275,124.714151
622,10.87153825,124.71414325
623,10.8715525,124.714117
624,10.8714719519625,124.714044517787
625,10.87148975,124.71408325
626,10.8714211105375,124.714023518888
627,10.87143358555,124.714024196088
628,10.8714081196,124.714027091837
629,10.8704875,124.7151945
630,10.8713930551875,124.714414749613
631,10.871511,124.714247
632,10.871524,124.714233125
633,10.87149025,124.7140665
634,10.8714904403625,124.714178977625
635,10.871488878,124.714137570983
636,10.8714645,124.71404
637,10.871435282175,124.714024298833
638,10.8713939842125,124.71395634715
639,10.8714150601812,124.714039384963
640,10.8714292499,124.713953720425
641,10.8714872562,124.713929900375
642,10.871505,124.71392925
643,10.87154775,124.713964
644,10.87157375,124.7139765
645,10.8716134520875,124.713970372625
646,10.8716659418125,124.7140576018
647,10.8716582266375,124.714061014787
648,10.8716718323125,124.714058161138
649,10.87170175,124.7140315
650,10.8716499945667,124.713984128858
651,10.8716405853375,124.713968819725
652,10.87169425,124.71394825
653,10.87170025,124.71391825
654,10.87163242875,124.713877732187
655,10.8716323473625,124.713884079562
656,10.8716906482625,124.71386767315
657,10.8717545,124.713867
658,10.8717445,124.713866
659,10.871779,124.71381975
660,10.8718125,124.71381075
661,10.871827,124.7138085
662,10.871844,124.713813
663,10.8718175679375,124.713759229975
664,10.87196125,124.71373575
665,10.8719436517375,124.713882858837
666,10.871954,124.7138925
667,10.871634,124.714112
668,10.8714533411833,124.714046544358
669,10.871414137975,124.713987183963
670,10.8714537765375,124.713924513688
671,10.87144675,124.713942
672,10.8713828575417,124.714013131175
673,10.871369098125,124.714092401587
674,10.857655,124.725057
675,10.86007275,124.722842
676,10.859819,124.722686
677,10.8598105,124.722675
678,10.8597676138375,124.722699821475
679,10.8598065,124.72262225
680,10.8608665,124.72214975
681,10.860918,124.721919
682,10.8609358282125,124.7218775216
683,10.86104425,124.721844
684,10.861048,124.721777
685,10.86101675,124.7217675
687,10.861014230175,124.721792615025
688,10.8610735,124.721724
689,10.8554420557,124.727016690275
690,10.85596525,124.7262855
691,10.8555740039,124.726113084917
692,10.8554075544833,124.726199685625
693,10.8554105,124.726209
694,10.836315063975,124.74665392325
695,10.83690875,124.7464175
696,10.809199125,124.76522625
697,10.8091416853187,124.765403491175
698,10.809209983525,124.76535845284
699,10.8092611736125,124.7653491276
700,10.8106455,124.7647985
701,10.79854512255,124.76862389825
702,10.7984210235217,124.76868278638
703,10.798691083225,124.768671540438
704,10.799774746425,124.76813833695
705,10.7672705,124.78480675
706,10.768335,124.7840895
707,10.7684979425583,124.783990513692
708,10.768485,124.7840045
709,10.7685759946625,124.783929257975
710,10.768577,124.783938
711,10.76883105085,124.783716038217
712,10.769087,124.78367875
713,10.7691915,124.7836405
714,10.76931577715,124.7835098681
715,10.769114075975,124.783703918533
716,10.76900125,124.78373725
717,10.7689696638,124.783753563138
718,10.7561805,124.7856435
719,10.75645475,124.7857885
720,10.7559865,124.78562525
721,10.7558120261,124.785530660487
722,10.7554475,124.78530525
723,10.7550665567333,124.785080239142
724,10.7531675,124.78437
725,10.8584105,124.72428975
726,10.8743801878583,124.7106810104
727,10.8743817371875,124.710775960263
728,10.8743633838125,124.710783974563
729,10.8743288677125,124.710857209325
730,10.8743064728833,124.710877591858
731,10.8742475,124.710918
732,10.8741991523375,124.71087609075
733,10.8742627174125,124.71065197845
734,10.8743535,124.71062
735,10.63284807605,124.7768697655
737,10.6328440632125,124.776926573825
738,10.6328954547625,124.777050646938
739,10.6328864442,124.77706806035
740,10.6329047586875,124.777076505162
741,10.63300165345,124.77697361725
742,10.6328427745,124.776892249925
743,10.63291417785,124.776951593812
744,10.6331679399875,124.777044088112
745,10.633076964875,124.777046770325
746,10.63298545545,124.7770166793
747,10.6332327111125,124.777070847325
748,10.63334784705,124.77705328725
749,10.633373977625,124.777023803925
750,10.633383763475,124.7770334431
751,10.6335436902,124.777090942975
752,10.63362805405,124.776988191288
753,10.633695800825,124.776831984075
754,10.63366493445,124.77688177255
755,10.6521320168375,124.784314990962
756,10.65199402975,124.783837505388
757,10.6522716907875,124.783642751863
758,10.65229490865,124.782751032625
759,10.6530015554875,124.783921177725
762,10.6338256364625,124.776615249
763,10.6338459626,124.776513534575
764,10.634432905325,124.776414900575
765,10.6331977062,124.777055466575
766,10.63394765605,124.7765714326
767,10.6342555862,124.7767107398
769,10.634017267725,124.776551504625
770,10.6336671870625,124.776833346112
771,10.63446926185,124.776599742475
772,10.6344678998,124.776588091625
773,10.6345664081,124.776486943025
774,10.634747101,124.776305160475
775,10.6347961770375,124.776302604
776,10.7438442762875,124.786533848375
777,10.63283127035,124.77691096255
778,10.63280591505,124.776895267425
779,10.632864420775,124.7770471894
780,10.6329742447,124.776958047875
781,10.632911527075,124.776883176525
782,10.6327686016417,124.776775517958
783,10.63306688565,124.777068584225
784,10.6329771783,124.7771263984
785,10.633184420875,124.777082351525
786,10.6333172007,124.7770925041
787,10.63351336865,124.7770874016
788,10.63362616815,124.7770307609
789,10.755061630625,124.785066742925
790,10.63368733505,124.77696163115
791,10.633663132325,124.776896399
792,10.633675642325,124.77688625685
793,10.65209773485,124.784229663212
794,10.63355918625,124.776793856888
795,10.63344371505,124.7769420175
796,10.63346127515,124.7767450218
797,10.6334731983875,124.776736744662
798,10.6333826808167,124.7768123704
799,10.6333611113875,124.7768484021
800,10.6332839769333,124.776912673833
801,10.7434017222813,124.786908928075
802,10.633196647975,124.776865186862
803,10.63268263825,124.776897781975
805,10.632413034325,124.7768691159
806,10.633312643025,124.776892187075
807,10.63320036745,124.77697506315
808,10.633461379925,124.7767664166
809,10.633535182575,124.776753110325
810,10.633688445675,124.776800468125
812,10.633748397225,124.77689007065
813,10.633766669775,124.7769396915
814,10.633813818,124.776904770388
815,10.63382467255,124.77689015445
816,10.633822074175,124.776921481825
817,10.633845480625,124.77686932545
818,10.633919681425,124.7768416442
819,10.6339416839,124.776866538425
820,10.63482465455,124.776441408325
821,10.634600082425,124.7765197372
822,10.634560456975,124.77668590845
823,10.634521229675,124.7766804602
826,10.63347896095,124.776838794325
827,10.633477221675,124.7768376628
828,10.633493168275,124.776852792125
829,10.633439628875,124.7768730973
830,10.6334237940583,124.776842608108
831,10.6334040477,124.776834896775
832,10.633704189675,124.776921223392
833,10.634614017325,124.7767128772
834,10.6348220352,124.776537653525
835,10.6348720123,124.776467350325
836,10.634879074075,124.77645672625
837,10.634914152325,124.7764466051
838,10.634884920425,124.77643489135
839,10.63493850175,124.776468754275
840,10.634958785975,124.77645890555
841,10.63501416935,124.776507436775
842,10.63506517325,124.7763922275
843,10.63500673045,124.776390467325
844,10.6349974894,124.776396502275
845,10.6350336154,124.7763477196
846,10.6350034196,124.77619998855
847,10.6350888731,124.77622037755
848,10.76420750235,124.78531368425
849,10.854846501025,124.727541573825
850,10.855043234775,124.727138289013
851,10.634117661975,124.776788796275
852,10.634154060375,124.776766793825
853,10.63419914455,124.77676811395
854,10.63417765545,124.776768239675
855,10.63415795795,124.776796884825
856,10.6342290365,124.776736262725
857,10.63429192175,124.77673263755
858,10.6343820272,124.776734230125
859,10.63444013475,124.7767054173
860,10.6344790477,124.776674697625
861,10.634584722575,124.776712018075
862,10.634576571175,124.776703363775
863,10.634810971125,124.776582811025
864,10.634806591575,124.7764934809
865,10.634828154,124.7764694458
866,10.634838631375,124.77645852835
867,10.63482239145,124.776453541125
868,10.634902983425,124.776408551275
869,10.6349030463,124.7763978853
870,10.63498787115,124.776346043225
871,10.8549462456875,124.727736882638
872,10.855147421825,124.727398243275
873,10.8551913988917,124.7272749315
874,10.87301811085,124.71217427635
875,10.8729024021833,124.712184998217
876,10.872884258165,124.712285504205
877,10.872932709775,124.7120124637
878,10.8731132349875,124.711756920437
879,10.8730636665,124.711621039312
880,10.8730863919375,124.711590120563
881,10.8734910597625,124.711773500875
882,10.873301115325,124.712131884875
883,10.8733200794083,124.712143284275
884,10.87324152,124.7122005746
885,10.87323246755,124.712212225425
886,10.872930760975,124.71200670115
887,10.8734421618292,124.712151156279
888,10.8714951924,124.7142457799
889,10.873530203225,124.712160467175
890,10.8715240052125,124.71422797885
891,10.871479979275,124.71420745365
892,10.8715029107333,124.714155590633
893,10.87148456835,124.714112392375
894,10.87145384865,124.714133651
895,10.871612916225,124.71406330585
896,10.871371915575,124.714445541625
897,10.8716476697125,124.714070063788
898,10.871819865425,124.713709275225
899,10.8718434604875,124.713700882862
900,10.86198825,124.72093775
901,10.7551185647,124.785092161025
902,10.764535538625,124.78545685765
903,10.7644476962625,124.785389498588
904,10.8547926892125,124.7277143353
905,10.8550382685,124.727268774275
906,10.854996191325,124.727663656237
907,10.8552052779,124.727317609375
908,10.8730358595625,124.7121705883
909,10.8729536924667,124.712170867717
910,10.87289063679,124.71215199305
911,10.872880616225,124.712150754637
912,10.8729382732375,124.711658171125
913,10.872979543625,124.711568620988
914,10.873065772475,124.7115818434
915,10.8730963384583,124.711608078808
916,10.87310047355,124.711573231025
917,10.8731830510083,124.712091321715
918,10.873200469675,124.712118264275
919,10.873407858875,124.7121746326
920,10.8734648418417,124.712119109475
921,10.87350740445,124.7120942711
922,10.86199075,124.7209445
923,10.861993,124.72096
924,10.86198575,124.720949
925,10.861945,124.72102725
926,10.75320273405,124.784413038275
927,10.7532657659625,124.784405358363
928,10.7640356838375,124.785238393825
929,10.855368882175,124.7261878755
930,10.855339178825,124.726227333312
931,10.8553129853625,124.726768751875
932,10.8566402807,124.7254749108
933,10.85670907515,124.725288937325
934,10.85712033325,124.724973358675
935,10.85759539855,124.72463322105
936,10.857664905475,124.724571425475
937,10.857669033575,124.724553991125
938,10.8736497815583,124.711325957908
939,10.873580808975,124.7111951653
940,10.873529312675,124.711023147675
941,10.8737183455375,124.711190272363
942,10.8738634781917,124.710925002592
943,10.8738491126638,124.710917137563
944,10.8738055382833,124.710915174792
945,10.8737176330625,124.710798973681
946,10.8738927729417,124.7104610852
947,10.8740313258,124.71043647735
948,10.8743745647167,124.710714931138
949,10.8744124369583,124.7107337974
950,10.874187864825,124.710837299933
951,10.85578725,124.72549825
952,10.855615,124.726468
953,10.85737675,124.7247245
954,10.8576775,124.7246665
955,10.8577615,124.724637
956,10.87356175,124.7116705
957,10.8736140047875,124.711143217112
958,10.873743873025,124.711126098888
959,10.873872709525,124.710998663294
960,10.87385475,124.710879
961,10.873826,124.7108365
962,10.87383325,124.71055475
963,10.87387475,124.71053375
964,10.873897388925,124.710473600338
965,10.8744418343917,124.710594906008
966,10.8744953568733,124.710587986408
967,10.874395849775,124.710643938937
968,10.874517619,124.710583930162
969,10.87431787212,124.7108653072
970,10.874301709325,124.710876887787
971,10.8742603738875,124.71100295935
972,10.87422025,124.71106175
973,10.87413725,124.71085875
1001,10.633836197675,124.776885502525
1002,10.633836155775,124.776662732463
1003,10.633816164925,124.776571998375
1004,10.633968652675,124.776714826025
1005,10.634033057125,124.776388696612
1006,10.634119003075,124.776566906375
1007,10.634229728025,124.776745713325
1008,10.634445080075,124.77654190735
1009,10.6344898079875,124.776353765037
1010,10.634995875875,124.776078922425
1011,10.63502196455,124.776356772075
1012,10.635013016875,124.776415152025
1013,10.635015657175,124.7764305328
1014,10.63498963135,124.776421103125
1015,10.63497106545,124.7763940715
1016,10.633300517225,124.776860349817
1017,10.63335460495,124.776654067675
1018,10.633880684625,124.7766439989
1019,10.633926533625,124.776612462
1020,10.633937555825,124.776584801725
1021,10.633919450925,124.77646311745
1023,10.634370627825,124.7765347408
1024,10.6343814824,124.77652644275
1025,10.6344162987,124.776462970763
1026,10.874343928875,124.71078120405
1027,10.874261953875,124.7106878925
1028,10.874277030815,124.710669366413
1029,10.8743212663125,124.710618773244
1030,10.87463513715,124.710647827
1031,10.874247128375,124.71082659205
1032,10.874177349025,124.710843366337
1033,10.8741454360917,124.710761921008
1034,10.86872323375,124.716563787675
1035,10.8687155,124.716459
1036,10.8687835,124.7164135
1037,10.868813067175,124.716444715962
1038,10.868816,124.7164475
1039,10.8688275,124.716457
1040,10.868961864575,124.716452719625
1041,10.86900125,124.7164025
1042,10.8691184544917,124.716352307033
1043,10.86920600555,124.716325973625
1044,10.86918375,124.716309
1045,10.8692393522875,124.71631348495
1046,10.86921725,124.71631825
1047,10.8692792807,124.716324838962
1048,10.86926775,124.71632975
1049,10.869468555525,124.716334973575
1050,10.86947425,124.7163355
1051,10.869742389775,124.715767409642
1052,10.869034600925,124.7164487117
1053,10.869028649775,124.716435594025
1054,10.869321723025,124.716415582225
1055,10.8691437333,124.716338552525
1056,10.869305640225,124.71635443625
1057,10.869360342625,124.716418243475
1058,10.8698084601,124.7160384385
1059,10.8698033262,124.71602016595
1060,10.8715502615,124.7140212916
1061,10.871574506175,124.714013999325
1062,10.8716898621,124.71394122345
1063,10.87179581235,124.713807849414
1064,10.871824548825,124.713840724463
1065,10.8574213693,124.724851464875
1066,10.857662872875,124.7250020667
1067,10.8579949639,124.725030544225
1068,10.869562535075,124.7161023086
1070,10.86960993475,124.716121733625
1071,10.869845256675,124.715922202475
1072,10.869850998275,124.7159151407
1075,10.8700255933,124.715695367225
1076,10.871170666075,124.714361659725
1077,10.871466463425,124.7142470267
1078,10.8714473946,124.7141870018
1079,10.871581840325,124.714212514225
1080,10.871497916525,124.714264094375
1081,10.8715318423,124.714185053
1082,10.87168391095,124.714153631375
1083,10.871766619375,124.71388338835
1084,10.86193275,124.72103975
1085,10.8619045,124.7210625
1086,10.8619195,124.7210835
1087,10.8619135,124.721093
1088,10.861914737025,124.721117549013
1089,10.861887,124.7211485
1090,10.8617755,124.72108425
1091,10.8617575,124.72108575
1092,10.8617905728375,124.721223185938
1093,10.8616235,124.721231
1094,10.861613,124.7212805
1095,10.8616035,124.721307
1096,10.861609,124.721331
1097,10.86160575,124.72136175
1098,10.87083523625,124.714510041675
1099,10.8706753477,124.714684066113
1100,10.87039275,124.7149985
1101,10.8694876336875,124.71630011845
1102,10.869558,124.71615825
1104,10.6341886043375,124.776382148275
1105,10.8715464992,124.714133109225
1106,10.857522916025,124.725209455925
1107,10.857485365125,124.72486087355
1108,10.857898173875,124.725016441675
1109,10.858088526875,124.725099611075
1110,10.858204490525,124.724932140675
1111,10.858418878625,124.72433851335
1112,10.85821337535,124.72437009215
1113,10.8585332497,124.723945129675
1114,10.859554102625,124.722869961975
1115,10.859732616225,124.722681452975
1116,10.859766227675,124.72271064295
1117,10.859664995225,124.722740838775
1118,10.8695337223,124.71617958975
1119,10.8696293179,124.7160176409
1120,10.8696247811875,124.715953728887
1121,10.869696860325,124.715933848056
1122,10.8697293209833,124.715893550308
1123,10.86985259085,124.715833689525
1125,10.634075857225,124.776495440163
1126,10.87144135265,124.714277484458
1127,10.871428870575,124.714217113775
1128,10.871414097475,124.714215940325
1129,10.8714086387875,124.7141971544
1130,10.8714052336417,124.71419263165
1131,10.871400930925,124.714169581408
1132,10.871337864075,124.714033204362
1133,10.8714382373625,124.714001625537
1134,10.871394532725,124.714049601467
1135,10.8714103046875,124.714020621025
1136,10.87141068185,124.71400838345
1137,10.871424218625,124.71399078145
1138,10.8714166120625,124.713980325025
1139,10.87140934075,124.713985291312
1140,10.871353475375,124.714001154075
1141,10.8713750902,124.713972938488
1142,10.871357687275,124.713961968675
1143,10.8714386774375,124.713913007875
1144,10.8715079119375,124.713870857387
1145,10.8716046391,124.7138749226
1146,10.87178298505,124.713934612225
1147,10.871765005875,124.71400042065
1148,10.87003965395,124.7156289825
1149,10.8701429609,124.715433495575
1150,10.870288261225,124.715271934425
1151,10.63394722645,124.776594220875
1152,10.6341744808,124.776380168025
1153,10.63455101685,124.776390373
1154,10.63342361245,124.776719044892
1155,10.633458299575,124.776669982825
1156,10.6335164071,124.776605903163
1157,10.633673002,124.776742507225
1158,10.63391379315,124.776698208875
1159,10.633884100225,124.77642671905
1160,10.63436561965,124.77637299105
1161,10.635223633125,124.775883487875
1162,10.635240543625,124.7758879303
1163,10.635296262375,124.77589174405
1164,10.635298232075,124.77588694545
1165,10.635890602125,124.775752353
1166,10.6358044362,124.77592736715
1167,10.635759613925,124.775954755025
1168,10.635719338875,124.775978203375
1169,10.6353253685,124.77608599465
1170,10.63522042705,124.7761211777
1171,10.63474582275,124.7763128509
1172,10.635196832,124.77594320895
1173,10.635205276775,124.775984049775
1174,10.640727023125,124.780780132825
1175,10.640497568525,124.7807879909
1176,10.861934626025,124.720888060975
1177,10.861946360675,124.720891539475
1178,10.861871007375,124.7209259472
1179,10.861863065525,124.7209146316
1180,10.86185744965,124.720992834775
1181,10.8618601947,124.721017288975
1182,10.861895126275,124.72103388515
1183,10.8618715521875,124.721103821638
1184,10.8618799445625,124.72108256305
1185,10.861604840025,124.721273534225
1186,10.8616375504,124.721347431225
1187,10.871201050475,124.714557104775
1188,10.8712018258,124.7145608766
1189,10.871070732825,124.714586169
1190,10.870980585475,124.7146720416
1191,10.870776025125,124.714883998975
1192,10.634526415975,124.77635918185
1193,10.634561819025,124.776291979925
1194,10.6347325165,124.776288564325
1195,10.63503849785,124.7763994988
1196,10.6348977238,124.776222472975
1197,10.6349121826,124.776208433325
1198,10.635192201,124.7758699092
1199,10.635347182375,124.77597363525
1200,10.63327882205,124.776795061775
1201,10.635129336725,124.77586234455
1202,10.635193584025,124.77614760165
1203,10.640589580875,124.78532448645
1204,10.641066113,124.782967065688
1205,10.6409335113,124.78264282225
1206,10.640746406275,124.782256269825
1207,10.640639516075,124.782230055425
1208,10.635353259275,124.776316706525
1209,10.6355684856,124.776237937625
1210,10.635606728025,124.77620220975
1211,10.635658549175,124.77607019475
1212,10.63565974355,124.7760471655
1226,10.870195,124.7152815
1227,10.6408371194,124.78494449285
1228,10.641093982825,124.782757465725
1229,10.640965970225,124.7838376835
1230,10.640564550425,124.781968361925
1231,10.635490135725,124.775878814975
1232,10.635504385025,124.7756732488
1233,10.63552682755,124.77561608425
1234,10.635455539425,124.7756892373
1235,10.635343745825,124.7757468
1236,10.63533442095,124.775758388
1237,10.635735515975,124.775611893275
1238,10.63581189605,124.775652189275
1239,10.635806510675,124.775720858025
1240,10.6357930787,124.7757556429
1241,10.63574817265,124.775824500225
1242,10.635741194725,124.77580999955
1243,10.635699578575,124.775843087125
1244,10.63585820605,124.775742776675
1245,10.6359093776,124.77543428075
1246,10.636149246725,124.775448425175
1247,10.6361557427,124.775393167525
1248,10.636173994275,124.775425144475
1249,10.636180280725,124.77549653735
1250,10.636226318325,124.7756723268
1251,10.641068218975,124.780627781275
1252,10.6410584226,124.779944666675
1253,10.641210596075,124.7805598774
1254,10.640667804975,124.78083075955
1255,10.6407374167,124.781180096325
1256,10.63522650395,124.775839839125
1257,10.635161669925,124.77581320565
1258,10.635339093875,124.77588673585
1259,10.63537054695,124.775987339675
1260,10.635395776475,124.77604890475
1261,10.63536652365,124.7760514403
1262,10.635342195175,124.77604205255
1263,10.63533362465,124.77602287895
1264,10.63535654915,124.77608494695
1265,10.635279268025,124.7761259973
1266,10.6353220786,124.77621853355
1267,10.6353373546,124.776206505475
1268,10.63528524015,124.77619183715
1269,10.7995012029875,124.7683111299
1270,10.76913545375,124.783610528687
1271,10.7690936769417,124.783721992275
1272,10.861505608775,124.7213342716
1273,10.8614683093,124.721366353338
1274,10.861428400975,124.7213898855
1275,10.8614648832,124.721449585625
1276,10.640461358725,124.78126441825
1277,10.861462745825,124.7214556206
1278,10.861388398325,124.721468151575
1279,10.86143257095,124.721477141125
1280,10.861446422075,124.72150825895
1281,10.8613887336,124.721540193975
1282,10.8613448648125,124.72150655115
1283,10.861426074975,124.721607731175
1284,10.7429630868125,124.787134076463
1285,10.7436531165,124.7867857036
1286,10.7282109582,124.793459165375
1287,10.7282214669875,124.793381360375
1288,10.7277337764125,124.793462643863
1289,10.8612727490375,124.7214491351
1290,10.861156973975,124.721502747875
1291,10.861156973975,124.721502747875
1292,10.861131094875,124.721475548575
1293,10.861102743075,124.721494931725
1294,10.861055217675,124.7215058701
1295,10.86102979955,124.721526803925
1296,10.8609953709,124.72154685765
1297,10.86098075495,124.72154832445
1298,10.8610433363125,124.72162169755
1299,10.861069194525,124.7216822463
1300,10.861028353675,124.72166925435
1301,10.636248865625,124.7757337871
1302,10.636300833425,124.775714529675
1303,10.79842963955,124.768661221013
1304,10.7988761225667,124.768643339617
1305,10.8121299964875,124.764248578575
1306,10.79899549135,124.76851456915
1307,10.8116614061875,124.76427703515
1308,10.8111116197,124.764593350692
1309,10.76848395985,124.783946197713
1310,10.768612988775,124.783879310125
1311,10.7686566515,124.783874710542
1312,10.769091616375,124.783653113975
1313,10.8615613379375,124.7214394645
1314,10.861552348375,124.7214647359
1315,10.861552348375,124.7214647359
1316,10.861538287725,124.721466611375
1317,10.86148801725,124.721495979475
1318,10.861489672675,124.72153975395
1319,10.861388775525,124.721556392
1320,10.86139698975,124.721528417425
1321,10.86138898505,124.7215248132
1322,10.86134887765,124.721599076875
1323,10.86134887765,124.721599076875
1324,10.8612843998625,124.721610025738
1326,10.8098470500875,124.765014235675
1327,10.7686308142917,124.78389495285
1328,10.7690253469625,124.783687354063
1330,10.86151299535,124.72136731725
1331,10.7685047364625,124.783978813812
1332,10.8615162782333,124.7213671915
1333,10.8615608699667,124.721398986867
1334,10.8615542762,124.721427038325
1335,10.8612939762,124.72166240215
1336,10.86124924196,124.72156706638
1338,10.7434973598,124.786584558887
1339,10.728107022575,124.793401298825
1340,10.72717630655,124.793340970063
1341,10.8613288973,124.72161132495
1342,10.8613170893,124.72159635275
1343,10.861184655225,124.7217174084
1344,10.861154648025,124.7217215155
1345,10.861148592075,124.7216205136
1346,10.861138680475,124.721737755475
1347,10.8610446565,124.7217037459
1348,10.8610788756,124.721827819
1349,10.8610519278,124.72184980055
1350,10.861009001975,124.721858957788
1351,10.7693134783917,124.783502379425
1352,10.769360612625,124.783488179087
1353,10.8614694304,124.721312855825
1354,10.86146435935,124.721337268125
1355,10.86147366325,124.7213365766
1356,10.861522005875,124.72139589955
1357,10.8615561830875,124.7213929554
1358,10.86152757985,124.721424523725
1359,10.861526092075,124.721415073175
1360,10.86151613855,124.721427520275
1361,10.861498725125,124.721422889275
1362,10.86146704155,124.721493821125
1363,10.861337960225,124.721514796825
1364,10.8612477081,124.721504088975
1365,10.861215353925,124.721490635975
1366,10.861028353675,124.72166925435
1367,10.861022758775,124.721712861225
1368,10.861006267375,124.721761245775
1369,10.861014230175,124.721792615025
1370,10.86096710295,124.721771073525
1371,10.860960020225,124.721759338875
1372,10.860944147,124.721781529962
1373,10.860956416,124.721760302775
1374,10.860934497325,124.721793138875
1375,10.86090682655,124.721790865287
1376,10.860933114325,124.721846950675
1377,10.860971272925,124.72185319525
1378,10.860988644425,124.7218724736
1379,10.860995632825,124.72192692455
1380,10.860949626675,124.7219240642
1381,10.8609465672625,124.721930717338
1382,10.860949626675,124.7219240642
1383,10.860949626675,124.7219240642
1384,10.860928609025,124.72191637385
1385,10.8609128301,124.721911198
1386,10.86087852715,124.721902753225
1387,10.86087852715,124.721902753225
1388,10.8608458587,124.721902732275
1389,10.860833767825,124.721893302625
1390,10.860804745475,124.721886115125
1391,10.860804745475,124.721886115125
1392,10.641500798525,124.778086901625
1393,10.6413822365,124.778155423675
1394,10.640795105125,124.779145997025
1395,10.640968002825,124.778788676475
1396,10.640927245825,124.7790023731
1397,10.6407882529375,124.77931985865
1398,10.652966634375,124.783779890275
1399,10.6527726666375,124.78372051495
1451,10.6415455998,124.777936425525
1452,10.64150291495,124.778084093725
1453,10.641234987425,124.77840824285
1454,10.641132162425,124.77847846225
1455,10.64109861385,124.7785299062
1456,10.6411072891,124.778611504025
1457,10.641048741525,124.7786541679
1458,10.6410143966875,124.77873751545
1459,10.640652948075,124.77953699185
1931,10.768508990275,124.78398331905
2000,10.861429867825,124.7214149474
2001,10.87466876255,124.710680313867
2002,10.8743583841792,124.710603050196
2003,10.8740848170163,124.710701151617
2004,10.874136754425,124.710742856844
2005,10.8741648634833,124.710762135225
2006,10.8740413980667,124.710649852642
2007,10.8738400403,124.710470874563
2008,10.8738042018389,124.71089825965
2009,10.874248459,124.71081810535
2010,10.87428632775,124.710654350925
2011,10.8740718197,124.710785518408
2012,10.8739868318778,124.710769318039
2013,10.8738987520417,124.710764056075
2014,10.8738576407964,124.710740171632
2015,10.8738913829333,124.711105681492
2016,10.87375289995,124.711275380125
2017,10.873105628425,124.711664509975
2018,10.872974677945,124.71172185894
2019,10.8729199064,124.712266079175
2020,10.873009099074,124.712172535439
2021,10.8732908318125,124.712201077487
2022,10.8733634417833,124.71216190605
2023,10.87309531865,124.711760357025
2024,10.8714243024875,124.7139837197
2025,10.8714108023437,124.714031816106
2026,10.871367858735,124.714047832885
2027,10.871370993525,124.71402204595
2028,10.87138919625,124.713980464733
2029,10.87138434593,124.71394607238
2030,10.871405988,124.713949647275
2031,10.871593281625,124.714017191442
2032,10.871589740275,124.71424950985
2033,10.87141156195,124.714205379125
2034,10.8714495215125,124.71419008215
2035,10.8713530562875,124.714197353462
2036,10.8713565243,124.714162306625
2037,10.8713983185625,124.714198872675
2038,10.871509856555,124.71412428841
2039,10.8714367286375,124.714033036712
2040,10.8714298974,124.71407652835
2041,10.871431170375,124.714053939094
2042,10.8714242395917,124.713940524975
2043,10.8714945742375,124.714258237525
2044,10.871517687325,124.714214064887
2045,10.871561556125,124.7142280103
2046,10.871651933975,124.714100940625
2047,10.8717739675167,124.713915358296
2048,10.8718620264,124.713969826675
2049,10.8718583174,124.713815515875
2050,10.8718888066,124.713823855875
2052,10.87154912995,124.713993966575
2053,10.87165811565,124.713959454075
2054,10.871371727,124.71441624685
2055,10.8712430438,124.71432565945
2056,10.871002043125,124.71439179265
2057,10.8709498029125,124.7144657001
2058,10.870859320275,124.71449147445
2059,10.870295532525,124.715072424125
2060,10.870303688949,124.714984568397
2061,10.869658668525,124.715907394417
2062,10.86888563355,124.716649185875
2063,10.86872872955,124.716799441962
2064,10.869572478125,124.715707793375
2065,10.86899288,124.71646744525
2066,10.869075316,124.716436998
2067,10.869127619075,124.716335136925
2068,10.869175563575,124.716350308175
2069,10.8692140889,124.716373714625
2070,10.8691970422,124.716346054325
2071,10.869060857225,124.716329143825
2072,10.8690568339,124.716345745244
2073,10.86932966485,124.716344734175
2074,10.86936939505,124.716401395875
2075,10.869365036475,124.716405544875
2076,10.8694588194938,124.716289879881
2077,10.861898667625,124.7209187178
2078,10.86196628865,124.720949458425
2079,10.862013918825,124.72095069475
2080,10.861996337775,124.7209737869
2081,10.8619777509,124.72103753125
2082,10.861951599375,124.7210671613
2083,10.861897033175,124.721165669625
2084,10.861873480025,124.72116965105
2085,10.8618217218,124.7211692948
2086,10.8618408535,124.72123035695
2087,10.8618078287625,124.72120321005
2088,10.861636796025,124.721382048425
2089,10.861600607175,124.7214161628
2090,10.861426682675,124.72140428145
2091,10.8613934065,124.721418719275
2092,10.8616130124,124.7214441374
2093,10.861521817275,124.72144925035
2094,10.86154622955,124.7214945755
2095,10.86158805525,124.721356253125
2096,10.86157829035,124.72131780115
2097,10.86156827395,124.72132909575
2098,10.8615361084,124.721454111875
2099,10.861504592475,124.721442733425
2100,10.861504592475,124.721442733425
2101,10.861526532125,124.7214950365
2102,10.861432005175,124.721509495275
2103,10.861454321975,124.721507777
2104,10.861362121075,124.72149371635
2105,10.86135449355,124.72152980045
2106,10.861329515475,124.7216084227
2107,10.8612450678,124.721588809025
2108,10.861170343125,124.721619088675
2109,10.8611126756,124.721616071175
2110,10.86112151855,124.72159668805
2111,10.86104800925,124.72172857725
2112,10.8609618852,124.721685347625
2113,10.860937745325,124.721703263925
2114,10.86096653715,124.7217609943
2115,10.8609064808,124.721769292375
2116,10.860950297225,124.72182966305
2117,10.860888333975,124.72189223395
2118,10.8608534653,124.721937831475
2119,10.86091961945,124.721895251425
2120,10.860900823025,124.721913964025
2121,10.8609473006875,124.721883160525
2122,10.8609445975,124.721890473725
2123,10.8610367356,124.7218879592
2124,10.855364114975,124.726633478425
2125,10.855407658975,124.72706870875
2126,10.85482138675,124.727698273475
2127,10.8551129826875,124.727375266375
2128,10.8108481206,124.764681451475
2129,10.76826462429,124.78409731296
2130,10.7551312109,124.785081641737
2131,10.75326053775,124.78440948645
2132,10.7643207767917,124.785289128792
2133,10.653731378275,124.783875863075
2134,10.65383175155,124.7838916001
2135,10.653836204425,124.783917060125
2136,10.6539246754375,124.7839397646
2137,10.653391995,124.784391035775
2138,10.64071914415,124.7852452565
2139,10.640669732825,124.7841119184
2140,10.64108893275,124.782946959625
2141,10.6409585313,124.782799019
2142,10.641086124825,124.782651602275
2143,10.6411394966,124.782674736325
2144,10.640571496925,124.78184784065
2145,10.653480424075,124.783963894025
2146,10.652058036075,124.78392598685
2147,10.651874545725,124.782912300425
2148,10.6324899802,124.776897279062
2149,10.6325176369958,124.776845234458
2150,10.6325614437071,124.776758631029
2151,10.6327227945542,124.776616834563
2152,10.632702042335,124.776626260725
2153,10.6326928921111,124.776706581461
2154,10.6326449092,124.776745482813
2155,10.6326845171917,124.776737582875
2156,10.63273853855,124.776695813058
2157,10.63271445455,124.776934983671
2158,10.633106552975,124.777056660975
2159,10.633794434825,124.77686787955
2160,10.63316479675,124.777018858575
2161,10.6331474916167,124.777058644683
2162,10.6338827381937,124.776697999338
2163,10.6338582350917,124.776510167858
2164,10.6340938573667,124.776468467892
2165,10.63427821735,124.776665729
2166,10.634256885375,124.776713631575
2167,10.6342377956,124.77671120085
2168,10.6343173608,124.7767883353
2169,10.63433072995,124.77674657245
2170,10.6344287982,124.776766353775
2171,10.634455243125,124.7767620371
2172,10.634827588225,124.77625262695
2173,10.63329925295,124.776773960325
2174,10.633290682475,124.77689424065
2175,10.633351178825,124.776836175
2176,10.633389987025,124.776855034275
2177,10.633556231625,124.776804816188
2178,10.6336390133812,124.776801122925
2179,10.63368413738,124.77679392603
2180,10.6337313714875,124.776787601863
2181,10.633905830325,124.776633647275
2182,10.633093330525,124.777052931
2183,10.63324810235,124.77710020495
2184,10.633169207725,124.77695360545
2185,10.63336595195,124.777056011375
2186,10.63336404505,124.777000806062
2187,10.6337352586,124.776895545075
2188,10.6337456102417,124.776952697442
2189,10.633748564875,124.776938930167
2190,10.633839801875,124.776899521275
2191,10.8745247475,124.710581589
2192,10.874151279215,124.71066456148
2193,10.87404098595,124.7106250911
2194,10.8739078970187,124.710676723631
2195,10.87386978977,124.71056930535
2196,10.87400035465,124.710513716575
2197,10.8739603415625,124.710456311013
2198,10.8737757825167,124.710652960917
2199,10.8738294372,124.710749845263
2200,10.873749597465,124.71078174888
2201,10.8738634702095,124.710798473769
2202,10.8738635934437,124.710855609169
2203,10.8743577013938,124.710656806138
2204,10.8744107640875,124.7106648737
2205,10.8742960239778,124.710638779214
2206,10.874478206975,124.71072437475
2207,10.874361803275,124.7108060983
2208,10.874312622475,124.710843334912
2209,10.8743190975,124.710854629525
2210,10.8741421450313,124.710935698231
2211,10.87393274623,124.710887624885
2212,10.8737692516333,124.710829560642
2213,10.8737599616875,124.71080065005
2214,10.8737228193687,124.710650776406
2215,10.8739585529214,124.710758270561
2216,10.8737213091464,124.711141434296
2217,10.8737307437833,124.711279431362
2218,10.8736700692708,124.711352098971
2219,10.87366698123,124.711100860505
2220,10.873630887375,124.710983214917
2221,10.8735687914375,124.711060761475
2222,10.87351647998,124.711013952745
2223,10.8735567424375,124.711268355031
2224,10.8735239668917,124.711691185361
2225,10.87310426635,124.712005611525
2226,10.87351205852,124.71209473209
2227,10.8735177624,124.71199418698
2228,10.8735482086188,124.71201586885
2229,10.8734225342083,124.712044510517
2230,10.8733071014333,124.712175086608
2231,10.8731782314188,124.712227695262
2232,10.8733209804667,124.712214348833
2233,10.8732661628,124.712140413475
2234,10.873238879725,124.712090520175
2235,10.8730793721,124.712215759792
2236,10.8730415749625,124.712173333387
2237,10.87294081925,124.712231063775
2238,10.8728738373563,124.712179714119
2239,10.8729357621417,124.712108247917
2240,10.8555837418,124.72689376795
2241,10.855374215175,124.726866495325
2242,10.855157291525,124.727404121075
2243,10.8550400077375,124.727649689875
2244,10.85500882705,124.727592326225
2245,10.85498460335,124.72752053525
2246,10.85485552205,124.727569737
2247,10.855001430025,124.727662692325
2248,10.854944244475,124.727734525225
2249,10.854852043575,124.727700599475
2250,10.8547954342875,124.727721355138
2251,10.854899631825,124.727715288725
2252,10.85492352025,124.72767170285
2253,10.8614042087125,124.721431407387
2254,10.8613804565,124.721494889813
2255,10.836131460975,124.7466057306
2256,10.8359925728,124.746557073675
2257,10.861406450875,124.721462839512
2258,10.64074206865,124.78518566115
2259,10.640804471925,124.784925549775
2260,10.640654582525,124.7845599102
2261,10.640656028425,124.784080947275
2262,10.640665688575,124.784052658375
2263,10.64087167385,124.7835467686
2264,10.640829910975,124.78332577975
2265,10.65293489212,124.78347637318
2266,10.65269805025,124.7834185115
2267,10.65266353636,124.7832866069
2268,10.6522658017958,124.78281279187
2269,10.65198385622,124.782926117999
2270,10.6518397311313,124.782929326167
2271,10.7282364301929,124.793466493543
2272,10.728198783475,124.793355523175
2273,10.728033890475,124.7934257635
2274,10.72770626285,124.793455686875
2275,10.769340076975,124.78344916135
2276,10.7692550949292,124.783519342317
2278,10.7689189911,124.783792169775
2279,10.7690424356,124.783539245825
2280,10.7686112076,124.783874354325
2281,10.7686005337812,124.783944251544
2282,10.871486885935,124.714199499215
2283,10.87150036825,124.71426438775
2284,10.8715401263917,124.714259211917
2285,10.8715290622667,124.714217861183
2286,10.871517383525,124.71421866445
2287,10.87149759695,124.7141501319
2288,10.871587099975,124.714179122825
2289,10.8715184522,124.71426501635
2290,10.8715246129,124.71422402885
2291,10.871544771375,124.7141129372
2292,10.87161050645,124.714082081325
2293,10.871451732225,124.714159208808
2294,10.8714702562438,124.713893965238
2295,10.8092084736625,124.765300570275
2296,10.809133728025,124.7652508761
2297,10.809807444475,124.7650422505
2298,10.810730019575,124.764786518675
2299,10.8108239760556,124.764702478422
2300,10.8114991063437,124.764419700375
2301,10.81120705465,124.764569147958
2302,10.81116106245,124.764616180912
2303,10.79989835855,124.767938365675
2304,10.799813072675,124.768164425617
2305,10.799476965325,124.768353406112
2306,10.79884913285,124.76865953865
2307,10.7984952279375,124.768615267233
2308,10.7985087751875,124.768613768962
2309,10.743793536572,124.78653619848
2310,10.743559123935,124.786463947495
2311,10.7434977649292,124.7865959478
2312,10.7436589314625,124.786780412525
2313,10.7435818965438,124.786929070838
2314,10.742889837375,124.787203696555
2315,10.7645414625433,124.78542956756
2316,10.764436317845,124.785302360295
2317,10.7644398626824,124.785374923764
2318,10.763886664075,124.7851399379
2319,10.76387997949,124.785111234065
2401,10.8618105948,124.720997067625
2402,10.8617810905,124.721018609125
2403,10.861829370275,124.72108302405
2404,10.861839439,124.721081787725
2405,10.861898018075,124.7210838203
2406,10.861798692475,124.7211434785
2407,10.86186166155,124.721125918425
2408,10.861825724125,124.7211957397
2409,10.861825724125,124.7211957397
2410,10.7551673822833,124.785224839583
2411,10.861850450725,124.72122059205
2412,10.8618701063,124.72122128355
2413,10.861887393975,124.7212500125
2414,10.861886052875,124.7211578116
2415,10.861883035375,124.721126589
2416,10.8618824277,124.721181071375
2417,10.861656262975,124.721263444525
2418,10.861656262975,124.721263444525
2419,10.861623636425,124.721314469325
2420,10.861642810075,124.721386218475
2421,10.8615920157,124.721391708575
2422,10.861555365825,124.72134745215
2423,10.86151387545,124.721424921875
2424,10.8612595056,124.721461026925
2425,10.860885903225,124.721652867725
2426,10.8609031071,124.7216739063
2427,10.860155986175,124.7223917744
2428,10.860012718475,124.722331089425
2429,10.8599918266,124.722449358075
2430,10.85995959815,124.7227208689
2431,10.859760842275,124.7227315977
2432,10.859574491625,124.722905836525
2433,10.856767643725,124.725209099675
2434,10.856992027275,124.725343922625
2435,10.8567277668,124.72522083435
2436,10.8571596234,124.7251630202
2437,10.857223828775,124.725027254325
2438,10.857097953575,124.725025116925
2441,10.857462650175,124.724857436975
2442,10.85726839955,124.7248192993
2443,10.8572120522,124.7248369013
2444,10.8571284637,124.72490112765
2445,10.85745774675,124.72465870205
2446,10.8575121453,124.72443446515
2447,10.85774876224,124.724589440257
2448,10.85781892295,124.724596655
2449,10.85778581445,124.724573059925
2450,10.8577111456333,124.724519150367
2451,10.8577792905333,124.724512277167
2452,10.85801105715,124.724369987375
2453,10.858044207575,124.724301884425
2454,10.858221254325,124.724321058
2455,10.85840328412,124.72429859452
2456,10.858385371975,124.724362024575
2458,10.8713747654,124.71447173505
2459,10.87138323115,124.71450337675
2461,10.869807201996,124.7158147079
2462,10.870857120025,124.71445746485
2463,10.870783694575,124.71450448735
2464,10.87071009726,124.71459516696
2465,10.8705491759,124.714694051067
2466,10.8705605683,124.714662004275
2468,10.8703536610083,124.715018577417
2469,10.8703077002333,124.714999557475
2470,10.870227639125,124.7151391441
2471,10.869789265575,124.71576059935
2472,10.8697710279333,124.715920868333
2473,10.8699222654,124.7158620204
2474,10.8698254544,124.71586801345
2475,10.8698197233,124.715892121875
2476,10.869873315075,124.7158857831
2477,10.8730614557767,124.711650487045
2478,10.86989751785,124.715885971675
2479,10.8699217625,124.71593452385
2480,10.86975458545,124.7159119346
2481,10.869735981805,124.715950336315
2482,10.86965421215,124.7159067169
2483,10.8696323214167,124.71595314565
2484,10.869630596125,124.716023392975
2485,10.8729571789179,124.711674505386
2486,10.8729648543562,124.711564707688
2487,10.872994023365,124.711605451065
2488,10.8729152313925,124.711682849557
2489,10.872807727181,124.711773597075
2490,10.87280531238,124.71177220232
2491,10.8728414936917,124.711760255742
2492,10.8729273872375,124.71173658385
2493,10.872851992025,124.7121764661
2494,10.86951039965,124.7160820663
2495,10.8694541675625,124.716128061988
2497,10.869285387475,124.716344063625
2498,10.869333667225,124.716370885725
2499,10.869248308,124.716326859788
2500,10.869125716375,124.716315284375
2501,10.869099874975,124.716384338675
2502,10.855606708225,124.726181630975
2503,10.8555073198,124.726161304875
2504,10.85534642915,124.726238648875
2505,10.855285031725,124.726263752675
2506,10.86088590325,124.722006248775
2507,10.860873141825,124.7220068355
2508,10.86087974255,124.722024856575
2509,10.860984746825,124.7219708981
2510,10.861011317475,124.7219526884
2511,10.860961780425,124.721885570325
2512,10.8609729493,124.7218858427
2513,10.861025671475,124.721858475825
2514,10.861055217675,124.7218260588
2515,10.861072798725,124.721848040375
2516,10.861055196725,124.721779874525
2517,10.861020872825,124.721794459025
2518,10.860999184675,124.7217808175
2519,10.860997717825,124.72178287105
2520,10.861031580725,124.721765541475
2521,10.8610789594,124.721753220075
2522,10.861090421675,124.721788256425
2523,10.861092915275,124.7217290383
2524,10.861089709225,124.721706009025
2525,10.8610949479,124.7216989263
2526,10.6324652536,124.7769352072
2527,10.632519536875,124.776938518037
2528,10.6325228372625,124.776890866937
2529,10.6325742393,124.77674370165
2530,10.6326615703263,124.776767257044
2531,10.6327047874361,124.776618937031
2532,10.6327451582536,124.776621598282
2533,10.6327584735,124.7766961658
2534,10.632804343475,124.77677504995
2535,10.632597960065,124.77692660736
2536,10.632667383175,124.7769633075
2537,10.6326611072375,124.776899426963
2538,10.632690601075,124.7768478049
2539,10.63276444565,124.77694708855
2540,10.6327765365,124.77699482345
2541,10.63278079035,124.77703851415
2542,10.63278657385,124.77702897975
2543,10.632810420375,124.777058672625
2544,10.632903710925,124.777059720375
2545,10.632944405075,124.7770955111
2546,10.6327251868625,124.7770095337
2547,10.6329561607,124.776972807025
2548,10.6329364527375,124.776956926788
2549,10.63291194615,124.776948262
2550,10.632898220775,124.77694679515
2551,10.6328958738688,124.776913723319
2552,10.633066571325,124.777086207175
2553,10.63326733885,124.777068458475
2554,10.653977973875,124.7838923335
2557,10.652412381025,124.78403394575
2559,10.65239379415,124.7839786671
2560,10.6522914860333,124.783646785658
2561,10.652414322825,124.783629518942
2563,10.8745179791,124.71059127015
2564,10.6523692142,124.783815597175
2566,10.87437808515,124.71077403755
2567,10.874198188575,124.71082210775
2568,10.87430721615,124.71089731435
2569,10.874257595275,124.7111099423
2570,10.87356367428,124.711142606575
2571,10.87356248405,124.711134228875
2572,10.8736117696292,124.711561007429
2575,10.8715515712,124.714246670475
2576,10.8714631945,124.7142647859
2577,10.8714702876875,124.714179379519
2578,10.871390167175,124.7141502891
2579,10.8714765741042,124.714111295758
2582,10.855597802425,124.7269561817
2584,10.8715408528313,124.714115378437
2585,10.8715539565375,124.714123044396
2586,10.871510237925,124.7141580633
2587,10.871512165725,124.7142227087
2588,10.871524633875,124.71422792645
2589,10.8714782190583,124.714145015458
2590,10.8714644098625,124.714165858475
2591,10.8714722783625,124.714187001812
2592,10.8714564156375,124.714199668938
2593,10.87147552635,124.714194168337
2594,10.8714988070875,124.714193235862
2596,10.8715557883438,124.714150592931
2597,10.87108628125,124.714285747608
2598,10.871564189425,124.714155478875
2599,10.8715663338083,124.714154514958
2600,10.8715479669562,124.714098583194
2601,10.8718812419167,124.713762584142
2602,10.8718815841833,124.713788365475
2603,10.8718851744167,124.713781659958
2604,10.8719044440812,124.713780180912
2605,10.87190938415,124.713773973063
2606,10.87168850005,124.7140176664
2607,10.8718691824562,124.713773658737
2608,10.871861890175,124.713757125425
2609,10.87199673197,124.71383254369
2610,10.873055786835,124.711602692037
2611,10.872973620425,124.711670307433
2612,10.8729134491862,124.711733613515
2613,10.8738724625312,124.710740824225
2614,10.8739507617417,124.710754039683
2615,10.8739505242625,124.710789530071
2616,10.8739949378625,124.710829986738
2617,10.8738823374813,124.710748037906
2618,10.8738574551929,124.710860604621
2620,10.874247071805,124.71062443731
2621,10.874330014925,124.710610684713
2622,10.87431833265,124.710610538025
2623,10.87288162205,124.712209700375
2624,10.8729520981375,124.712155663306
2625,10.873080553111,124.712170733333
2626,10.87311545409,124.71208868247
2627,10.873116021975,124.712191867863
2628,10.8731628391025,124.71203341846
2629,10.8734798908625,124.711972230575
2630,10.8734359951464,124.711765380179
2631,10.8734416588917,124.712165601083
2632,10.87359314085,124.711405173875
2633,10.8736026752583,124.7111336491
2634,10.873546768,124.7111582011
2635,10.8737428940375,124.710704603912
2636,10.873933739475,124.710461350625
2637,10.8738655038083,124.710627787275
2638,10.8739367988833,124.71091727725
2639,10.87409517495,124.710918059575
2640,10.87413973525,124.710765886131
2641,10.8741321635917,124.710764649792
2642,10.874152083885,124.71072372935
2643,10.872808626125,124.711873282212
2644,10.8732857031375,124.711839754612
2645,10.764219857295,124.7852850412
2646,10.7641906254,124.785312827205
2647,10.7641529885625,124.785236445013
2648,10.7640976470625,124.785204248038
2649,10.7640590798,124.785217030425
2650,10.7565894315375,124.786017313613
2651,10.75651846825,124.7859636694
2652,10.75649587065,124.78581134929
2653,10.7564619323125,124.7858674766
2654,10.75450057745,124.784812991262
2655,10.7532818068375,124.784401960196
2656,10.7683607144375,124.784115910288
2657,10.7684744463625,124.7839634749
2658,10.7685916777625,124.783976865013
2659,10.7686294382437,124.783930591656
2660,10.7687536108938,124.783827860956
2661,10.7691554096583,124.783537639308
2662,10.7695978553917,124.783340042933
2663,10.7987142366,124.768583897963
2664,10.7272593161969,124.793328371028
2665,10.727682049625,124.793452941813
2666,10.7281919162964,124.793388718457
2667,10.7282357267125,124.793433324667
2668,10.7282055064458,124.793370530246
2669,10.7432804955333,124.786917893208
2670,10.7434130169,124.786929935212
2671,10.743381720965,124.786774488625
2672,10.65272218665,124.7834675596
2673,10.6528222281583,124.783480761108
2674,10.6529292510875,124.783471121925
2675,10.6529142265312,124.783501459175
2676,10.65315418645,124.7838660772
2678,10.65237046105,124.783965077937
2679,10.652360287475,124.7839335096
2680,10.6523193628625,124.783804197788
2681,10.6523455929625,124.783632143525
2682,10.8363012853083,124.746614566533
2683,10.8359484997438,124.7467722057
2684,10.81207378535,124.764254508788
2685,10.8119023964,124.764326121675
2686,10.811849918675,124.764271220183
2687,10.8116679755167,124.764235590108
2688,10.8111046277917,124.764633758467
2689,10.868889950225,124.716463568625
2690,10.868888441475,124.716446532413
2691,10.8688837685583,124.716466830575
2692,10.8688973786833,124.716441237833
2693,10.868854620475,124.71644372445
2694,10.8688659674875,124.716453824675
2695,10.8687946130417,124.716422595075
2696,10.8687919448083,124.716424907092
2697,10.868723621825,124.716624480212
2698,10.86874787695,124.716716136312
2699,10.8687939617062,124.716828569069
2700,10.868936798075,124.716597804792
2701,10.8690218673833,124.716517638883
2702,10.8690087776583,124.716513433967
2703,10.8690601657,124.716355924025
2704,10.8690462988937,124.716371964881
2705,10.869102421,124.7163211077
2706,10.869168418,124.71635860625
2707,10.869154944075,124.7163576633
2708,10.869124874,124.716312135575
2709,10.869173551925,124.716311939975
2710,10.8693350642,124.716342303442
2711,10.8695146674333,124.716330869133
2712,10.869506103925,124.7163264826
2713,10.869532779325,124.7163154604
2714,10.8694911631875,124.716288344938
2715,10.869455590385,124.716271279375
2716,10.8694366668333,124.716381279292
2717,10.869624421475,124.716169077442
2718,10.8696099609375,124.716122488013
2719,10.869603784525,124.716164722325
2720,10.869600169825,124.716117783688
2721,10.8696532063,124.716172926125
2722,10.8697486447625,124.715872330138
2723,10.869739770425,124.715913988175
2724,10.8697750302917,124.715928537783
2725,10.8698197826917,124.715895995033
2726,10.86982664885,124.715928384108
2727,10.8698527375125,124.7159614193
2728,10.8698760287375,124.715919017325
2729,10.869833864275,124.715873105442
2730,10.8698814455375,124.715843433513
2731,10.8699091756917,124.715823861775
2732,10.8699205575875,124.71584201905
2733,10.869982510325,124.715176129225
2734,10.870328473375,124.7151629068
2735,10.870302162595,124.71520335366
2736,10.8702613692667,124.715117190492
2760,10.632578032075,124.776916662225
2761,10.6326168298375,124.776936768325
2762,10.6326351548,124.77693438995
2763,10.6326890242125,124.776911365912
2764,10.6327056395917,124.776953158433
2765,10.6327202520357,124.776914931964
2766,10.632734375525,124.7768795723
2767,10.632777248975,124.7768809134
2768,10.6328296428583,124.7768961126
2769,10.632830725525,124.7769370093
2770,10.63287322177,124.77692903392
2771,10.632868192625,124.77688831045
2772,10.6329449499,124.77693480905
2773,10.63295970205,124.77696385235
2774,10.6329598417583,124.776957873267
2775,10.6329778279,124.776944322525
2776,10.6330249028,124.777056514287
2777,10.6330068816875,124.777057677262
2778,10.632950984875,124.7770584421
2779,10.632957124625,124.7769887047
2780,10.6328401184937,124.777049216788
2781,10.6326978583833,124.776681947983
2782,10.632869261325,124.776658583444
2783,10.632805977975,124.7768214019
2785,10.6326323049125,124.7768872627
2786,10.6326330278375,124.776894712112
2787,10.6325857644,124.776593351275
2788,10.6325226696,124.776824964225
2789,10.6332064143893,124.776551528561
2790,10.633405467375,124.776462373556
2791,10.6335113151,124.776585807575
2792,10.6334864418167,124.776616939342
2793,10.6334852892833,124.776719918008
2794,10.63349447445,124.776718395292
2795,10.633513798225,124.776737404775
2796,10.6335838395125,124.77676695095
2797,10.633577748675,124.776774651833
2798,10.63355738065,124.776770195467
2799,10.633605569625,124.77684277575
2800,10.63362152665,124.776811469338
2801,10.633752357675,124.7769390419
2802,10.6337233143917,124.776941074525
2803,10.6338511698375,124.776881018187
2804,10.63398401255,124.776953437825
2806,10.63401448075,124.776931435325
2807,10.63397844905,124.776868791075
2808,10.6339693651625,124.776929203663
2809,10.634019384175,124.776932923125
2810,10.63407686305,124.776848272892
2811,10.6340309861083,124.7767579998
2812,10.6339872605,124.7767351731
2813,10.6339770276167,124.7767106979
2814,10.633975560775,124.776787245642
2815,10.6339606479625,124.7767783818
2816,10.6338782434,124.77670517635
2817,10.6339349155375,124.776680187775
2818,10.6339437793875,124.776615374725
2819,10.6338375492625,124.776597516025
2820,10.633882601975,124.776639441263
2821,10.6338651257,124.776505519412
2822,10.6339645455562,124.776567110681
2823,10.6339572428313,124.776588772669
2824,10.6339583220125,124.7765647585
2825,10.6339879991688,124.776512539238
2826,10.6340311188333,124.776580624767
2827,10.6340183259375,124.77658404735
2828,10.634029002375,124.776564266062
2829,10.6341150793,124.776489399956
2830,10.634081389275,124.776456160475
2831,10.6415333971417,124.777978328058
2832,10.6415452575333,124.7779735434
2833,10.64155353465,124.777962933292
2834,10.6415709026625,124.777959769138
2835,10.641558298375,124.777969003183
2836,10.6415518967,124.777898465988
2837,10.64152954845,124.777900236675
2838,10.641524917425,124.7778742318
2839,10.6415643962,124.777865242225
2840,10.6413805810625,124.778039082887
2841,10.6413782062083,124.778051103933
2842,10.641359898725,124.778108851763
2843,10.6414620217375,124.778181177113
2844,10.6414545374,124.77822015295
2845,10.6413498544167,124.778286223292
2846,10.6413416733188,124.778283965431
2847,10.6413187540625,124.7782459692
2848,10.6413443363167,124.778232006358
2849,10.74410241795,124.786121071075
2850,10.8091669203875,124.7653892194
2851,10.6523345026667,124.782749523875
2852,10.651897669325,124.7828685888
2853,10.652021815775,124.783356342225
2854,10.6520611792708,124.783437547165
2855,10.651964005795,124.78346175094
2856,10.6520652026,124.783825131575
2857,10.6520723272,124.783806848575
2858,10.6520921713875,124.783834068812
2859,10.6521368096528,124.783801008006
2860,10.6521229539125,124.783816885887
2861,10.6526225153375,124.783739971475
2862,10.653053428975,124.7837012261
2863,10.8702977257833,124.714991056833
2864,10.8703250997,124.71495157805
2865,10.8704255428167,124.71502031665
2866,10.870460676975,124.715025590275
2867,10.870432042275,124.715035491375
2868,10.8704537828375,124.715001450387
2869,10.6412243354083,124.778330102567
2870,10.6412202702,124.778334663733
2871,10.64120583935,124.7784335981
2872,10.641161750525,124.778439612125
2873,10.641157580525,124.77846544935
2874,10.6410887162167,124.778509223842
2875,10.64113696805,124.778584786683
2876,10.6411235604875,124.778590381613
2877,10.64112603315,124.77859351435
2878,10.641047725225,124.77857897175
2879,10.6410870520687,124.778655142288
2880,10.6410872983,124.778647483325
2881,10.641065348175,124.77871524055
2882,10.6409956072417,124.778760820625
2883,10.6410516752,124.77877572645
2884,10.871507953825,124.714098342225
2885,10.871494039875,124.714073196525
2886,10.8714559511167,124.714070954367
2887,10.8714807475917,124.714104670567
2888,10.871470968725,124.714131492675
2890,10.8714336203417,124.714080265258
2891,10.8713995549,124.713996083025
2893,10.871436791475,124.71400565935
2894,10.8714476251,124.713959516942
2895,10.871450914975,124.713965845275
2896,10.6338533491313,124.776882715531
2897,10.6338620837667,124.77688418935
2898,10.63395811245,124.776884423337
2899,10.633892042075,124.77689987745
2901,10.87145200465,124.713948131558
2902,10.8713722578167,124.713934811292
2903,10.871373990075,124.7139872401
2904,10.871476815075,124.713962869725
2905,10.8714732597583,124.713897623583
2906,10.8715308993063,124.713877227612
2907,10.8715216443083,124.713874217133
2908,10.8715302078,124.713876822508
2909,10.8716702170125,124.713992279712
2910,10.874023593525,124.71062970115
2912,10.7558385771583,124.785413187942
2913,10.754946672825,124.784969408075
2915,10.742951331175,124.787181392325
2916,10.641009121325,124.7791082313
2917,10.6408864155,124.779112584662
2919,10.6409100978667,124.779116646383
2920,10.6407758058,124.77928105045
2921,10.6407570583083,124.779438783883
2922,10.6407158333,124.779556165425
2923,10.640693481525,124.779564484483
2924,10.640685197425,124.779709093275
2925,10.6406777585,124.779835513325
2926,10.640718850775,124.77981210685
2927,10.6405272404625,124.78080510045
2928,10.6405268772417,124.78087179595
2929,10.6406937818917,124.780857965808
2930,10.64058700345,124.781070565812
2931,10.640680587375,124.781129563925
2932,10.6406949414125,124.781153504725
2933,10.640655139915,124.7813629182
2934,10.641303020525,124.781411478767
2935,10.640410983475,124.780806640612
2936,10.6409845675875,124.78024558745
2937,10.6410700944333,124.779953656242
