"","lat","lon","anem_id","era","anem_obs"
"1",10.8609031071,124.7216739063,2426,"past",NA
"2",10.86947575,124.71611125,242,"past",NA
"3",10.86120625,124.7215185,367,"past",NA
"4",10.8732025,124.7124275,355,"past",NA
"5",10.8741885,124.710685,136,"past",NA
"6",10.87149025,124.7140665,633,"past",NA
"7",10.7688715,124.783722,42,"past",NA
"8",10.873375,124.7122245,357,"past",NA
"9",10.8696925,124.7160455,246,"past",NA
"10",10.769013,124.783695,44,"past",NA
"11",10.8612835,124.7216395,372,"past",NA
"12",10.860833767825,124.721893302625,1389,"past",NA
"13",10.633439628875,124.7768730973,829,"past",NA
"14",10.8694105,124.71635,589,"past",NA
"15",10.861006267375,124.721761245775,1368,"past",NA
"16",10.868964,124.716448,153,"past",NA
"17",10.861020872825,124.721794459025,2517,"past",NA
"18",10.632667383175,124.7769633075,2536,"past",NA
"19",10.86878625,124.7166445,143,"past",NA
"20",10.8714775,124.714024,167,"past",NA
"21",10.87153125,124.7141215,183,"past",NA
"22",10.871764,124.713881,161,"past",NA
"23",10.634576571175,124.776703363775,862,"past",NA
"24",10.872930760975,124.71200670115,886,"past",NA
"25",10.870523,124.714911,336,"past",NA
"26",10.63339625,124.776853,94,"past",NA
"27",10.860955,124.72174775,509,"past",NA
"28",10.764211,124.78534325,19,"past",NA
"29",10.63342875,124.7770345,102,"past",NA
"30",10.860918,124.721919,681,"past",NA
"31",10.8125115,124.7641935,302,"past",NA
"32",10.861934626025,124.720888060975,1176,"past",NA
"33",10.86909025,124.7163755,230,"past",NA
"34",10.8743535,124.71062,734,"past",NA
"35",10.65239379415,124.7839786671,2559,"past",NA
"36",10.8613015,124.721553,368,"past",NA
"37",10.85487575,124.728,185,"past",NA
"38",10.85482138675,124.727698273475,2126,"past",NA
"39",10.640829910975,124.78332577975,2264,"past",NA
"40",10.857898173875,124.725016441675,1108,"past",NA
"41",10.86128225,124.72158175,369,"past",NA
"42",10.799028,124.768565,66,"past",NA
"43",10.640927245825,124.7790023731,1396,"past",NA
"44",10.861337960225,124.721514796825,1363,"past",NA
"45",10.861069194525,124.7216822463,1299,"past",NA
"46",10.6411394966,124.782674736325,2143,"past",NA
"47",10.861600607175,124.7214161628,2089,"past",NA
"48",10.80631775,124.76606375,52,"past",NA
"49",10.86157829035,124.72131780115,2096,"past",NA
"50",10.87079825,124.714551,339,"past",NA
"51",10.63366625,124.776769,400,"past",NA
"52",10.874164,124.71042925,491,"past",NA
"53",10.8695615,124.7162275,591,"past",NA
"54",10.763917,124.785231,23,"past",NA
"55",10.86091961945,124.721895251425,2119,"past",NA
"56",10.860759,124.72209525,212,"past",NA
"57",10.633919450925,124.77646311745,1021,"past",NA
"58",10.871507953825,124.714098342225,2884,"past",NA
"59",10.860949626675,124.7219240642,1383,"past",NA
"60",10.8715525,124.714117,623,"past",NA
"61",10.75565025,124.7854455,32,"past",NA
"62",10.86957475,124.7161345,244,"past",NA
"63",10.8615162782333,124.7213671915,1332,"past",NA
"64",10.63338525,124.77682425,92,"past",NA
"65",10.8716046391,124.7138749226,1145,"past",NA
"66",10.873965,124.71045825,253,"past",NA
"67",10.633766669775,124.7769396915,813,"past",NA
"68",10.76900125,124.78373725,716,"past",NA
"69",10.861426682675,124.72140428145,2090,"past",NA
"70",10.8612895,124.72160475,371,"past",NA
"71",10.85778581445,124.724573059925,2449,"past",NA
"72",10.636180280725,124.77549653735,1249,"past",NA
"73",10.63278079035,124.77703851415,2541,"past",NA
"74",10.87348925,124.71214975,526,"past",NA
"75",10.8608458587,124.721902732275,1388,"past",NA
"76",10.76418475,124.78535325,20,"past",NA
"77",10.6345664081,124.776486943025,773,"past",NA
"78",10.861462745825,124.7214556206,1277,"past",NA
"79",10.861428400975,124.7213898855,1274,"past",NA
"80",10.8733615,124.712274,125,"past",NA
"81",10.861850450725,124.72122059205,2411,"past",NA
"82",10.860894,124.721852,502,"past",NA
"83",10.8609618852,124.721685347625,2112,"past",NA
"84",10.85662175,124.725535,218,"past",NA
"85",10.8698295,124.7159155,250,"past",NA
"86",10.86936939505,124.716401395875,2074,"past",NA
"87",10.640745,124.782261,444,"past",NA
"88",10.74366675,124.786493,283,"past",NA
"89",10.814062,124.76347225,298,"past",NA
"90",10.63399525,124.7767205,320,"past",NA
"91",10.79940525,124.76847225,63,"past",NA
"92",10.869099874975,124.716384338675,2501,"past",NA
"93",10.8728115,124.711856,272,"past",NA
"94",10.634149,124.77665475,325,"past",NA
"95",10.7685435,124.7839685,41,"past",NA
"96",10.8549105,124.7276435,188,"past",NA
"97",10.8718255,124.713838,159,"past",NA
"98",10.63535654915,124.77608494695,1264,"past",NA
"99",10.8738005,124.711084,265,"past",NA
"100",10.861051,124.72183,504,"past",NA
"101",10.81568325,124.762187,296,"past",NA
"102",10.855374215175,124.726866495325,2241,"past",NA
"103",10.633634,124.776801,312,"past",NA
"104",10.8615361084,124.721454111875,2098,"past",NA
"105",10.6340205,124.776657,321,"past",NA
"106",10.6353373546,124.776206505475,1267,"past",NA
"107",10.6341965,124.7767495,329,"past",NA
"108",10.8700255933,124.715695367225,1075,"past",NA
"109",10.869944,124.7158395,331,"past",NA
"110",10.768485,124.7840045,708,"past",NA
"111",10.85627725,124.725794,216,"past",NA
"112",10.8737365,124.710796,258,"past",NA
"113",10.640803,124.785089,85,"past",NA
"114",10.873402,124.712148,119,"past",NA
"115",10.873306,124.71201025,113,"past",NA
"116",10.86127825,124.7215865,370,"past",NA
"117",10.87311725,124.7120945,277,"past",NA
"118",10.873624,124.7111405,275,"past",NA
"119",10.873203,124.7120945,117,"past",NA
"120",10.6409585313,124.782799019,2141,"past",NA
"121",10.63399525,124.77660675,322,"past",NA
"122",10.641210596075,124.7805598774,1253,"past",NA
"123",10.8120085,124.7643285,303,"past",NA
"124",10.63351,124.776896,308,"past",NA
"125",10.6406175,124.7797015,89,"past",NA
"126",10.87003965395,124.7156289825,1148,"past",NA
"127",10.77285975,124.78316,48,"past",NA
"128",10.861014230175,124.721792615025,687,"past",NA
"129",10.8610788756,124.721827819,1348,"past",NA
"130",10.871524633875,124.71422792645,2588,"past",NA
"131",10.874145,124.710714,137,"past",NA
"132",10.87149125,124.7139775,166,"past",NA
"133",10.7684705,124.784024,38,"past",NA
"134",10.8714565,124.71403925,168,"past",NA
"135",10.8552052779,124.727317609375,907,"past",NA
"136",10.6409335113,124.78264282225,1205,"past",NA
"137",10.769087,124.78367875,712,"past",NA
"138",10.6350888731,124.77622037755,847,"past",NA
"139",10.85502075,124.7276365,191,"past",NA
"140",10.8127635,124.7640455,300,"past",NA
"141",10.87323246755,124.712212225425,885,"past",NA
"142",10.8713485,124.714194,171,"past",NA
"143",10.85502475,124.727143,193,"past",NA
"144",10.8696425,124.716064,245,"past",NA
"145",10.8609825,124.721686,506,"past",NA
"146",10.8687865,124.716499,145,"past",NA
"147",10.8740055,124.71105,107,"past",NA
"148",10.87311425,124.71195725,276,"past",NA
"149",10.754369,124.784884,36,"past",NA
"150",10.63522042705,124.7761211777,1170,"past",NA
"151",10.86888563355,124.716649185875,2062,"past",NA
"152",10.6521625,124.7832825,396,"past",NA
"153",10.63585820605,124.775742776675,1244,"past",NA
"154",10.87157375,124.7139765,644,"past",NA
"155",10.635741194725,124.77580999955,1242,"past",NA
"156",10.8549855,124.727635,190,"past",NA
"157",10.873878,124.7109695,263,"past",NA
"158",10.87144625,124.71421125,179,"past",NA
"159",10.86152757985,124.721424523725,1358,"past",NA
"160",10.869365036475,124.716405544875,2075,"past",NA
"161",10.8598065,124.72262225,679,"past",NA
"162",10.633093330525,124.777052931,2182,"past",NA
"163",10.633389987025,124.776855034275,2176,"past",NA
"164",10.868889950225,124.716463568625,2689,"past",NA
"165",10.635735515975,124.775611893275,1237,"past",NA
"166",10.87154775,124.713964,643,"past",NA
"167",10.633458299575,124.776669982825,1155,"past",NA
"168",10.87320075,124.71247275,353,"past",NA
"169",10.8613934065,124.721418719275,2091,"past",NA
"170",10.8614648832,124.721449585625,1275,"past",NA
"171",10.861897033175,124.721165669625,2083,"past",NA
"172",10.652842,124.7837035,80,"past",NA
"173",10.640497568525,124.7807879909,1175,"past",NA
"174",10.873757,124.710813,260,"past",NA
"175",10.869175563575,124.716350308175,2068,"past",NA
"176",10.870295532525,124.715072424125,2059,"past",NA
"177",10.7443475,124.78657875,49,"past",NA
"178",10.63284807605,124.7768697655,735,"past",NA
"179",10.87154912995,124.713993966575,2052,"past",NA
"180",10.860928609025,124.72191637385,1384,"past",NA
"181",10.8619195,124.7210835,1086,"past",NA
"182",10.861228,124.7216115,518,"past",NA
"183",10.798464,124.76871225,71,"past",NA
"184",10.63326733885,124.777068458475,2553,"past",NA
"185",10.86134887765,124.721599076875,1323,"past",NA
"186",10.871479979275,124.71420745365,891,"past",NA
"187",10.861446422075,124.72150825895,1280,"past",NA
"188",10.85596525,124.7262855,690,"past",NA
"189",10.87170175,124.7140315,649,"past",NA
"190",10.86198575,124.720949,924,"past",NA
"191",10.8698033262,124.71602016595,1059,"past",NA
"192",10.634370627825,124.7765347408,1023,"past",NA
"193",10.63565974355,124.7760471655,1212,"past",NA
"194",10.85505625,124.7273835,192,"past",NA
"195",10.861522005875,124.72139589955,1356,"past",NA
"196",10.8714298974,124.71407652835,2040,"past",NA
"197",10.652360287475,124.7839335096,2679,"past",NA
"198",10.860956416,124.721760302775,1373,"past",NA
"199",10.868816,124.7164475,1038,"past",NA
"200",10.86101675,124.7217675,685,"past",NA
"201",10.636300833425,124.775714529675,1302,"past",NA
"202",10.6361557427,124.775393167525,1247,"past",NA
"203",10.798565,124.7687155,69,"past",NA
"204",10.634884920425,124.77643489135,838,"past",NA
"205",10.860961780425,124.721885570325,2511,"past",NA
"206",10.87311,124.7124785,350,"past",NA
"207",10.635699578575,124.775843087125,1243,"past",NA
"208",10.72770626285,124.793455686875,2274,"past",NA
"209",10.63324810235,124.77710020495,2183,"past",NA
"210",10.87127975,124.71437925,343,"past",NA
"211",10.640639516075,124.782230055425,1207,"past",NA
"212",10.8670515,124.7175715,141,"past",NA
"213",10.855364114975,124.726633478425,2124,"past",NA
"214",10.85492352025,124.72767170285,2252,"past",NA
"215",10.860900823025,124.721913964025,2120,"past",NA
"216",10.861028353675,124.72166925435,1366,"past",NA
"217",10.8715246129,124.71422402885,2290,"past",NA
"218",10.871424218625,124.71399078145,1137,"past",NA
"219",10.635161669925,124.77581320565,1257,"past",NA
"220",10.87309531865,124.711760357025,2023,"past",NA
"221",10.86186166155,124.721125918425,2407,"past",NA
"222",10.8687835,124.7164135,1036,"past",NA
"223",10.74388375,124.78634725,375,"past",NA
"224",10.87413725,124.71085875,973,"past",NA
"225",10.63354325,124.776862,309,"past",NA
"226",10.632810420375,124.777058672625,2543,"past",NA
"227",10.861170343125,124.721619088675,2108,"past",NA
"228",10.861552348375,124.7214647359,1315,"past",NA
"229",10.6324652536,124.7769352072,2526,"past",NA
"230",10.80646225,124.766024,54,"past",NA
"231",10.87387475,124.71053375,963,"past",NA
"232",10.86124924196,124.72156706638,1336,"past",NA
"233",10.861014230175,124.721792615025,1369,"past",NA
"234",10.80638075,124.766116,58,"past",NA
"235",10.632804343475,124.77677504995,2534,"past",NA
"236",10.871170666075,124.714361659725,1076,"past",NA
"237",10.754946672825,124.784969408075,2913,"past",NA
"238",10.8732035,124.712417,356,"past",NA
"239",10.87295275,124.71221,422,"past",NA
"240",10.861946360675,124.720891539475,1177,"past",NA
"241",10.8615608699667,124.721398986867,1333,"past",NA
"242",10.6343814824,124.77652644275,1024,"past",NA
"243",10.85665275,124.72542575,219,"past",NA
"244",10.632957124625,124.7769887047,2779,"past",NA
"245",10.8701429609,124.715433495575,1149,"past",NA
"246",10.861886052875,124.7211578116,2414,"past",NA
"247",10.861951599375,124.7210671613,2082,"past",NA
"248",10.632864420775,124.7770471894,779,"past",NA
"249",10.861825724125,124.7211957397,2408,"past",NA
"250",10.861887393975,124.7212500125,2413,"past",NA
"251",10.634455243125,124.7767620371,2171,"past",NA
"252",10.86135449355,124.72152980045,2105,"past",NA
"253",10.8612450678,124.721588809025,2107,"past",NA
"254",10.861526532125,124.7214950365,2101,"past",NA
"255",10.635223633125,124.775883487875,1161,"past",NA
"256",10.874248459,124.71081810535,2009,"past",NA
"257",10.87343025,124.71182725,364,"past",NA
"258",10.86156827395,124.72132909575,2097,"past",NA
"259",10.871370993525,124.71402204595,2027,"past",NA
"260",10.859664995225,124.722740838775,1117,"past",NA
"261",10.861055217675,124.7215058701,1294,"past",NA
"262",10.87148025,124.714177,346,"past",NA
"263",10.8715595,124.7141595,348,"past",NA
"264",10.871574506175,124.714013999325,1061,"past",NA
"265",10.8302715,124.750981,290,"past",NA
"266",10.871390167175,124.7141502891,2578,"past",NA
"267",10.859732616225,124.722681452975,1115,"past",NA
"268",10.871070732825,124.714586169,1189,"past",NA
"269",10.75628575,124.78579875,29,"past",NA
"270",10.86112151855,124.72159668805,2110,"past",NA
"271",10.860873141825,124.7220068355,2507,"past",NA
"272",10.63506517325,124.7763922275,842,"past",NA
"273",10.635296262375,124.77589174405,1163,"past",NA
"274",10.64060025,124.779856,438,"past",NA
"275",10.63278657385,124.77702897975,2542,"past",NA
"276",10.87084875,124.71453975,340,"past",NA
"277",10.640685197425,124.779709093275,2924,"past",NA
"278",10.633849,124.7767485,316,"past",NA
"279",10.873354,124.71208275,114,"past",NA
"280",10.861090421675,124.721788256425,2522,"past",NA
"281",10.861055217675,124.7218260588,2514,"past",NA
"282",10.859819,124.722686,676,"past",NA
"283",10.871405988,124.713949647275,2030,"past",NA
"284",10.8618217218,124.7211692948,2085,"past",NA
"285",10.869333667225,124.716370885725,2498,"past",NA
"286",10.85840328412,124.72429859452,2455,"past",NA
"287",10.86134887765,124.721599076875,1322,"past",NA
"288",10.6524255,124.783547,82,"past",NA
"289",10.87153625,124.7139275,164,"past",NA
"290",10.85801105715,124.724369987375,2452,"past",NA
"291",10.861072798725,124.721848040375,2515,"past",NA
"292",10.873588,124.7112015,273,"past",NA
"293",10.857542,124.725205,199,"past",NA
"294",10.858044207575,124.724301884425,2453,"past",NA
"295",10.633477221675,124.7768376628,827,"past",NA
"296",10.634810971125,124.776582811025,863,"past",NA
"297",10.8688475,124.7164695,149,"past",NA
"298",10.8311815,124.7506595,291,"past",NA
"299",10.861829370275,124.72108302405,2403,"past",NA
"300",10.63394765605,124.7765714326,766,"past",NA
"301",10.871399,124.7142055,177,"past",NA
"302",10.8731595,124.7116815,269,"past",NA
"303",10.635013016875,124.776415152025,1012,"past",NA
"304",10.6406245,124.7799105,88,"past",NA
"305",10.8608534653,124.721937831475,2118,"past",NA
"306",10.8585332497,124.723945129675,1113,"past",NA
"307",10.83690875,124.7464175,695,"past",NA
"308",10.65293489212,124.78347637318,2265,"past",NA
"309",10.769340076975,124.78344916135,2275,"past",NA
"310",10.8609128301,124.721911198,1385,"past",NA
"311",10.8359925728,124.746557073675,2256,"past",NA
"312",10.640727023125,124.780780132825,1174,"past",NA
"313",10.6328864442,124.77706806035,739,"past",NA
"314",10.6329771783,124.7771263984,784,"past",NA
"315",10.8707495,124.714614,338,"past",NA
"316",10.86104425,124.721844,683,"past",NA
"317",10.871511,124.714247,631,"past",NA
"318",10.873301115325,124.712131884875,882,"past",NA
"319",10.743469,124.7866575,50,"past",NA
"320",10.8712430438,124.71432565945,2055,"past",NA
"321",10.86994375,124.71586325,330,"past",NA
"322",10.86146704155,124.721493821125,1362,"past",NA
"323",10.652512,124.7840345,75,"past",NA
"324",10.8689085,124.71642975,151,"past",NA
"325",10.8718583174,124.713815515875,2049,"past",NA
"326",10.640968002825,124.778788676475,1395,"past",NA
"327",10.87187425,124.7137405,156,"past",NA
"328",10.635658549175,124.77607019475,1211,"past",NA
"329",10.861215353925,124.721490635975,1365,"past",NA
"330",10.87168850005,124.7140176664,2606,"past",NA
"331",10.635759613925,124.775954755025,1167,"past",NA
"332",10.63347896095,124.776838794325,826,"past",NA
"333",10.633748397225,124.77689007065,812,"past",NA
"334",10.85578725,124.72549825,951,"past",NA
"335",10.871002043125,124.71439179265,2056,"past",NA
"336",10.871489,124.7139905,165,"past",NA
"337",10.871371727,124.71441624685,2054,"past",NA
"338",10.8690601657,124.716355924025,2703,"past",NA
"339",10.8566402807,124.7254749108,932,"past",NA
"340",10.8613887336,124.721540193975,1281,"past",NA
"341",10.858385371975,124.724362024575,2456,"past",NA
"342",10.6340075,124.776683,318,"past",NA
"343",10.86193275,124.72103975,1084,"past",NA
"344",10.861028353675,124.72166925435,1300,"past",NA
"345",10.861555365825,124.72134745215,2422,"past",NA
"346",10.8691970422,124.716346054325,2070,"past",NA
"347",10.742951331175,124.787181392325,2915,"past",NA
"348",10.6329742447,124.776958047875,780,"past",NA
"349",10.641234987425,124.77840824285,1453,"past",NA
"350",10.63362616815,124.7770307609,788,"past",NA
"351",10.7566095,124.78598,24,"past",NA
"352",10.86921725,124.71631825,1046,"past",NA
"353",10.861609,124.721331,1096,"past",NA
"354",10.633695800825,124.776831984075,753,"past",NA
"355",10.86160575,124.72136175,1097,"past",NA
"356",10.8687815,124.7165685,144,"past",NA
"357",10.861521817275,124.72144925035,2093,"past",NA
"358",10.87389275,124.710506,254,"past",NA
"359",10.8738545,124.7105545,255,"past",NA
"360",10.86965421215,124.7159067169,2482,"past",NA
"361",10.873602,124.711182,274,"past",NA
"362",10.8184125,124.7611555,295,"past",NA
"363",10.871512165725,124.7142227087,2587,"past",NA
"364",10.634119,124.776597,324,"past",NA
"365",10.869562535075,124.7161023086,1068,"past",NA
"366",10.8692665,124.7163325,587,"past",NA
"367",10.87136125,124.71440325,342,"past",NA
"368",10.86104800925,124.72172857725,2111,"past",NA
"369",10.86138898505,124.7215248132,1321,"past",NA
"370",10.6338425,124.77677,531,"past",NA
"371",10.8609064808,124.721769292375,2115,"past",NA
"372",10.861022758775,124.721712861225,1367,"past",NA
"373",10.860937745325,124.721703263925,2113,"past",NA
"374",10.8695805,124.716173,593,"past",NA
"375",10.640669732825,124.7841119184,2139,"past",NA
"376",10.86960993475,124.716121733625,1070,"past",NA
"377",10.8577792905333,124.724512277167,2451,"past",NA
"378",10.83625375,124.7466355,294,"past",NA
"379",10.86196628865,124.720949458425,2078,"past",NA
"380",10.86096653715,124.7217609943,2114,"past",NA
"381",10.6334040477,124.776834896775,831,"past",NA
"382",10.861898018075,124.7210838203,2405,"past",NA
"383",10.633675642325,124.77688625685,792,"past",NA
"384",10.869904,124.7158095,599,"past",NA
"385",10.7435545,124.7868525,286,"past",NA
"386",10.63268263825,124.776897781975,803,"past",NA
"387",10.63427821735,124.776665729,2165,"past",NA
"388",10.635192201,124.7758699092,1198,"past",NA
"389",10.87178725,124.71386925,160,"past",NA
"390",10.635347182375,124.77597363525,1199,"past",NA
"391",10.636149246725,124.775448425175,1246,"past",NA
"392",10.855173,124.726854,194,"past",NA
"393",10.63498963135,124.776421103125,1014,"past",NA
"394",10.6343173608,124.7767883353,2168,"past",NA
"395",10.63497106545,124.7763940715,1015,"past",NA
"396",10.8698254544,124.71586801345,2474,"past",NA
"397",10.861048,124.721777,684,"past",NA
"398",10.869360342625,124.716418243475,1057,"past",NA
"399",10.8715275,124.714255,614,"past",NA
"400",10.8610789594,124.721753220075,2521,"past",NA
"401",10.63415795795,124.776796884825,855,"past",NA
"402",10.81194925,124.76437175,304,"past",NA
"403",10.860950297225,124.72182966305,2116,"past",NA
"404",10.85500882705,124.727592326225,2244,"past",NA
"405",10.861945,124.72102725,925,"past",NA
"406",10.634119003075,124.776566906375,1006,"past",NA
"407",10.87145725,124.71415525,347,"past",NA
"408",10.861154648025,124.7217215155,1344,"past",NA
"409",10.861825724125,124.7211957397,2409,"past",NA
"410",10.634747101,124.776305160475,774,"past",NA
"411",10.871765005875,124.71400042065,1147,"past",NA
"412",10.63444013475,124.7767054173,859,"past",NA
"413",10.632777248975,124.7768809134,2767,"past",NA
"414",10.6344790477,124.776674697625,860,"past",NA
"415",10.634561819025,124.776291979925,1193,"past",NA
"416",10.640718850775,124.77981210685,2926,"past",NA
"417",10.8619135,124.721093,1087,"past",NA
"418",10.633461379925,124.7767664166,808,"past",NA
"419",10.63536652365,124.7760514403,1261,"past",NA
"420",10.8717445,124.713866,658,"past",NA
"421",10.871505,124.71392925,642,"past",NA
"422",10.87153225,124.71420875,618,"past",NA
"423",10.861526092075,124.721415073175,1359,"past",NA
"424",10.871827,124.7138085,661,"past",NA
"425",10.634584722575,124.776712018075,861,"past",NA
"426",10.76933825,124.78355625,46,"past",NA
"427",10.634521229675,124.7766804602,823,"past",NA
"428",10.6408371194,124.78494449285,1227,"past",NA
"429",10.728033890475,124.7934257635,2273,"past",NA
"430",10.860971272925,124.72185319525,1377,"past",NA
"431",10.634614017325,124.7767128772,833,"past",NA
"432",10.652058036075,124.78392598685,2146,"past",NA
"433",10.6336215,124.7767275,314,"past",NA
"434",10.640746406275,124.782256269825,1206,"past",NA
"435",10.868831,124.71670125,142,"past",NA
"436",10.871572,124.7141705,349,"past",NA
"437",10.8717545,124.713867,657,"past",NA
"438",10.87137925,124.71420825,606,"past",NA
"439",10.869744,124.716071,594,"past",NA
"440",10.63368925,124.7767925,315,"past",NA
"441",10.798977,124.7686135,67,"past",NA
"442",10.641500798525,124.778086901625,1392,"past",NA
"443",10.633578,124.776836,310,"past",NA
"444",10.634495,124.7763625,557,"past",NA
"445",10.633794434825,124.77686787955,2159,"past",NA
"446",10.86884375,124.71645925,147,"past",NA
"447",10.861498725125,124.721422889275,1361,"past",NA
"448",10.861895126275,124.72103388515,1182,"past",NA
"449",10.63522650395,124.775839839125,1256,"past",NA
"450",10.870460676975,124.715025590275,2866,"past",NA
"451",10.86899288,124.71646744525,2065,"past",NA
"452",10.632944405075,124.7770955111,2545,"past",NA
"453",10.634914152325,124.7764466051,837,"past",NA
"454",10.7645335,124.78543825,382,"past",NA
"455",10.87165811565,124.713959454075,2053,"past",NA
"456",10.8732005,124.7124695,354,"past",NA
"457",10.8729,124.712048,362,"past",NA
"458",10.633184420875,124.777082351525,785,"past",NA
"459",10.6406295,124.779672,90,"past",NA
"460",10.633066571325,124.777086207175,2552,"past",NA
"461",10.861993,124.72096,923,"past",NA
"462",10.63493850175,124.776468754275,839,"past",NA
"463",10.861329515475,124.7216084227,2106,"past",NA
"464",10.6351085,124.7762215,572,"past",NA
"465",10.634958785975,124.77645890555,840,"past",NA
"466",10.652412381025,124.78403394575,2557,"past",NA
"467",10.634902983425,124.776408551275,868,"past",NA
"468",10.871510237925,124.7141580633,2586,"past",NA
"469",10.870776025125,124.714883998975,1191,"past",NA
"470",10.861504592475,124.721442733425,2099,"past",NA
"471",10.63368733505,124.77696163115,790,"past",NA
"472",10.653391995,124.784391035775,2137,"past",NA
"473",10.64084425,124.78226925,86,"past",NA
"474",10.858088526875,124.725099611075,1109,"past",NA
"475",10.63366575,124.776795,313,"past",NA
"476",10.869154944075,124.7163576633,2707,"past",NA
"477",10.86932075,124.7163955,238,"past",NA
"478",10.8617810905,124.721018609125,2402,"past",NA
"479",10.7565965,124.78595125,25,"past",NA
"480",10.634560456975,124.77668590845,822,"past",NA
"481",10.8737785,124.711257,106,"past",NA
"482",10.633493168275,124.776852792125,828,"past",NA
"483",10.85759539855,124.72463322105,935,"past",NA
"484",10.6343820272,124.776734230125,858,"past",NA
"485",10.8615920157,124.721391708575,2421,"past",NA
"486",10.7551455,124.785205,33,"past",NA
"487",10.86185744965,124.720992834775,1180,"past",NA
"488",10.6344287982,124.776766353775,2170,"past",NA
"489",10.635455539425,124.7756892373,1234,"past",NA
"490",10.87383325,124.71055475,962,"past",NA
"491",10.7550025,124.7851245,35,"past",NA
"492",10.63482465455,124.776441408325,820,"past",NA
"493",10.861636796025,124.721382048425,2088,"past",NA
"494",10.8737845,124.711107,266,"past",NA
"495",10.861642810075,124.721386218475,2420,"past",NA
"496",10.63445675,124.7765215,551,"past",NA
"497",10.86096710295,124.721771073525,1370,"past",NA
"498",10.858221254325,124.724321058,2454,"past",NA
"499",10.6344678998,124.776588091625,772,"past",NA
"500",10.8108481206,124.764681451475,2128,"past",NA
"501",10.855615,124.726468,952,"past",NA
"502",10.634879074075,124.77645672625,836,"past",NA
"503",10.8704875,124.7151945,629,"past",NA
"504",10.873736,124.71081925,261,"past",NA
"505",10.8619777509,124.72103753125,2081,"past",NA
"506",10.870304,124.7153015,335,"past",NA
"507",10.871779,124.71381975,659,"past",NA
"508",10.64071914415,124.7852452565,2138,"past",NA
"509",10.633076964875,124.777046770325,745,"past",NA
"510",10.861426074975,124.721607731175,1283,"past",NA
"511",10.856649,124.725371,220,"past",NA
"512",10.860012718475,124.722331089425,2428,"past",NA
"513",10.63334784705,124.77705328725,748,"past",NA
"514",10.857223828775,124.725027254325,2437,"past",NA
"515",10.861148592075,124.7216205136,1345,"past",NA
"516",10.861489672675,124.72153975395,1318,"past",NA
"517",10.633673002,124.776742507225,1157,"past",NA
"518",10.861011317475,124.7219526884,2510,"past",NA
"519",10.860949626675,124.7219240642,1380,"past",NA
"520",10.76858125,124.783944,39,"past",NA
"521",10.8732105,124.7120845,115,"past",NA
"522",10.8688755,124.716483,581,"past",NA
"523",10.874273,124.710655,135,"past",NA
"524",10.854899631825,124.727715288725,2251,"past",NA
"525",10.6334805,124.776965,460,"past",NA
"526",10.872932709775,124.7120124637,877,"past",NA
"527",10.861656262975,124.721263444525,2417,"past",NA
"528",10.633602,124.7767905,311,"past",NA
"529",10.86932966485,124.716344734175,2073,"past",NA
"530",10.8612939762,124.72166240215,1335,"past",NA
"531",10.8698084601,124.7160384385,1058,"past",NA
"532",10.6335436902,124.777090942975,751,"past",NA
"533",10.79974125,124.7682465,60,"past",NA
"534",10.63528524015,124.77619183715,1268,"past",NA
"535",10.7672705,124.78480675,705,"past",NA
"536",10.632690601075,124.7768478049,2538,"past",NA
"537",10.873202,124.712196,281,"past",NA
"538",10.64109861385,124.7785299062,1455,"past",NA
"539",10.635806510675,124.775720858025,1239,"past",NA
"540",10.7693565,124.783488,47,"past",NA
"541",10.63346127515,124.7767450218,796,"past",NA
"542",10.861613,124.7212805,1094,"past",NA
"543",10.63498787115,124.776346043225,870,"past",NA
"544",10.861102743075,124.721494931725,1293,"past",NA
"545",10.7442715,124.786505,287,"past",NA
"546",10.86087852715,124.721902753225,1386,"past",NA
"547",10.63394875,124.77655225,323,"past",NA
"548",10.860933114325,124.721846950675,1376,"past",NA
"549",10.861898667625,124.7209187178,2077,"past",NA
"550",10.859919,124.7228305,211,"past",NA
"551",10.861863065525,124.7209146316,1179,"past",NA
"552",10.76445725,124.78541225,16,"past",NA
"553",10.857485365125,124.72486087355,1107,"past",NA
"554",10.8107245,124.764624,55,"past",NA
"555",10.8609729493,124.7218858427,2512,"past",NA
"556",10.6325857644,124.776593351275,2787,"past",NA
"557",10.87170025,124.71391825,653,"past",NA
"558",10.8733615,124.712274,126,"past",NA
"559",10.8555055,124.726928,197,"past",NA
"560",10.8715318423,124.714185053,1081,"past",NA
"561",10.640461358725,124.78126441825,1276,"past",NA
"562",10.634154060375,124.776766793825,852,"past",NA
"563",10.8140395,124.76349175,299,"past",NA
"564",10.8687155,124.716459,1035,"past",NA
"565",10.7435055,124.78663375,15,"past",NA
"566",10.6358044362,124.77592736715,1166,"past",NA
"567",10.861131094875,124.721475548575,1292,"past",NA
"568",10.86158805525,124.721356253125,2095,"past",NA
"569",10.640522,124.7804755,87,"past",NA
"570",10.8718620264,124.713969826675,2048,"past",NA
"571",10.860999184675,124.7217808175,2518,"past",NA
"572",10.6341135,124.776679,326,"past",NA
"573",10.635342195175,124.77604205255,1262,"past",NA
"574",10.874273,124.710655,134,"past",NA
"575",10.635343745825,124.7757468,1235,"past",NA
"576",10.8614065,124.72156475,374,"past",NA
"577",10.871201050475,124.714557104775,1187,"past",NA
"578",10.74342725,124.7869355,285,"past",NA
"579",10.83619525,124.746708,293,"past",NA
"580",10.856695,124.7256235,471,"past",NA
"581",10.86951039965,124.7160820663,2494,"past",NA
"582",10.63391379315,124.776698208875,1158,"past",NA
"583",10.8612477081,124.721504088975,1364,"past",NA
"584",10.633822074175,124.776921481825,816,"past",NA
"585",10.861504592475,124.721442733425,2100,"past",NA
"586",10.6355684856,124.776237937625,1209,"past",NA
"587",10.8125515,124.7641435,301,"past",NA
"588",10.87323,124.712379,529,"past",NA
"589",10.8737125,124.71115375,477,"past",NA
"590",10.8616035,124.721307,1095,"past",NA
"591",10.86147366325,124.7213365766,1355,"past",NA
"592",10.6353220786,124.77621853355,1266,"past",NA
"593",10.634445080075,124.77654190735,1008,"past",NA
"594",10.635504385025,124.7756732488,1232,"past",NA
"595",10.83488775,124.74788275,292,"past",NA
"596",10.633436,124.77704325,103,"past",NA
"597",10.8729199064,124.712266079175,2019,"past",NA
"598",10.869072,124.7164225,583,"past",NA
"599",10.8610367356,124.7218879592,2123,"past",NA
"600",10.7986085,124.768733,68,"past",NA
"601",10.63341925,124.776965,99,"past",NA
"602",10.79971225,124.76828625,61,"past",NA
"603",10.857097953575,124.725025116925,2438,"past",NA
"604",10.86151299535,124.72136731725,1330,"past",NA
"605",10.87010625,124.71531325,333,"past",NA
"606",10.636248865625,124.7757337871,1301,"past",NA
"607",10.86900125,124.7164025,1041,"past",NA
"608",10.8619045,124.7210625,1085,"past",NA
"609",10.8715275,124.714151,621,"past",NA
"610",10.65235075,124.7835435,81,"past",NA
"611",10.87169425,124.71394825,652,"past",NA
"612",10.87310426635,124.712005611525,2225,"past",NA
"613",10.8611126756,124.721616071175,2109,"past",NA
"614",10.861031580725,124.721765541475,2520,"past",NA
"615",10.870980585475,124.7146720416,1190,"past",NA
"616",10.636173994275,124.775425144475,1248,"past",NA
"617",10.83072325,124.7504825,288,"past",NA
"618",10.63291194615,124.776948262,2549,"past",NA
"619",10.635298232075,124.77588694545,1164,"past",NA
"620",10.6328427745,124.776892249925,742,"past",NA
"621",10.860804745475,124.721886115125,1390,"past",NA
"622",10.640795105125,124.779145997025,1394,"past",NA
"623",10.871353475375,124.714001154075,1140,"past",NA
"624",10.652456,124.783628,84,"past",NA
"625",10.85646775,124.72570525,470,"past",NA
"626",10.640589580875,124.78532448645,1203,"past",NA
"627",10.7559865,124.78562525,720,"past",NA
"628",10.86951475,124.7161535,243,"past",NA
"629",10.871634,124.714112,667,"past",NA
"630",10.8579949639,124.725030544225,1067,"past",NA
"631",10.861996337775,124.7209737869,2080,"past",NA
"632",10.871445,124.71403675,169,"past",NA
"633",10.634600082425,124.7765197372,821,"past",NA
"634",10.7984765,124.768659,70,"past",NA
"635",10.809143,124.765432,57,"past",NA
"636",10.63298545545,124.7770166793,746,"past",NA
"637",10.63581189605,124.775652189275,1238,"past",NA
"638",10.79929625,124.76849625,64,"past",NA
"639",10.63346575,124.777046,104,"past",NA
"640",10.8575121453,124.72443446515,2446,"past",NA
"641",10.861887,124.7211485,1089,"past",NA
"642",10.8742475,124.710918,731,"past",NA
"643",10.63501416935,124.776507436775,841,"past",NA
"644",10.63500673045,124.776390467325,843,"past",NA
"645",10.7531675,124.78437,724,"past",NA
"646",10.755061630625,124.785066742925,789,"past",NA
"647",10.857669033575,124.724553991125,937,"past",NA
"648",10.8599918266,124.722449358075,2429,"past",NA
"649",10.86007275,124.722842,675,"past",NA
"650",10.8599855,124.7223055,473,"past",NA
"651",10.7685985,124.7839055,40,"past",NA
"652",10.635339093875,124.77588673585,1258,"past",NA
"653",10.8548835,124.7278875,186,"past",NA
"654",10.6327765365,124.77699482345,2540,"past",NA
"655",10.7641985,124.785263,21,"past",NA
"656",10.873446,124.712219,124,"past",NA
"657",10.86143257095,124.721477141125,1279,"past",NA
"658",10.63366493445,124.77688177255,754,"past",NA
"659",10.862013918825,124.72095069475,2079,"past",NA
"660",10.6334045,124.7769405,307,"past",NA
"661",10.6353253685,124.77608599465,1169,"past",NA
"662",10.87375289995,124.711275380125,2016,"past",NA
"663",10.8616235,124.721231,1093,"past",NA
"664",10.74400075,124.78630225,51,"past",NA
"665",10.6349121826,124.776208433325,1197,"past",NA
"666",10.86087852715,124.721902753225,1387,"past",NA
"667",10.6357930787,124.7757556429,1240,"past",NA
"668",10.8618105948,124.720997067625,2401,"past",NA
"669",10.6331977062,124.777055466575,765,"past",NA
"670",10.874446,124.71062325,130,"past",NA
"671",10.86139698975,124.721528417425,1320,"past",NA
"672",10.87315,124.712475,351,"past",NA
"673",10.8616130124,124.7214441374,2092,"past",NA
"674",10.86088590325,124.722006248775,2506,"past",NA
"675",10.86706175,124.71769825,139,"past",NA
"676",10.869506103925,124.7163264826,2712,"past",NA
"677",10.874049,124.7110515,105,"past",NA
"678",10.861025671475,124.721858475825,2513,"past",NA
"679",10.635353259275,124.776316706525,1208,"past",NA
"680",10.869532779325,124.7163154604,2713,"past",NA
"681",10.87184,124.71380875,158,"past",NA
"682",10.63341575,124.7770175,101,"past",NA
"683",10.8617755,124.72108425,1090,"past",NA
"684",10.728198783475,124.793355523175,2272,"past",NA
"685",10.64049975,124.7816255,443,"past",NA
"686",10.861184655225,124.7217174084,1343,"past",NA
"687",10.63341075,124.77687525,95,"past",NA
"688",10.64074206865,124.78518566115,2258,"past",NA
"689",10.633398,124.776842,93,"past",NA
"690",10.8618408535,124.72123035695,2086,"past",NA
"691",10.869060857225,124.716329143825,2071,"past",NA
"692",10.635279268025,124.7761259973,1265,"past",NA
"693",10.860934497325,124.721793138875,1374,"past",NA
"694",10.869075316,124.716436998,2066,"past",NA
"695",10.860804745475,124.721886115125,1391,"past",NA
"696",10.8734945,124.7121225,122,"past",NA
"697",10.8614694304,124.721312855825,1353,"past",NA
"698",10.6348720123,124.776467350325,835,"past",NA
"699",10.633937555825,124.776584801725,1020,"past",NA
"700",10.86154622955,124.7214945755,2094,"past",NA
"701",10.633424,124.77700575,100,"past",NA
"702",10.8615542762,124.721427038325,1334,"past",NA
"703",10.63436561965,124.77637299105,1160,"past",NA
"704",10.63533442095,124.775758388,1236,"past",NA
"705",10.6325742393,124.77674370165,2529,"past",NA
"706",10.63306688565,124.777068584225,783,"past",NA
"707",10.8718888066,124.713823855875,2050,"past",NA
"708",10.75623175,124.78573225,30,"past",NA
"709",10.861092915275,124.7217290383,2523,"past",NA
"710",10.8600645,124.72238,474,"past",NA
"711",10.6348977238,124.776222472975,1196,"past",NA
"712",10.86148801725,124.721495979475,1317,"past",NA
"713",10.640652948075,124.77953699185,1459,"past",NA
"714",10.86198825,124.72093775,900,"past",NA
"715",10.76895575,124.7836465,45,"past",NA
"716",10.63482239145,124.776453541125,867,"past",NA
"717",10.871076,124.71436,341,"past",NA
"718",10.854852043575,124.727700599475,2249,"past",NA
"719",10.860949626675,124.7219240642,1382,"past",NA
"720",10.8698525,124.7159535,249,"past",NA
"721",10.860984746825,124.7219708981,2509,"past",NA
"722",10.861454321975,124.721507777,2103,"past",NA
"723",10.6359093776,124.77543428075,1245,"past",NA
"724",10.635490135725,124.775878814975,1231,"past",NA
"725",10.8692335,124.716364,234,"past",NA
"726",10.633968652675,124.776714826025,1004,"past",NA
"727",10.6342290365,124.776736262725,856,"past",NA
"728",10.633663132325,124.776896399,791,"past",NA
"729",10.87153825,124.71414325,622,"past",NA
"730",10.8108175,124.764718,56,"past",NA
"731",10.8610735,124.721724,688,"past",NA
"732",10.633398,124.776914,97,"past",NA
"733",10.6349974894,124.776396502275,844,"past",NA
"734",10.871766619375,124.71388338835,1083,"past",NA
"735",10.79891075,124.76868425,72,"past",NA
"736",10.871819865425,124.713709275225,898,"past",NA
"737",10.861873480025,124.72116965105,2084,"past",NA
"738",10.7689189911,124.783792169775,2278,"past",NA
"739",10.632413034325,124.7768691159,805,"past",NA
"740",10.861429867825,124.7214149474,2000,"past",NA
"741",10.63417765545,124.776768239675,854,"past",NA
"742",10.8613170893,124.72159635275,1342,"past",NA
"743",10.634117661975,124.776788796275,851,"past",NA
"744",10.8735005,124.712149,120,"past",NA
"745",10.8575295,124.725185,202,"past",NA
"746",10.86985259085,124.715833689525,1123,"past",NA
"747",10.87318,124.7124815,352,"past",NA
"748",10.870859320275,124.71449147445,2058,"past",NA
"749",10.855606708225,124.726181630975,2502,"past",NA
"750",10.63382467255,124.77689015445,815,"past",NA
"751",10.63344371505,124.7769420175,795,"past",NA
"752",10.8714473946,124.7141870018,1078,"past",NA
"753",10.6523692142,124.783815597175,2564,"past",NA
"754",10.860888333975,124.72189223395,2117,"past",NA
"755",10.63502196455,124.776356772075,1011,"past",NA
"756",10.8598105,124.722675,677,"past",NA
"757",10.8618824277,124.721181071375,2416,"past",NA
"758",10.861156973975,124.721502747875,1290,"past",NA
"759",10.869028649775,124.716435594025,1053,"past",NA
"760",10.635015657175,124.7764305328,1013,"past",NA
"761",10.63312525,124.77704825,465,"past",NA
"762",10.874198188575,124.71082210775,2567,"past",NA
"763",10.8609445975,124.721890473725,2122,"past",NA
"764",10.86146435935,124.721337268125,1354,"past",NA
"765",10.86151613855,124.721427520275,1360,"past",NA
"766",10.768922,124.78377225,43,"past",NA
"767",10.871651933975,124.714100940625,2046,"past",NA
"768",10.860960020225,124.721759338875,1371,"past",NA
"769",10.8741,124.7107235,138,"past",NA
"770",10.633892042075,124.77689987745,2899,"past",NA
"771",10.63399075,124.7767025,319,"past",NA
"772",10.860988644425,124.7218724736,1378,"past",NA
"773",10.76435025,124.78536125,17,"past",NA
"774",10.8110065,124.764594,306,"past",NA
"775",10.87444675,124.710766,127,"past",NA
"776",10.861055196725,124.721779874525,2516,"past",NA
"777",10.873879,124.710666,497,"past",NA
"778",10.83065325,124.750594,289,"past",NA
"779",10.873217,124.71210025,118,"past",NA
"780",10.86151387545,124.721424921875,2423,"past",NA
"781",10.6341965,124.7767495,328,"past",NA
"782",10.8610519278,124.72184980055,1349,"past",NA
"783",10.633411,124.7769295,98,"past",NA
"784",10.63537054695,124.775987339675,1259,"past",NA
"785",10.86137975,124.7215945,373,"past",NA
"786",10.633106552975,124.777056660975,2158,"past",NA
"787",10.7554475,124.78530525,722,"past",NA
"788",10.7996235,124.76837725,62,"past",NA
"789",10.8733065,124.712245,527,"past",NA
"790",10.85539725,124.726892,196,"past",NA
"791",10.861552348375,124.7214647359,1314,"past",NA
"792",10.86199075,124.7209445,922,"past",NA
"793",10.8610949479,124.7216989263,2525,"past",NA
"794",10.8616375504,124.721347431225,1186,"past",NA
"795",10.75633,124.78581175,28,"past",NA
"796",10.80446575,124.76674175,59,"past",NA
"797",10.86126625,124.72152125,521,"past",NA
"798",10.855407658975,124.72706870875,2125,"past",NA
"799",10.633752357675,124.7769390419,2801,"past",NA
"800",10.861656262975,124.721263444525,2418,"past",NA
"801",10.861288,124.72160675,519,"past",NA
"802",10.7691915,124.7836405,713,"past",NA
"803",10.74374375,124.78642975,282,"past",NA
"804",10.87144675,124.713942,671,"past",NA
"805",10.86087974255,124.722024856575,2508,"past",NA
"806",10.87039275,124.7149985,1100,"past",NA
"807",10.768508990275,124.78398331905,1931,"past",NA
"808",10.6333925,124.776905,96,"past",NA
"809",10.87196125,124.71373575,664,"past",NA
"810",10.63474582275,124.7763128509,1171,"past",NA
"811",10.85821337535,124.72437009215,1112,"past",NA
"812",10.86947425,124.7163355,1050,"past",NA
"813",10.869982510325,124.715176129225,2733,"past",NA
"814",10.79920025,124.76846975,65,"past",NA
"815",10.63391975,124.77668625,317,"past",NA
"816",10.8584105,124.72428975,725,"past",NA
"817",10.861871007375,124.7209259472,1178,"past",NA
"818",10.86102979955,124.721526803925,1295,"past",NA
"819",10.8731095,124.71217725,278,"past",NA
"820",10.873109,124.712027,433,"past",NA
"821",10.6350336154,124.7763477196,845,"past",NA
"822",10.873394,124.71221575,358,"past",NA
"823",10.870288261225,124.715271934425,1150,"past",NA
"824",10.873105628425,124.711664509975,2017,"past",NA
"825",10.756493,124.7858565,26,"past",NA
"826",10.75645475,124.7857885,719,"past",NA
"827",10.81566375,124.7622275,297,"past",NA
"828",10.861362121075,124.72149371635,2104,"past",NA
"829",10.858204490525,124.724932140675,1110,"past",NA
"830",10.63351336865,124.7770874016,787,"past",NA
"831",10.86920775,124.716348,233,"past",NA
"832",10.8732661628,124.712140413475,2233,"past",NA
"833",10.86125375,124.72155275,520,"past",NA
"834",10.8063815,124.766043,53,"past",NA
"835",10.635606728025,124.77620220975,1210,"past",NA
"836",10.8728335,124.71186625,271,"past",NA
"837",10.857522916025,124.725209455925,1106,"past",NA
"838",10.8609953709,124.72154685765,1296,"past",NA
"839",10.8714951924,124.7142457799,888,"past",NA
"840",10.634828154,124.7764694458,865,"past",NA
"841",10.870328473375,124.7151629068,2734,"past",NA
"842",10.8729155,124.712078,361,"past",NA
"843",10.63552682755,124.77561608425,1233,"past",NA
"844",10.8740335,124.71045325,252,"past",NA
"845",10.8618601947,124.721017288975,1181,"past",NA
"846",10.861623636425,124.721314469325,2419,"past",NA
"847",10.8743785,124.710605,133,"past",NA
"848",10.861156973975,124.721502747875,1291,"past",NA
"849",10.8571596234,124.7251630202,2436,"past",NA
"850",10.8712018258,124.7145608766,1188,"past",NA
"851",10.6348220352,124.776537653525,834,"past",NA
"852",10.8699008827,124.7158801352,2473,"past",1067
"853",10.85737675,124.7247245,953,"past",1051
"854",10.855466875,124.726845125,195,"past",517
"855",10.8738491126638,124.710917137563,943,"past",1031
"856",10.87414007401,124.710765186928,1033,"past",21
"857",10.8730359568464,124.712165678911,908,"past",51
"858",10.8549979375583,124.727663334933,906,"past",1005
"859",10.8736497815583,124.711325957908,938,"past",1066
"860",10.87280526075,124.711799715227,428,"past",65
"861",10.8549452450813,124.727735703931,871,"past",112
"862",10.87419867883,124.71086858681,732,"past",79
"863",10.8694655837812,124.716185905994,240,"past",844
"864",10.811665347785,124.764252168125,1307,"past",31
"865",10.8713957568938,124.7141865772,607,"past",84
"866",10.855548000815,124.726127637125,691,"past",1023
"867",10.7685934073,124.783932127691,709,"past",33
"868",10.8692926951125,124.716338593125,236,"past",83
"869",10.6328440632125,124.776926573825,737,"past",1078
"870",10.8743279790833,124.710662090219,948,"past",44
"871",10.8743182454942,124.710845601921,969,"past",8
"872",10.8742857946705,124.710621155418,1029,"past",38
"873",10.86912175,124.71640675,226,"past",1075
"874",10.8732167501531,124.712208450841,414,"past",46
"875",10.871380948375,124.713943425635,638,"past",77
"876",10.8744410262625,124.710627276471,129,"past",829
"877",10.8689391197875,124.716450109812,152,"past",80
"878",10.6338306626214,124.776606106736,762,"past",675
"879",10.8692813162917,124.716331247183,1047,"past",1022
"880",10.8734910597625,124.711773500875,881,"past",7
"881",10.6340977695688,124.776496804247,537,"past",622
"882",10.6336347263594,124.776800885269,402,"past",45
"883",10.63371610205,124.776790821905,401,"past",16
"884",10.74294813631,124.787116250695,284,"past",830
"885",10.87281716595,124.711901533288,363,"past",981
"886",10.8728868040786,124.712175234361,359,"past",53
"887",10.8584152095417,124.72438425445,207,"past",1046
"888",10.8554897663583,124.726995218062,689,"past",1029
"889",10.86984423585,124.715930616892,595,"past",1060
"890",10.872926752315,124.711670510341,912,"past",64
"891",10.6334871717208,124.77672480395,797,"past",29
"892",10.7639612472313,124.785209742462,377,"past",1008
"893",10.7640536333187,124.785235516035,928,"past",1001
"894",10.8692400235917,124.7163455782,586,"past",1033
"895",10.872844816165,124.711773488483,427,"past",66
"896",10.871364860155,124.71402116045,672,"past",85
"897",10.633560437245,124.776799981945,794,"past",11
"898",10.8715138990286,124.71415391425,890,"past",10
"899",10.6528976967929,124.783505294436,452,"past",32
"900",10.8731306972125,124.711898556063,416,"past",987
"901",10.8730902409405,124.712168418272,417,"past",36
"902",10.6524161243583,124.783650093354,394,"past",69
"903",10.874005614775,124.710491400387,488,"past",1071
"904",10.63388318665,124.776884146792,410,"past",992
"905",10.76843272545,124.78404736205,1331,"past",414
"906",10.79875792976,124.76864884653,701,"past",168
"907",10.7984777055675,124.768625273127,1303,"past",62
"908",10.6352227860375,124.776041251162,578,"past",1047
"909",10.633936298545,124.77661285596,1019,"past",4
"910",10.633852073,124.776650863695,1002,"past",100
"911",10.8714468131125,124.714274309819,1126,"past",1028
"912",10.8737122732775,124.7111394798,476,"past",790
"913",10.873428138885,124.71216921369,919,"past",23
"914",10.87393751977,124.71059578344,490,"past",43
"915",10.7686131529125,124.783880384052,1310,"past",1061
"916",10.640878510025,124.783472178755,445,"past",1007
"917",10.8729888946906,124.7115949454,913,"past",19
"918",10.8744572356583,124.71073745825,128,"past",1045
"919",10.8728398233143,124.711877372307,425,"past",35
"920",10.8736153209643,124.711052591739,957,"past",47
"921",10.632926902225,124.776952396681,466,"past",1040
"922",10.8548510115375,124.727555655413,849,"past",261
"923",10.8714359114563,124.714012910812,627,"past",86
"924",10.8742807607667,124.710808054079,950,"past",1025
"925",10.8735261757156,124.711006180834,479,"past",48
"926",10.874494285112,124.710597054549,132,"past",654
"927",10.86106057825,124.72170531045,514,"past",863
"928",10.8743288677125,124.710857209325,729,"past",984
"929",10.7641910050778,124.785304500775,380,"past",34
"930",10.6335568118786,124.776772527971,406,"past",862
"931",10.7641184812937,124.785252374106,378,"past",114
"932",10.6406614507,124.784031312344,447,"past",1006
"933",10.85479406175,124.727717845219,904,"past",55
"934",10.8618753799167,124.721111410758,1183,"past",1010
"935",10.8690240336417,124.716454070567,224,"past",1063
"936",10.6522857199875,124.783644655258,757,"past",68
"937",10.855036907825,124.727651898267,389,"past",54
"938",10.8091466749214,124.765384325871,697,"past",559
"939",10.871418120525,124.714173824317,605,"past",60
"940",10.872905943425,124.712135572016,360,"past",97
"941",10.6340782774937,124.776492448869,1125,"past",991
"942",10.8715205878063,124.714074839106,620,"past",87
"943",10.8714326471071,124.714043906379,625,"past",59
"944",10.6328982068167,124.777053671417,738,"past",1024
"945",10.8735645480875,124.711129488046,478,"past",1027
"946",10.8727986414394,124.711804961211,426,"past",99
"947",10.8739113208625,124.710472934194,964,"past",1062
"948",10.8553217339875,124.726249346281,930,"past",1069
"949",10.8730569905667,124.7121728509,418,"past",864
"950",10.8612573778,124.721468513462,523,"past",1011
"951",10.85712607485,124.724934941625,934,"past",1016
"952",10.8609044516125,124.721651933863,512,"past",1012
"953",10.871406549325,124.7141579505,175,"past",1034
"954",10.873550625,124.71199625,121,"past",1049
"955",10.8738628984208,124.71098755765,264,"past",103
"956",10.64106900478,124.779954586645,1252,"past",108
"957",10.854897,124.72781775,187,"past",982
"958",10.8554105,124.726209,693,"past",988
"959",10.8737615,124.7108445,262,"past",1072
"960",10.8698700112333,124.7158976365,1072,"past",1019
"961",10.768368125,124.78408175,37,"past",1038
"962",10.8701615,124.7152815,334,"past",1037
"963",10.869979183935,124.715652600655,337,"past",30
"964",10.8567283834,124.725270542175,221,"past",1015
"965",10.87466068519,124.71066951099,1030,"past",18
"966",10.8551244624,124.727382925342,872,"past",25
"967",10.799808186025,124.76815106068,704,"past",445
"968",10.6328237109062,124.776895901306,778,"past",808
"969",10.65251669925,124.783705838467,83,"past",90
"970",10.6336869818357,124.77679345425,810,"past",92
"971",10.6339453021083,124.776870163625,818,"past",104
"972",10.8731845676389,124.712082587976,116,"past",697
"973",10.857470123375,124.724688976025,472,"past",1050
"974",10.8735855925,124.71161454099,110,"past",50
"975",10.8736995933667,124.711425047642,109,"past",74
"976",10.633887627625,124.776634436558,1018,"past",996
"977",10.8735556213656,124.711133872631,940,"past",49
"978",10.87382825,124.71090425,483,"past",985
"979",10.6414756528083,124.778148815983,1452,"past",73
"980",10.6406872876625,124.780851164244,1254,"past",26
"981",10.633837999775,124.7768925119,1001,"past",1041
"982",10.8696125917393,124.716121157775,1102,"past",14
"983",10.869933017775,124.715193281983,140,"past",1054
"984",10.8737812219333,124.710832270179,961,"past",2
"985",10.869835567195,124.71592286882,1071,"past",101
"986",10.86122,124.72149175,366,"past",1068
"987",10.8617780962375,124.72111461425,1091,"past",1009
"988",10.8718368658833,124.713819149642,157,"past",88
"989",10.6328497314875,124.7768996365,777,"past",1000
"990",10.8593230022278,124.723352704756,680,"past",1013
"991",10.6523181946271,124.782738763612,758,"past",107
"992",10.7532638625694,124.784407616824,926,"past",72
"993",10.859564297125,124.72288789925,1114,"past",1014
"994",10.633381898525,124.777039003108,749,"past",994
"995",10.8699008827,124.7158801352,597,"past",1067
"996",10.6331970146917,124.776973093392,807,"past",995
"997",10.7282332461937,124.793465577522,1286,"past",58
"998",10.633523505525,124.77674831695,809,"past",13
"999",10.8714195,124.714215,609,"past",1074
"1000",10.63385177543,124.776880037515,817,"past",6
"1001",10.6342485967313,124.776712005531,538,"past",1032
"1002",10.87145305895,124.714237601133,610,"past",82
"1003",10.634503705325,124.776360510025,556,"past",78
"1004",10.86141039035,124.721532943637,1319,"past",1002
"1005",10.8576880255542,124.724545287921,936,"past",1017
"1006",10.8704537828375,124.715001450387,2868,"past",860
"1007",10.6413498544167,124.778286223292,2845,"past",509
"1008",10.8692140889,124.716373714625,2069,"past",846
"1009",10.6332327111125,124.777070847325,747,"past",548
"1010",10.6331474916167,124.777058644683,2161,"past",831
"1011",10.6408864155,124.779112584662,2917,"past",721
"1012",10.63336404505,124.777000806062,2186,"past",552
"1013",10.8718434604875,124.713700882862,899,"past",664
"1014",10.6415518967,124.777898465988,2836,"past",858
"1015",10.63407686305,124.776848272892,2810,"past",126
"1016",10.7272593161969,124.793328371028,2664,"past",680
"1017",10.6519728367842,124.782938869412,397,"past",57
"1018",10.7644398626824,124.785374923764,2317,"past",154
"1019",10.8737230788857,124.710786272139,945,"past",546
"1020",10.8715302078,124.713876822508,2908,"past",722
"1021",10.8737998412125,124.710912568594,944,"past",737
"1022",10.871517687325,124.714214064887,2044,"past",773
"1023",10.633126681025,124.77707780065,464,"past",604
"1024",10.87145200465,124.713948131558,2901,"past",294
"1025",10.871367858735,124.714047832885,2026,"past",619
"1026",10.6331679399875,124.777044088112,744,"past",427
"1027",10.6337456102417,124.776952697442,2188,"past",124
"1028",10.8708180556917,124.714508190233,1098,"past",998
"1029",10.633748564875,124.776938930167,2189,"past",785
"1030",10.6410887162167,124.778509223842,2874,"past",810
"1031",10.8610534722625,124.72165249815,513,"past",848
"1032",10.6412202702,124.778334663733,2870,"past",240
"1033",10.6344161732875,124.776382297013,552,"past",843
"1034",10.8715205878063,124.714074839106,1105,"past",87
"1035",10.6332064143893,124.776551528561,2789,"past",412
"1036",10.6412252958312,124.778328965775,2869,"past",290
"1037",10.8703536610083,124.715018577417,2468,"past",570
"1038",10.6526225153375,124.783739971475,2861,"past",809
"1039",10.6520611792708,124.783437547165,2854,"past",723
"1040",10.6344739454375,124.77655697275,549,"past",828
"1041",10.6522658017958,124.78281279187,2268,"past",355
"1042",10.8618799445625,124.72108256305,1184,"past",564
"1043",10.8716499945667,124.713984128858,650,"past",795
"1044",10.8715294115375,124.714257954619,1080,"past",70
"1045",10.6405094141875,124.781509802275,442,"past",618
"1046",10.63448180875,124.776736492975,545,"past",142
"1047",10.6414545374,124.77822015295,2844,"past",686
"1048",10.8716659418125,124.7140576018,646,"past",798
"1049",10.8738628984208,124.71098755765,498,"past",103
"1050",10.87390571458,124.71067434317,2194,"past",129
"1051",10.6344109786375,124.7767289758,543,"past",852
"1052",10.6343183748833,124.776752478458,542,"past",657
"1053",10.640965970225,124.7838376835,1229,"past",461
"1054",10.6415452575333,124.7779735434,2832,"past",724
"1055",10.6324899802,124.776897279062,2148,"past",827
"1056",NA,NA,645,"past",106
"1057",10.6342629288083,124.776753133417,540,"past",369
"1058",10.6339583220125,124.7765647585,2824,"past",854
"1059",10.869789265575,124.71576059935,2471,"past",832
"1060",10.8699205575875,124.71584201905,2732,"past",495
"1061",10.6339606479625,124.7767783818,2815,"past",677
"1062",10.6339770276167,124.7767106979,2813,"past",120
"1063",10.6340309861083,124.7767579998,2811,"past",853
"1064",10.873530203225,124.712160467175,889,"past",781
"1065",10.6337233143917,124.776941074525,2802,"past",1079
"1066",10.634102484225,124.77647356885,536,"past",505
"1067",10.8697356371,124.715898146381,1122,"past",1020
"1068",10.63384935725,124.776882849635,2803,"past",688
"1069",10.633499341325,124.776907239319,457,"past",608
"1070",10.6338356509375,124.776890260638,409,"past",625
"1071",10.6338620837667,124.77688418935,2897,"past",230
"1072",10.6340307304417,124.776589722858,534,"past",476
"1073",10.8714150601812,124.714039384963,639,"past",197
"1074",10.63362805405,124.776988191288,752,"past",817
"1075",10.873743873025,124.711126098888,958,"past",534
"1076",10.6338466693,124.776745426558,530,"past",524
"1077",10.8694911631875,124.716288344938,2714,"past",457
"1078",10.8611738936,124.721683821613,517,"past",850
"1079",10.8714052336417,124.71419263165,1130,"past",624
"1080",10.63286494883,124.77665711661,2782,"past",382
"1081",10.633405467375,124.776462373556,2790,"past",692
"1082",10.869658668525,124.715907394417,2061,"past",766
"1083",10.8735542615667,124.710995826,480,"past",450
"1084",10.871488878,124.714137570983,635,"past",232
"1085",10.8714904403625,124.714178977625,634,"past",533
"1086",10.86122,124.72149175,522,"past",1068
"1087",10.632734375525,124.7768795723,2766,"past",346
"1088",10.6327056395917,124.776953158433,2764,"past",179
"1089",10.811665347785,124.764252168125,2687,"past",31
"1090",10.632597960065,124.77692660736,2535,"past",249
"1091",10.8576589364375,124.72502953335,674,"past",1044
"1092",10.6333826808167,124.7768123704,798,"past",767
"1093",10.8702613692667,124.715117190492,2736,"past",674
"1094",10.870302162595,124.71520335366,2735,"past",216
"1095",10.634661246025,124.776358877838,561,"past",210
"1096",10.6342439288667,124.776746172892,539,"past",595
"1097",10.65315418645,124.7838660772,2676,"past",275
"1098",10.8359501263594,124.7467750084,2683,"past",503
"1099",10.869735981805,124.715950336315,2481,"past",116
"1100",10.8696323214167,124.71595314565,2483,"past",181
"1101",10.874395849775,124.710643938937,967,"past",847
"1102",10.6344162987,124.776462970763,1025,"past",424
"1103",10.63419914455,124.77676811395,853,"past",840
"1104",10.869125716375,124.716315284375,2500,"past",140
"1105",10.6352139216417,124.776030102192,577,"past",587
"1106",10.7435818965438,124.786929070838,2313,"past",199
"1107",10.6347186245167,124.776268663392,562,"past",403
"1108",10.8714211105375,124.714023518888,626,"past",754
"1109",10.8690462988937,124.716371964881,2704,"past",606
"1110",10.8694655837812,124.716185905994,2495,"past",844
"1111",10.634526415975,124.77635918185,1192,"past",660
"1112",10.874277030815,124.710669366413,1028,"past",519
"1113",10.76913545375,124.783610528687,1270,"past",514
"1114",10.8715277822667,124.714126850433,619,"past",772
"1115",10.634458062725,124.776518472513,550,"past",594
"1116",10.8613288973,124.72161132495,1341,"past",584
"1117",10.6335164071,124.776605903163,1156,"past",659
"1118",10.81120705465,124.764569147958,2301,"past",520
"1119",10.6341886043375,124.776382148275,1104,"past",574
"1120",10.76453765297,124.785435756201,2315,"past",121
"1121",10.7643207767917,124.785289128792,2132,"past",822
"1122",10.87145725,124.71427925,344,"past",317
"1123",10.6523455929625,124.783632143525,2681,"past",700
"1124",10.76445116908,124.78537989589,14,"past",39
"1125",10.871400930925,124.714169581408,1131,"past",233
"1126",10.871437590925,124.714024191725,636,"past",1035
"1127",10.871394532725,124.714049601467,1134,"past",613
"1128",10.633813818,124.776904770388,814,"past",835
"1129",10.633704189675,124.776921223392,832,"past",784
"1130",10.874136754425,124.710742856844,2004,"past",326
"1131",10.6329047586875,124.777076505162,740,"past",989
"1132",10.7282357267125,124.793433324667,2667,"past",469
"1133",10.6336048839417,124.776800059933,403,"past",405
"1134",10.7281839789325,124.793379614808,2666,"past",206
"1135",10.6334237940583,124.776842608108,830,"past",825
"1136",10.634995875875,124.776078922425,1010,"past",301
"1137",10.65284824072,124.78344855032,73,"past",40
"1138",10.854977,124.7276295,189,"past",979
"1139",10.869629743975,124.716019558258,1119,"past",1021
"1140",10.8714219959125,124.714220025175,176,"past",837
"1141",10.76826462429,124.78409731296,2129,"past",268
"1142",10.8709498029125,124.7144657001,2057,"past",750
"1143",10.7436531165,124.7867857036,1285,"past",273
"1144",10.63273853855,124.776695813058,2156,"past",763
"1145",10.873580808975,124.7111951653,939,"past",747
"1146",10.6345905637917,124.776324741508,558,"past",475
"1147",10.8734421618292,124.712151156279,887,"past",211
"1148",10.634604655575,124.776410329275,554,"past",184
"1149",10.8733071014333,124.712175086608,2230,"past",303
"1150",10.8735173789292,124.711993691746,2227,"past",567
"1151",10.6521320168375,124.784314990962,755,"past",819
"1152",10.6341744808,124.776380168025,1152,"past",782
"1153",10.87328811485,124.711953470013,112,"past",132
"1154",10.641066113,124.782967065688,1204,"past",653
"1155",10.87428632775,124.710654350925,2010,"past",418
"1156",10.8092049166333,124.765329164953,698,"past",246
"1157",10.798691083225,124.768671540438,703,"past",791
"1158",10.8706255180333,124.7147264634,603,"past",535
"1159",10.8706248829,124.714747221675,602,"past",749
"1160",10.8698443978375,124.715910186713,596,"past",190
"1161",10.8718812419167,124.713762584142,2601,"past",491
"1162",10.855368882175,124.7261878755,929,"past",729
"1163",10.6332890375,124.77678451105,1200,"past",1003
"1164",10.8613989385833,124.72144365545,2253,"past",56
"1165",10.8609465672625,124.721930717338,1381,"past",480
"1166",10.8719044440812,124.713780180912,2604,"past",434
"1167",10.7282085195656,124.793376040478,2668,"past",463
"1168",10.871486885935,124.714199499215,2282,"past",266
"1169",10.65199402975,124.783837505388,756,"past",823
"1170",10.8609358282125,124.7218775216,682,"past",340
"1171",10.8714782190583,124.714145015458,2589,"past",617
"1172",10.6406332373625,124.781394558825,441,"past",615
"1173",10.87149759695,124.7141501319,2287,"past",734
"1174",10.641303020525,124.781411478767,2934,"past",352
"1175",10.8613804565,124.721494889813,2254,"past",778
"1176",10.861406450875,124.721462839512,2257,"past",779
"1177",10.869439875,124.716355375,590,"past",770
"1178",10.6531976725417,124.783928702992,392,"past",455
"1179",10.7558385771583,124.785413187942,2912,"past",512
"1180",10.861604840025,124.721273534225,1185,"past",816
"1181",10.8615561830875,124.7213929554,1357,"past",818
"1182",10.8738635934437,124.710855609169,2202,"past",800
"1183",10.8739585529214,124.710758270561,2215,"past",510
"1184",10.861505608775,124.7213342716,1272,"past",499
"1185",10.8618078287625,124.72120321005,2087,"past",814
"1186",10.8694588194938,124.716289879881,2076,"past",360
"1187",10.6334407366875,124.77698434485,459,"past",605
"1188",10.868996125,124.71646675,223,"past",265
"1189",10.86884725,124.716479375,580,"past",678
"1190",10.86920600555,124.716325973625,1043,"past",267
"1191",10.868867625,124.71645275,150,"past",563
"1192",10.8704255428167,124.71502031665,2865,"past",526
"1193",10.870303688949,124.714984568397,2060,"past",347
"1194",10.634982483175,124.776206485538,566,"past",351
"1195",10.634520848325,124.7767026739,546,"past",855
"1196",10.868813067175,124.716444715962,1037,"past",681
"1197",10.8738989637679,124.710787725832,484,"past",98
"1198",10.8735855925,124.71161454099,434,"past",50
"1199",10.76883105085,124.783716038217,711,"past",177
"1200",10.6326168298375,124.776936768325,2761,"past",532
"1201",10.8565219598917,124.725691459858,217,"past",329
"1202",10.87350740445,124.7120942711,921,"past",689
"1203",10.6328401184937,124.777049216788,2780,"past",554
"1204",10.6328237109062,124.776895901306,2768,"past",808
"1205",10.857790211475,124.7246168275,955,"past",1065
"1206",10.6405272404625,124.78080510045,2927,"past",328
"1207",10.869102421,124.7163211077,2705,"past",315
"1208",10.8743564668792,124.710662540254,726,"past",12
"1209",10.8111116197,124.764593350692,1308,"past",363
"1210",10.7545041764375,124.784820142069,2654,"past",431
"1211",10.8715138990286,124.71415391425,2038,"past",10
"1212",10.8714219959125,124.714220025175,608,"past",837
"1213",10.8740557785563,124.710822111119,493,"past",440
"1214",10.87359314085,124.711405173875,2632,"past",708
"1215",10.8734225342083,124.712044510517,2229,"past",474
"1216",10.87288162205,124.712209700375,2623,"past",614
"1217",10.86127242375,124.721559547083,525,"past",801
"1218",10.6334896868625,124.7769103045,458,"past",702
"1219",10.7642431703875,124.785352491013,18,"past",336
"1220",10.7642136607313,124.785286152987,379,"past",285
"1221",10.8601947793,124.722399187812,475,"past",438
"1222",10.764535538625,124.78545685765,902,"past",713
"1223",10.8729496411917,124.7116952925,2492,"past",357
"1224",10.6335545361625,124.776784294588,405,"past",628
"1225",10.8718697377333,124.713765678458,2608,"past",645
"1226",10.8718691824562,124.713773658737,2607,"past",244
"1227",10.86090682655,124.721790865287,1375,"past",640
"1228",10.87190938415,124.713773973063,2605,"past",644
"1229",10.87163242875,124.713877732187,654,"past",550
"1230",10.6335707536875,124.776737200537,407,"past",730
"1231",10.8718851744167,124.713781659958,2603,"past",716
"1232",10.8737338952833,124.711353465658,108,"past",234
"1233",10.8715408528313,124.714115378437,2584,"past",253
"1234",10.7550665567333,124.785080239142,723,"past",482
"1235",10.8714988070875,124.714193235862,2594,"past",738
"1236",10.7532657659625,124.784405358363,927,"past",575
"1237",10.635210163875,124.776115243975,575,"past",188
"1238",10.86098075495,124.72154832445,1297,"past",687
"1239",10.8691175,124.716394,228,"past",531
"1240",10.8714945742375,124.714258237525,2043,"past",345
"1241",10.7684979425583,124.783990513692,707,"past",257
"1242",10.8612727490375,124.7214491351,1289,"past",744
"1243",10.8363012853083,124.746614566533,2682,"past",487
"1244",10.8574740066,124.7249679038,204,"past",663
"1245",10.87168391095,124.714153631375,1082,"past",670
"1246",10.86872323375,124.716563787675,1034,"past",787
"1247",10.8736034034375,124.711133013475,2633,"past",627
"1248",10.8742603738875,124.71100295935,971,"past",786
"1249",10.63399385288,124.776520332315,2825,"past",110
"1250",10.6337837465625,124.7768868418,408,"past",648
"1251",10.641068218975,124.780627781275,1251,"past",783
"1252",10.8714863798875,124.714244218112,612,"past",379
"1253",10.63335460495,124.776654067675,1017,"past",705
"1254",10.86913025,124.716345875,231,"past",305
"1255",10.861538287725,124.721466611375,1316,"past",647
"1256",10.8716323473625,124.713884079562,655,"past",666
"1257",10.87431833265,124.710610538025,2622,"past",731
"1258",10.8743107753562,124.710862971662,970,"past",1026
"1259",10.8736665174333,124.711105831675,2219,"past",263
"1260",10.874370958695,124.710790715475,727,"past",9
"1261",10.8690347076583,124.716448439842,582,"past",745
"1262",10.855443355425,124.7267324237,383,"past",521
"1263",10.855157291525,124.727404121075,2242,"past",760
"1264",10.63394722645,124.776594220875,1151,"past",479
"1265",10.8551244624,124.727382925342,2127,"past",25
"1266",10.7686566515,124.783874710542,1311,"past",775
"1267",10.8613448648125,124.72150655115,1282,"past",676
"1268",10.6407896569,124.784896590275,450,"past",612
"1269",10.6407051533667,124.784610844217,449,"past",507
"1270",10.769360612625,124.783488179087,1352,"past",498
"1271",10.8613191574375,124.7216049654,524,"past",719
"1272",10.7692550949292,124.783519342317,2276,"past",198
"1273",10.7690253469625,124.783687354063,1328,"past",776
"1274",10.7690936769417,124.783721992275,1271,"past",400
"1275",10.87151645255,124.714245380313,613,"past",582
"1276",10.8714533411833,124.714046544358,668,"past",378
"1277",10.87138919625,124.713980464733,2028,"past",468
"1278",10.868888441475,124.716446532413,2690,"past",557
"1279",10.861839439,124.721081787725,2404,"past",768
"1280",10.857790211475,124.7246168275,2448,"past",1065
"1281",10.869696860325,124.715933848056,1121,"past",493
"1282",10.869248308,124.716326859788,2499,"past",764
"1283",10.634467949475,124.776623968,547,"past",755
"1284",10.632519536875,124.776938518037,2527,"past",193
"1285",10.859763534975,124.722721120325,1116,"past",1055
"1286",10.8610433363125,124.72162169755,1298,"past",740
"1287",10.63271445455,124.776934983671,2157,"past",299
"1288",10.63296595015,124.776959275062,467,"past",161
"1289",10.6352236843083,124.7760935221,553,"past",588
"1290",10.8611427986125,124.721748464988,516,"past",762
"1291",10.7282332461937,124.793465577522,2271,"past",58
"1292",10.8714872562,124.713929900375,641,"past",239
"1293",10.633415905325,124.777012747775,461,"past",607
"1294",10.8713530562875,124.714197353462,2035,"past",752
"1295",10.8737488856357,124.7106747239,485,"past",1
"1296",10.764436317845,124.785302360295,2316,"past",122
"1297",10.63507715785,124.776225116487,570,"past",759
"1298",10.728107022575,124.793401298825,1339,"past",611
"1299",10.8609028673625,124.721724050475,511,"past",739
"1300",10.6342598046083,124.776745873317,541,"past",406
"1301",10.8730762498369,124.711680896586,878,"past",20
"1302",10.634454158125,124.776720631425,544,"past",756
"1303",10.871593281625,124.714017191442,2031,"past",753
"1304",10.6345792979375,124.776405095163,555,"past",462
"1305",10.8716476697125,124.714070063788,897,"past",667
"1306",10.8715079119375,124.713870857387,1144,"past",751
"1307",10.8729675509917,124.712179694875,909,"past",52
"1308",10.635221827875,124.776092119975,576,"past",733
"1309",10.8696247811875,124.715953728887,1120,"past",741
"1310",10.8698107721417,124.715468029033,2064,"past",307
"1311",10.74483625,124.78578275,1,"past",146
"1312",10.869468555525,124.716334973575,1049,"past",565
"1313",10.744782625,124.7858905,3,"past",339
"1314",10.861186375,124.7214925,365,"past",742
"1315",10.64058700345,124.781070565812,2930,"past",448
"1316",10.860944147,124.721781529962,1372,"past",641
"1317",10.860995632825,124.72192692455,1379,"past",264
"1318",10.871462004265,124.71418692637,2577,"past",71
"1319",10.8734798908625,124.711972230575,2629,"past",186
"1320",10.633143718,124.777050183525,463,"past",693
"1321",10.87450101243,124.710588807344,2563,"past",1064
"1322",10.635092058075,124.776221546,571,"past",490
"1323",10.6350259831167,124.776195978183,569,"past",589
"1324",10.635088557275,124.776165575988,573,"past",486
"1325",10.871564189425,124.714155478875,2598,"past",390
"1326",10.76420880905,124.78527010455,22,"past",464
"1327",10.8702898757167,124.715047731033,600,"past",42
"1328",10.861914737025,124.721117549013,1088,"past",242
"1329",10.6407457110625,124.780236717725,439,"past",459
"1330",10.860996123725,124.721768821892,508,"past",1070
"1331",10.744503,124.78598875,4,"past",423
"1332",10.8730636665,124.711621039312,879,"past",597
"1333",10.8730963384583,124.711608078808,915,"past",714
"1334",10.7438305,124.786437875,8,"past",149
"1335",10.873675711111,124.711468017039,131,"past",24
"1336",10.8730863919375,124.711590120563,880,"past",712
"1337",10.8550382685,124.727268774275,905,"past",639
"1338",10.8731195128214,124.712206613489,2235,"past",634
"1339",10.7277337764125,124.793462643863,1288,"past",319
"1340",10.79875792976,124.76864884653,2306,"past",168
"1341",10.743299625,124.78690825,13,"past",704
"1342",10.874343928875,124.71078120405,1026,"past",703
"1343",10.65272218665,124.7834675596,2672,"past",443
"1344",10.6529292510875,124.783471121925,2674,"past",314
"1345",10.87050621295,124.714763525533,601,"past",1018
"1346",10.6347961770375,124.776302604,775,"past",696
"1347",10.6332661224375,124.777050386475,462,"past",694
"1348",10.6327437423125,124.776624220247,2532,"past",164
"1349",10.6339453021083,124.776870163625,2898,"past",104
"1350",10.74410241795,124.786121071075,2849,"past",685
"1351",10.869742389775,124.715767409642,1051,"past",590
"1352",10.8702977257833,124.714991056833,2863,"past",286
"1353",10.870432042275,124.715035491375,2867,"past",539
"1354",10.8690240336417,124.716454070567,1052,"past",1063
"1355",10.8713930551875,124.714414749613,630,"past",134
"1356",10.6335802702167,124.77676639565,2796,"past",409
"1357",10.8714537765375,124.713924513688,670,"past",669
"1358",10.8714292499,124.713953720425,640,"past",522
"1359",10.8716582266375,124.714061014787,647,"past",668
"1360",10.8716906482625,124.71386767315,656,"past",452
"1361",10.63455101685,124.776390373,1153,"past",662
"1362",10.7995012029875,124.7683111299,1269,"past",274
"1363",10.87144,124.71423275,178,"past",160
"1364",10.8092611736125,124.7653491276,699,"past",651
"1365",10.7693134783917,124.783502379425,1351,"past",530
"1366",10.8615613379375,124.7214394645,1313,"past",650
"1367",10.6338737419667,124.776724783975,532,"past",571
"1368",10.6336314076875,124.776665172087,398,"past",506
"1369",10.869863625,124.715821625,251,"past",501
"1370",10.8716330626,124.714081888708,184,"past",556
"1371",10.861009001975,124.721858957788,1350,"past",577
"1372",10.855060123625,124.7270887875,385,"past",635
"1373",10.8554075544833,124.726199685625,692,"past",630
"1374",10.85601075,124.72639825,198,"past",632
"1375",10.8608331726083,124.721934767542,501,"past",437
"1376",10.8551279772625,124.727302167438,390,"past",631
"1377",10.6411235604875,124.778590381613,2876,"past",209
"1378",10.8715401263917,124.714259211917,2284,"past",629
"1379",10.8691621666667,124.716337916667,232,"past",311
"1380",10.8732215431583,124.71210011745,918,"past",1004
"1381",10.8548260512,124.727579929838,386,"past",633
"1382",10.65237046105,124.783965077937,2678,"past",504
"1383",10.6327584735,124.7766961658,2533,"past",525
"1384",10.8550614519,124.727672192337,388,"past",148
"1385",10.8714732597583,124.713897623583,2905,"past",492
"1386",10.6407283293,124.784596378458,448,"past",553
"1387",10.633514334525,124.776869532788,455,"past",610
"1388",10.8612843998625,124.721610025738,1324,"past",643
"1389",10.873751,124.711192,267,"past",986
"1390",10.87199673197,124.71383254369,2609,"past",254
"1391",10.8695146674333,124.716330869133,2711,"past",555
"1392",10.8714618394167,124.714153027154,893,"past",231
"1393",10.6328796475139,124.776935123742,468,"past",111
"1394",10.8715468390125,124.714246745562,615,"past",494
"1395",10.8738912927688,124.710510043775,487,"past",502
"1396",10.8610105987,124.721890963975,503,"past",599
"1397",10.860947701475,124.721657683183,505,"past",356
"1398",10.7438442762875,124.786533848375,776,"past",598
"1399",10.652852625,124.783446625,74,"past",596
"1400",10.633946375,124.776590125,412,"past",415
"1401",10.63405300155,124.776537918292,535,"past",313
"1402",10.6528222281583,124.783480761108,2673,"past",102
"1403",10.87178298505,124.713934612225,1146,"past",592
"1404",10.6348270433125,124.776250581675,564,"past",397
"1405",10.8688305869,124.716467353638,148,"past",229
"1406",10.8691139658688,124.716364980275,1042,"past",81
"1407",10.8689558333333,124.716452,222,"past",196
"1408",10.872920283025,124.7118151017,429,"past",308
"1409",10.8714719519625,124.714044517787,624,"past",581
"1410",10.634503705325,124.776360510025,1009,"past",78
"1411",10.7434130169,124.786929935212,2670,"past",805
"1412",10.8730569905667,124.7121728509,874,"past",864
"1413",10.87162525,124.71392825,162,"past",562
"1414",10.8740848170163,124.710701151617,2003,"past",578
"1415",10.79899549135,124.76851456915,1306,"past",576
"1416",10.869859244175,124.715822566012,598,"past",248
"1417",10.7689696638,124.783753563138,717,"past",322
"1418",10.87135025,124.714126333333,172,"past",536
"1419",10.8738913829333,124.711105681492,2015,"past",568
"1420",10.86984423585,124.715930616892,2476,"past",1060
"1421",10.871564,124.713918375,163,"past",527
"1422",10.871737375,124.713774375,154,"past",467
"1423",10.871377875,124.71408725,173,"past",189
"1424",10.869935,124.715783375,332,"past",497
"1425",10.76848395985,124.783946197713,1309,"past",349
"1426",10.8730762498369,124.711680896586,2477,"past",20
"1427",10.76843272545,124.78404736205,2656,"past",414
"1428",10.8729024021833,124.712184998217,875,"past",362
"1429",10.63385177543,124.776880037515,2896,"past",6
"1430",10.8716405853375,124.713968819725,651,"past",453
"1431",10.87149425,124.7141755,180,"past",393
"1432",NA,NA,1451,"past",93
"1433",10.6415333971417,124.777978328058,2831,"past",366
"1434",10.8729143374,124.712162628125,421,"past",76
"1435",10.8731269508167,124.712039672892,431,"past",384
"1436",10.871477806925,124.714179227592,2593,"past",245
"1437",10.8694876336875,124.71630011845,1101,"past",410
"1438",10.8715663338083,124.714154514958,2599,"past",348
"1439",10.7564987009375,124.785813678763,2652,"past",341
"1440",10.74337375,124.786727375,12,"past",472
"1441",10.87308925,124.712145,279,"past",1030
"1442",10.6333611113875,124.7768484021,799,"past",470
"1443",10.8691075,124.7163955,229,"past",401
"1444",10.756589113725,124.786018019092,2650,"past",392
"1445",10.7564775,124.78582425,27,"past",428
"1446",10.74401075,124.786317875,5,"past",444
"1447",10.63362913875,124.77665165215,399,"past",442
"1448",10.8694654375875,124.716146372213,241,"past",202
"1449",10.7434655,124.786617125,11,"past",430
"1450",10.76873717503,124.78383255378,2660,"past",218
"1451",10.86106057825,124.72170531045,1347,"past",863
"1452",10.811849918675,124.764271220183,2686,"past",420
"1453",10.855988375,124.72633925,200,"past",259
"1454",10.63342361245,124.776719044892,1154,"past",225
"1455",10.869796125,124.716011875,248,"past",408
"1456",10.8597676138375,124.722699821475,678,"past",287
"1457",10.74397625,124.786334875,7,"past",284
"1458",10.6406872876625,124.780851164244,2929,"past",26
"1459",10.727682049625,124.793452941813,2665,"past",834
"1460",10.8729143374,124.712162628125,911,"past",76
"1461",10.86111419485,124.72172188225,1346,"past",993
"1462",10.6521368096528,124.783801008006,2859,"past",374
"1463",10.87377175,124.710795875,259,"past",358
"1464",10.871581840325,124.714212514225,1079,"past",344
"1465",10.6528726223,124.78371520567,453,"past",342
"1466",10.8729676638375,124.7119476488,270,"past",337
"1467",10.8583947633417,124.724386871292,205,"past",334
"1468",10.7684744463625,124.7839634749,2657,"past",203
"1469",10.8696532063,124.716172926125,2721,"past",320
"1470",10.8737812219333,124.710832270179,2212,"past",2
"1471",10.8744572356583,124.71073745825,2206,"past",1045
"1472",10.86975025,124.716062125,247,"past",295
"1473",10.6530330120583,124.783730220508,1398,"past",1058
"1474",10.7437485,124.786443875,9,"past",289
"1475",10.8688622041444,124.716441235889,146,"past",17
"1476",10.7988761225667,124.768643339617,1304,"past",281
"1477",10.7686173607187,124.783905714637,1327,"past",89
"1478",10.633196647975,124.776865186862,802,"past",228
"1479",10.65284824072,124.78344855032,451,"past",40
"1480",10.65251669925,124.783705838467,393,"past",90
"1481",10.87341675,124.712191125,123,"past",262
"1482",10.8548510115375,124.727555655413,2246,"past",261
"1483",10.86931823565,124.716339165081,1048,"past",94
"1484",10.8609133637417,124.72178025635,510,"past",217
"1485",10.869125611615,124.71633804124,1055,"past",811
"1486",10.633383763475,124.7770334431,750,"past",227
"1487",10.869102125,124.716367375,227,"past",500
"1488",10.63330166275,124.776893213862,806,"past",997
"1489",10.6410143966875,124.77873751545,1458,"past",304
"1490",10.8692393522875,124.71631348495,1045,"past",191
"1491",10.63503350385,124.776205525362,567,"past",187
"1492",10.6333172007,124.7770925041,786,"past",388
"1493",10.860996123725,124.721768821892,2519,"past",1070
"1494",10.87393751977,124.71059578344,496,"past",43
"1495",10.641359898725,124.778108851763,2842,"past",163
"1496",10.634641133275,124.776375466887,560,"past",642
"1497",10.75506275,124.785089625,34,"past",158
"1498",10.871524,124.714233125,632,"past",143
"1499",10.8715307454125,124.71423146315,617,"past",135
"1500",10.7641910050778,124.785304500775,2646,"past",34
"1501",10.855043234775,124.727138289013,850,"past",128
"1502",10.858375,124.72435575,206,"past",170
"1503",10.8718368658833,124.713819149642,1064,"past",88
"1504",10.7562120663167,124.785640529058,718,"past",1039
"1505",10.8120873640292,124.764255315533,2684,"past",115
"1506",10.872926752315,124.711670510341,2488,"past",64
"1507",10.8735011579667,124.711736960758,111,"past",235
"1508",10.8714081196,124.714027091837,628,"past",255
"1509",10.6524161243583,124.783650093354,2561,"past",69
"1510",10.869173551925,124.716311939975,2709,"past",518
"1511",10.8732167501531,124.712208450841,2231,"past",46
"1512",10.859763534975,124.722721120325,2431,"past",1055
"1513",10.633975560775,124.776787245642,2814,"past",141
"1514",10.8618170839917,124.721222551808,2412,"past",1053
"1515",10.8714468131125,124.714274309819,2576,"past",1028
"1516",10.871435219885,124.713967840175,2894,"past",105
"1517",10.8562764448778,124.725801655322,469,"past",1048
"1518",10.871435219885,124.713967840175,1138,"past",105
"1519",10.8689391197875,124.716450109812,1040,"past",80
"1520",10.8584152095417,124.72438425445,1111,"past",1046
"1521",10.86931823565,124.716339165081,2710,"past",94
"1522",10.8609473006875,124.721883160525,2121,"past",456
"1523",10.768368125,124.78408175,706,"past",1038
"1524",10.8701615,124.7152815,1226,"past",1037
"1525",10.8695750953875,124.71615752385,1118,"past",1036
"1526",10.8714359114563,124.714012910812,1133,"past",86
"1527",10.871406549325,124.7141579505,894,"past",1034
"1528",10.6521229539125,124.783816885887,2860,"past",237
"1529",10.8713957568938,124.7141865772,1129,"past",84
"1530",10.87145305895,124.714237601133,1077,"past",82
"1531",10.74377225,124.78639,10,"past",297
"1532",10.8692400235917,124.7163455782,1044,"past",1033
"1533",10.633936298545,124.77661285596,2818,"past",4
"1534",10.6328004528667,124.7770258365,2546,"past",1056
"1535",10.8738658789222,124.710804671644,960,"past",861
"1536",10.871380948375,124.713943425635,2902,"past",77
"1537",10.8549452450813,124.727735703931,2248,"past",112
"1538",10.8713700925,124.714454363587,896,"past",1109
"1539",10.6520693183344,124.783863432122,395,"past",91
"1540",10.85479406175,124.727717845219,2250,"past",55
"1541",10.8735645480875,124.711129488046,2571,"past",1027
"1542",10.6346103390833,124.7763601403,559,"past",572
"1543",10.6520693183344,124.783863432122,76,"past",91
"1544",10.6329581863083,124.776962490275,2548,"past",3
"1545",10.6328982068167,124.777053671417,2544,"past",1024
"1546",10.8692813162917,124.716331247183,2497,"past",1022
"1547",10.872844816165,124.711773488483,2491,"past",66
"1548",10.859564297125,124.72288789925,2432,"past",1014
"1549",10.8612573778,124.721468513462,2424,"past",1011
"1550",10.8618753799167,124.721111410758,2415,"past",1010
"1551",10.6406614507,124.784031312344,2262,"past",1006
"1552",10.8549979375583,124.727663334933,2247,"past",1005
"1553",10.8614683093,124.721366353338,1273,"past",649
"1554",10.8713983185625,124.714198872675,2037,"past",761
"1555",10.6332890375,124.77678451105,2173,"past",1003
"1556",10.8715479669562,124.714098583194,2600,"past",131
"1557",10.86141039035,124.721532943637,2102,"past",1002
"1558",10.6528976967929,124.783505294436,2675,"past",32
"1559",10.6328497314875,124.7768996365,2771,"past",1000
"1560",10.641144871475,124.7784719558,2873,"past",999
"1561",10.7641184812937,124.785252374106,2647,"past",114
"1562",10.8743633838125,124.710783974563,728,"past",200
"1563",10.8714243024875,124.7139837197,2024,"past",813
"1564",10.873428138885,124.71216921369,2631,"past",23
"1565",10.8708180556917,124.714508190233,2463,"past",998
"1566",10.6530015554875,124.783921177725,759,"past",425
"1567",10.8698760287375,124.715919017325,2728,"past",138
"1568",10.80915658825,124.765225780644,2296,"past",1052
"1569",10.869454538475,124.7162678643,239,"past",1084
"1570",10.8617780962375,124.72111461425,2406,"past",1009
"1571",10.871314165475,124.714189720592,604,"past",658
"1572",10.8719436517375,124.713882858837,665,"past",236
"1573",10.6407882529375,124.77931985865,1397,"past",312
"1574",10.6358954741125,124.7757873684,1165,"past",1101
"1575",10.634795653175,124.77651392225,864,"past",1089
"1576",10.8567522070417,124.725258992983,933,"past",1076
"1577",10.8567283834,124.725270542175,2435,"past",1015
"1578",10.8692954071625,124.716377131038,588,"past",174
"1579",10.871848899975,124.713822542258,662,"past",1082
"1580",10.6526102466375,124.78329029465,77,"past",1105
"1581",10.7686173607187,124.783905714637,710,"past",89
"1582",10.7562120663167,124.785640529058,31,"past",1039
"1583",10.8737998412125,124.710912568594,482,"past",737
"1584",10.635200928675,124.775945838762,1172,"past",1096
"1585",10.6335153176625,124.776876364325,456,"past",398
"1586",10.6343198754,124.776735424525,857,"past",1085
"1587",10.6408711017125,124.780632682625,440,"past",1092
"1588",10.861006,124.721734,507,"past",130
"1589",10.744015875,124.786359375,6,"past",221
"1590",10.6338595569875,124.776510674275,763,"past",726
"1591",10.87368156664,124.711362725368,499,"past",780
"1592",10.871462004265,124.71418692637,1127,"past",71
"1593",10.8705524064,124.714680014888,2466,"past",1083
"1594",10.8618170839917,124.721222551808,1092,"past",1053
"1595",10.87140934075,124.713985291312,1139,"past",136
"1596",10.7282214669875,124.793381360375,1287,"past",600
"1597",10.63392903805,124.776665026238,411,"past",416
"1598",10.74294813631,124.787116250695,1284,"past",830
"1599",NA,NA,666,"past",1111
"1600",10.7435234065333,124.786596455925,376,"past",22
"1601",10.6326845171917,124.776737582875,2155,"past",407
"1602",10.85996775,124.722889375,210,"past",481
"1603",10.86923125,124.71633925,235,"past",155
"1604",10.87387054335,124.710624107437,495,"past",803
"1605",10.6336671870625,124.776833346112,770,"past",513
"1606",10.63395850535,124.776909165663,819,"past",5
"1607",10.63399385288,124.776520332315,769,"past",110
"1608",10.6414756528083,124.778148815983,2843,"past",73
"1609",10.633837999775,124.7768925119,2190,"past",1041
"1610",10.6336093864667,124.776822086675,404,"past",1057
"1611",10.641144871475,124.7784719558,1454,"past",999
"1612",10.7558120261,124.785530660487,721,"past",332
"1613",10.6328004528667,124.7770258365,2778,"past",1056
"1614",10.63388318665,124.776884146792,2804,"past",992
"1615",10.857470123375,124.724688976025,2445,"past",1050
"1616",10.85772500816,124.724615126838,954,"past",63
"1617",10.8732833806458,124.712196380133,884,"past",859
"1618",10.6349920411625,124.77619373355,846,"past",1098
"1619",10.874494285112,124.710597054549,968,"past",654
"1620",10.640691700675,124.77981147305,437,"past",27
"1621",10.72717630655,124.793340970063,1340,"past",540
"1622",10.636197893175,124.775695586575,1250,"past",1100
"1623",10.86884775,124.71648075,579,"past",1059
"1624",10.8714962906188,124.714161209275,181,"past",1110
"1625",10.74478825,124.785889,2,"past",323
"1626",10.8613989385833,124.72144365545,1278,"past",56
"1627",10.8697356371,124.715898146381,2480,"past",1020
"1628",10.86884775,124.71648075,1039,"past",1059
"1629",10.6342628889375,124.776717330075,767,"past",1087
"1630",10.8714182046125,124.7142072022,1128,"past",1081
"1631",10.8706753477,124.714684066113,1099,"past",41
"1632",10.86111419485,124.72172188225,2524,"past",993
"1633",10.8611368402375,124.721735627738,515,"past",542
"1634",10.8698197233,124.715892121875,2475,"past",836
"1635",10.63330166275,124.776893213862,2174,"past",997
"1636",10.6350378692125,124.776381404362,1195,"past",1090
"1637",10.6344558962625,124.776588092588,548,"past",845
"1638",10.641103464875,124.782742765975,1228,"past",1091
"1639",10.6351328885625,124.775856791525,1201,"past",1094
"1640",10.873550625,124.71199625,500,"past",1049
"1641",10.8576880255542,124.724545287921,2450,"past",1017
"1642",10.87050621295,124.714763525533,2465,"past",1018
"1643",10.85772500816,124.724615126838,2447,"past",63
"1644",10.80983214545,124.765026241906,2297,"past",1042
"1645",10.8693271712625,124.716412679987,1054,"past",1104
"1646",10.8691139658688,124.716364980275,584,"past",81
"1647",10.6338975427125,124.776407639737,1159,"past",1086
"1648",10.6351297278917,124.775977819225,1162,"past",1095
"1649",10.6357191293375,124.77596908805,1168,"past",1102
"1650",10.7435234065333,124.786596455925,1338,"past",22
"1651",10.8732480603667,124.7123739383,528,"past",1080
"1652",10.874196,124.7107265,494,"past",983
"1653",10.6329581863083,124.776962490275,741,"past",3
"1654",10.8576589364375,124.72502953335,1066,"past",1044
"1655",10.8562234128,124.725781847667,215,"past",1106
"1656",10.869629743975,124.716019558258,2484,"past",1021
"1657",10.87308925,124.712145,430,"past",1030
"1658",10.8695750953875,124.71615752385,592,"past",1036
"1659",10.635002100225,124.776216360438,568,"past",1097
"1660",10.8609044516125,124.721651933863,2425,"past",1012
"1661",10.871437590925,124.714024191725,1136,"past",1035
"1662",10.8106416488375,124.7647733357,700,"past",1107
