"lat","lon","date","site","anem_id","sample_id"
10.6410562224,124.779961912425,"2017-06-15","Haina","2937","APCL17_647"
10.641060790525,124.779962792525,"2017-06-15","Haina","2937","APCL17_646"
10.640983739875,124.780266762225,"2017-06-15","Haina","2936","APCL17_645"
10.640425735625,124.780803476425,"2017-06-15","Haina","2435","APCL17_644"
10.640425735625,124.780803476425,"2017-06-15","Haina","2435","APCL17_644"
10.6413058564,124.78140152525,"2017-06-15","Haina","2934","APCL17_643"
10.64130679935,124.781417010825,"2017-06-15","Haina","2934","APCL17_642"
10.640648484675,124.7813495784,"2017-06-15","Haina","2933","APCL17_641"
10.640667385875,124.781356367725,"2017-06-15","Haina","2933","APCL17_640"
10.64064433565,124.78135724785,"2017-06-15","Haina","2933","APCL17_639"
10.640653660525,124.7813556972,"2017-06-15","Haina","2933","APCL17_638"
10.64068029405,124.78115335805,"2017-06-15","Haina","2932","APCL17_637"
10.640678848125,124.78115679465,"2017-06-15","Haina","2931","APCL17_636"
10.640565336225,124.781066186275,"2017-06-15","Haina","2930","APCL17_635"
10.6406995305,124.7808609763,"2017-06-15","Haina","2929","APCL17_634"
10.6406908552,124.780852175325,"2017-06-15","Haina","2929","APCL17_633"
10.64052747095,124.78086512535,"2017-06-15","Haina","2928","APCL17_632"
10.64052941975,124.7808651044,"2017-06-15","Haina","2928","APCL17_631"
10.64053996,124.780811020175,"2017-06-15","Haina","2927","APCL17_630"
10.640678533825,124.779842658875,"2017-06-15","Haina","2925","APCL17_629"
10.64070194025,124.77955717125,"2017-06-15","Haina","2923","APCL17_628"
10.640702212675,124.77955505485,"2017-06-15","Haina","2923","APCL17_627"
10.640733519125,124.779454534875,"2017-06-15","Haina","2921","APCL17_626"
10.640739889375,124.779428488125,"2017-06-15","Haina","2921","APCL17_625"
10.6407645531,124.77925265675,"2017-06-15","Haina","2920","APCL17_624"
10.6409015553,124.779097486775,"2017-06-15","Haina","2919","APCL17_623"
10.64090130385,124.77909807345,"2017-06-15","Haina","2919","APCL17_622"
10.64089598135,124.77910907475,"2017-06-15","Haina","2917","APCL17_621"
10.641017477025,124.7790976544,"2017-06-15","Haina","2916","APCL17_620"
10.64102062025,124.77910155195,"2017-06-15","Haina","2916","APCL17_619"
10.641024224475,124.77910790125,"2017-06-15","Haina","2916","APCL17_618"
10.7532781712,124.78443617235,"2017-06-12","Poroc Rose","2655","APCL17_617"
10.75582543155,124.785419055275,"2017-06-12","Poroc Rose","2912","APCL17_616"
10.755824446675,124.78540864075,"2017-06-12","Poroc Rose","2912","APCL17_615"
10.7564660185,124.78581210365,"2017-06-12","Poroc Rose","2652","APCL17_614"
10.764202515125,124.78528289125,"2017-06-12","Poroc San Flower","2645","APCL17_613"
10.8739948855,124.71079773735,"2017-06-11","Palanas","2615","APCL17_612"
10.87405001745,124.71074516185,"2017-06-11","Palanas","2215","APCL17_611"
10.8740510652,124.7107629734,"2017-06-11","Palanas","2215","APCL17_610"
10.874071978025,124.710693508375,"2017-06-11","Palanas","2192","APCL17_609"
10.87407007115,124.710688060125,"2017-06-11","Palanas","2192","APCL17_608"
10.87413968285,124.710734433025,"2017-06-11","Palanas","2641","APCL17_607"
10.874133836475,124.71073470545,"2017-06-11","Palanas","2641","APCL17_606"
10.874134234625,124.7106998367,"2017-06-11","Palanas","2642","APCL17_605"
10.8716773521,124.713986862925,"2017-06-11","Wangag","2909","APCL17_604"
10.871536138,124.713885714275,"2017-06-11","Wangag","2906","APCL17_603"
10.871529746775,124.713887642125,"2017-06-11","Wangag","2906","APCL17_602"
10.87152666645,124.7138850228,"2017-06-11","Wangag","2906","APCL17_601"
10.871520903875,124.713891413975,"2017-06-11","Wangag","2908","APCL17_600"
10.87152258025,124.713881921525,"2017-06-11","Wangag","2908","APCL17_599"
10.871502128425,124.713884226525,"2017-06-11","Wangag","2907","APCL17_598"
10.871470214325,124.71391301835,"2017-06-11","Wangag","2905","APCL17_597"
10.871476731275,124.713902289525,"2017-06-11","Wangag","2294","APCL17_596"
10.87147752755,124.713907737725,"2017-06-11","Wangag","2294","APCL17_595"
10.871389622325,124.713923474775,"2017-06-11","Wangag","2902","APCL17_594"
10.8713907958,124.71392435485,"2017-06-11","Wangag","2902","APCL17_593"
10.871391529225,124.7139249416,"2017-06-11","Wangag","2029","APCL17_592"
10.87146256585,124.713953859175,"2017-06-11","Wangag","2894","APCL17_591"
10.8714588778,124.71394903955,"2017-06-11","Wangag","2894","APCL17_590"
10.87146371835,124.71395388015,"2017-06-11","Wangag","2901","APCL17_589"
10.871474552,124.713955535575,"2017-06-11","Wangag","2901","APCL17_588"
10.871390062375,124.7140737204,"2017-06-11","Wangag","2026","APCL17_587"
10.871453806775,124.714091783375,"2017-06-11","Wangag","2890","APCL17_586"
10.871452360875,124.7140820604,"2017-06-11","Wangag","2890","APCL17_585"
10.8714515646,124.71407971345,"2017-06-11","Wangag","2041","APCL17_584"
10.8714575367,124.7140795039,"2017-06-11","Wangag","2886","APCL17_583"
10.8714571595,124.714082228025,"2017-06-11","Wangag","2886","APCL17_582"
10.871489765125,124.71408698475,"2017-06-11","Wangag","2881","APCL17_581"
10.87149355795,124.714088640175,"2017-06-11","Wangag","2579","APCL17_580"
10.871558056675,124.71407960865,"2017-06-11","Wangag","2600","APCL17_579"
10.871570587625,124.71414987,"2017-06-11","Wangag","2596","APCL17_578"
10.640979318425,124.778740732,"2017-06-10","Haina","2882","APCL17_577"
10.640984263725,124.778747039375,"2017-06-10","Haina","2882","APCL17_576"
10.6410599104,124.7787091532,"2017-06-10","Haina","2881","APCL17_575"
10.641068501875,124.778699157775,"2017-06-10","Haina","2879","APCL17_574"
10.641066364475,124.7786973347,"2017-06-10","Haina","2879","APCL17_573"
10.64105027125,124.7785608773,"2017-06-10","Haina","2878","APCL17_572"
10.64115299145,124.77858323605,"2017-06-10","Haina","2877","APCL17_571"
10.64114984825,124.7785820835,"2017-06-10","Haina","2879","APCL17_570"
10.641148046125,124.778576970575,"2017-06-10","Haina","2876","APCL17_569"
10.641145783025,124.77857860505,"2017-06-10","Haina","2875","APCL17_568"
10.6411399995,124.7785806586,"2017-06-10","Haina","2875","APCL17_567"
10.64109287225,124.778522781575,"2017-06-10","Haina","2874","APCL17_566"
10.6410835893,124.778519135425,"2017-06-10","Haina","2874","APCL17_565"
10.641215373775,124.778443844975,"2017-06-10","Haina","2871","APCL17_564"
10.64121273345,124.7784401779,"2017-06-10","Haina","2871","APCL17_563"
10.641225725425,124.778329914,"2017-06-10","Haina","2870","APCL17_562"
10.641232389025,124.77832760895,"2017-06-10","Haina","2870","APCL17_561"
10.6412281771,124.7783255554,"2017-06-10","Haina","2869","APCL17_560"
10.6412281771,124.7783255554,"2017-06-10","Haina","2869","APCL17_560"
10.6412281771,124.7783255554,"2017-06-10","Haina","2869","APCL17_559"
10.6412281771,124.7783255554,"2017-06-10","Haina","2869","APCL17_559"
10.641224447175,124.778321573975,"2017-06-10","Haina","2869","APCL17_558"
10.870444730375,124.71500660525,"2017-06-10","Wangag","2868","APCL17_557"
10.870415603275,124.7150316881,"2017-06-10","Wangag","2867","APCL17_556"
10.8704115171,124.715019995325,"2017-06-10","Wangag","2865","APCL17_555"
10.87041015505,124.715022991875,"2017-06-10","Wangag","2865","APCL17_554"
10.870343979875,124.715026281775,"2017-06-10","Wangag","2468","APCL17_553"
10.870336918175,124.71502003725,"2017-06-10","Wangag","2468","APCL17_552"
10.870287360175,124.71498850035,"2017-06-10","Wangag","2064","APCL17_551"
10.870287360175,124.71498850035,"2017-06-10","Wangag","2064","APCL17_551"
10.870279795475,124.7149910568,"2017-06-10","Wangag","2060","APCL17_550"
10.870282247225,124.714983764575,"2017-06-10","Wangag","2863","APCL17_549"
10.870285076075,124.714980369925,"2017-06-10","Wangag","2863","APCL17_548"
10.653072958825,124.783644606375,"2017-06-09","Tamakin Dacot","2861","APCL17_547"
10.652124525525,124.78379439095,"2017-06-09","Tamakin Dacot","2860","APCL17_546"
10.6521012168333,124.783795969567,"2017-06-09","Tamakin Dacot","2859","APCL17_545"
10.652121277525,124.783807697225,"2017-06-09","Tamakin Dacot","2859","APCL17_544"
10.652096760475,124.783792358375,"2017-06-09","Tamakin Dacot","2858","APCL17_543"
10.65209629945,124.78379973445,"2017-06-09","Tamakin Dacot","2857","APCL17_542"
10.652092862875,124.78380874495,"2017-06-09","Tamakin Dacot","2856","APCL17_541"
10.65192058124,124.78347335568,"2017-06-09","Tamakin Dacot","2855","APCL17_540"
10.6520606763333,124.783442392933,"2017-06-09","Tamakin Dacot","2854","APCL17_539"
10.6520641339,124.7834447399,"2017-06-09","Tamakin Dacot","2854","APCL17_538"
10.65206008965,124.78344415315,"2017-06-09","Tamakin Dacot","2854","APCL17_537"
10.6520361174,124.7833818756,"2017-06-09","Tamakin Dacot","2853","APCL17_536"
10.651860202175,124.782930384375,"2017-06-09","Tamakin Dacot","2270","APCL17_535"
10.6518581137,124.782928666067,"2017-06-09","Tamakin Dacot","2270","APCL17_534"
10.65200703218,124.78291721642,"2017-06-09","Tamakin Dacot","2269","APCL17_533"
10.6523278076333,124.782756418,"2017-06-09","Tamakin Dacot","2851","APCL17_532"
10.6522729732,124.78279829398,"2017-06-09","Tamakin Dacot","2268","APCL17_531"
10.6522778235333,124.7828284744,"2017-06-09","Tamakin Dacot","2268","APCL17_530"
10.81082100515,124.764726650875,"2017-06-08","Hicgop South","2299","APCL17_529"
10.809188252325,124.76539670025,"2017-06-08","Hicgop South","2850","APCL17_528"
10.743558306725,124.786462895575,"2017-06-08","Visca","2310","APCL17_527"
10.74355759425,124.786392278,"2017-06-08","Visca","2310","APCL17_526"
10.74410051105,124.786131328425,"2017-06-08","Visca","2849","APCL17_525"
10.743508099125,124.7865952458,"2017-06-08","Visca","2311","APCL17_524"
10.6413529208,124.7782348213,"2017-06-06","Haina","2848","APCL17_523"
10.641357405075,124.7782365605,"2017-06-06","Haina","2848","APCL17_522"
10.641344035975,124.77823140565,"2017-06-06","Haina","2847","APCL17_521"
10.641344035975,124.77823140565,"2017-06-06","Haina","2847","APCL17_521"
10.641344035975,124.77823140565,"2017-06-06","Haina","2847","APCL17_520"
10.641344035975,124.77823140565,"2017-06-06","Haina","2847","APCL17_520"
10.641353926625,124.7782617691,"2017-06-06","Haina","2846","APCL17_519"
10.64136744245,124.7782803979,"2017-06-06","Haina","2846","APCL17_518"
10.64135677645,124.778268747025,"2017-06-06","Haina","2846","APCL17_517"
10.6413533399,124.7782752011,"2017-06-06","Haina","2845","APCL17_516"
10.641361952275,124.778270821525,"2017-06-06","Haina","2845","APCL17_515"
10.64147290775,124.778229058725,"2017-06-06","Haina","2844","APCL17_514"
10.641476239525,124.778215102825,"2017-06-06","Haina","2844","APCL17_513"
10.641464462975,124.778177698625,"2017-06-06","Haina","2843","APCL17_512"
10.6413717172,124.7780387057,"2017-06-06","Haina","2840","APCL17_511"
10.6413717172,124.7780387057,"2017-06-06","Haina","2840","APCL17_511"
10.6413717172,124.7780387057,"2017-06-06","Haina","2840","APCL17_511"
10.6413717172,124.7780387057,"2017-06-06","Haina","2840","APCL17_510"
10.6413717172,124.7780387057,"2017-06-06","Haina","2840","APCL17_510"
10.6413717172,124.7780387057,"2017-06-06","Haina","2840","APCL17_510"
10.6413717172,124.7780387057,"2017-06-06","Haina","2840","APCL17_509"
10.6413717172,124.7780387057,"2017-06-06","Haina","2840","APCL17_509"
10.6413717172,124.7780387057,"2017-06-06","Haina","2840","APCL17_509"
10.641384918725,124.7780361911,"2017-06-06","Haina","2841","APCL17_508"
10.641369747475,124.778044237775,"2017-06-06","Haina","2841","APCL17_507"
10.641357090775,124.778107646875,"2017-06-06","Haina","2842","APCL17_506"
10.6415152154,124.77787676735,"2017-06-06","Haina","2837","APCL17_505"
10.6415102072,124.777876914025,"2017-06-06","Haina","2837","APCL17_504"
10.641540465875,124.777892064325,"2017-06-06","Haina","2836","APCL17_503"
10.6415310991,124.77795920335,"2017-06-06","Haina","2837","APCL17_502"
10.64153617015,124.777952644525,"2017-06-06","Haina","2834","APCL17_501"
10.6415464799,124.7779607959,"2017-06-06","Haina","2835","APCL17_500"
10.641534389,124.77795891,"2017-06-06","Haina","2835","APCL17_499"
10.641540256325,124.777952707375,"2017-06-06","Haina","2833","APCL17_498"
10.641538538025,124.777958658525,"2017-06-06","Haina","2833","APCL17_497"
10.641537385525,124.77796240945,"2017-06-06","Haina","2832","APCL17_496"
10.64153487095,124.77796188555,"2017-06-06","Haina","2832","APCL17_495"
10.641534263275,124.7779678367,"2017-06-06","Haina","2831","APCL17_494"
10.6415335089,124.77796027205,"2017-06-06","Haina","2831","APCL17_493"
10.634117787675,124.776512423975,"2017-06-05","Sitio Baybayon","2164","APCL17_492"
10.63412013465,124.776490337675,"2017-06-05","Sitio Baybayon","2829","APCL17_491"
10.6341033918,124.776490610075,"2017-06-05","Sitio Baybayon","2829","APCL17_490"
10.6341221882,124.776492454125,"2017-06-05","Sitio Baybayon","2829","APCL17_489"
10.634051654475,124.7765895375,"2017-06-05","Sitio Baybayon","2827","APCL17_488"
10.6340480922,124.7765966831,"2017-06-05","Sitio Baybayon","2826","APCL17_487"
10.6340389559,124.77658044315,"2017-06-05","Sitio Baybayon","2826","APCL17_486"
10.63404763115,124.7765697143,"2017-06-05","Sitio Baybayon","2828","APCL17_485"
10.63404763115,124.7765697143,"2017-06-05","Sitio Baybayon","2828","APCL17_485"
10.63404763115,124.7765697143,"2017-06-05","Sitio Baybayon","2828","APCL17_484"
10.63404763115,124.7765697143,"2017-06-05","Sitio Baybayon","2828","APCL17_484"
10.6340008392,124.776514435625,"2017-06-05","Sitio Baybayon","2825","APCL17_483"
10.634000315325,124.7765093227,"2017-06-05","Sitio Baybayon","2825","APCL17_482"
10.63398631755,124.7764885146,"2017-06-05","Sitio Baybayon","2825","APCL17_481"
10.633962785325,124.776568100775,"2017-06-05","Sitio Baybayon","2822","APCL17_480"
10.63397238265,124.776566613025,"2017-06-05","Sitio Baybayon","2822","APCL17_479"
10.633960019325,124.776554584975,"2017-06-05","Sitio Baybayon","2822","APCL17_478"
10.6339536491,124.77655037305,"2017-06-05","Sitio Baybayon","2824","APCL17_477"
10.633955660725,124.7765775933,"2017-06-05","Sitio Baybayon","2823","APCL17_476"
10.633957085675,124.7765872744,"2017-06-05","Sitio Baybayon","2823","APCL17_475"
10.6339492486,124.776585744725,"2017-06-05","Sitio Baybayon","2823","APCL17_474"
10.6338685099,124.77649656125,"2017-06-05","Sitio Baybayon","2821","APCL17_473"
10.633867001175,124.776502491425,"2017-06-05","Sitio Baybayon","2163","APCL17_472"
10.633835024225,124.7765827272,"2017-06-05","Sitio Baybayon","2819","APCL17_471"
10.633831315225,124.776579353475,"2017-06-05","Sitio Baybayon","2819","APCL17_470"
10.63383894275,124.776586289525,"2017-06-05","Sitio Baybayon","2819","APCL17_469"
10.633909560275,124.77661365645,"2017-06-05","Sitio Baybayon","2820","APCL17_468"
10.6339408667,124.77660860635,"2017-06-05","Sitio Baybayon","2818","APCL17_467"
10.6339408667,124.77660860635,"2017-06-05","Sitio Baybayon","2818","APCL17_467"
10.63391785835,124.776662124775,"2017-06-05","Sitio Baybayon","2817","APCL17_466"
10.63391785835,124.776662124775,"2017-06-05","Sitio Baybayon","2817","APCL17_466"
10.63388248675,124.77669322165,"2017-06-05","Sitio Baybayon","2162","APCL17_465"
10.6339753582,124.77678169265,"2017-06-05","Sitio Baybayon","2815","APCL17_464"
10.6339909276,124.776788125725,"2017-06-05","Sitio Baybayon","2814","APCL17_463"
10.633989817,124.77679854025,"2017-06-05","Sitio Baybayon","2814","APCL17_462"
10.6339725922,124.776700199575,"2017-06-05","Sitio Baybayon","2813","APCL17_461"
10.633974687675,124.77670631835,"2017-06-05","Sitio Baybayon","2813","APCL17_460"
10.634031537925,124.776754493375,"2017-06-05","Sitio Baybayon","2811","APCL17_459"
10.63402768225,124.77676237235,"2017-06-05","Sitio Baybayon","2811","APCL17_458"
10.634072420625,124.776860231075,"2017-06-05","Sitio Baybayon","2810","APCL17_457"
10.63406936125,124.776864170575,"2017-06-05","Sitio Baybayon","2810","APCL17_456"
10.6339699938,124.776925672775,"2017-06-05","Sitio Baybayon","2808","APCL17_455"
10.63395010775,124.77686417055,"2017-06-05","Sitio Baybayon","2807","APCL17_454"
10.633956457025,124.776869325425,"2017-06-05","Sitio Baybayon","2898","APCL17_453"
10.6338421069,124.776890175425,"2017-06-05","Sitio Baybayon","2803","APCL17_452"
10.6338421069,124.776890175425,"2017-06-05","Sitio Baybayon","2803","APCL17_452"
10.6338421069,124.776890175425,"2017-06-05","Sitio Baybayon","2803","APCL17_451"
10.6338421069,124.776890175425,"2017-06-05","Sitio Baybayon","2803","APCL17_451"
10.633845103425,124.776879467525,"2017-06-05","Sitio Baybayon","2896","APCL17_450"
10.6338445167,124.7768852301,"2017-06-05","Sitio Baybayon","2896","APCL17_449"
10.63384105915,124.776885083425,"2017-06-05","Sitio Baybayon","2896","APCL17_448"
10.633846549325,124.77687468985,"2017-06-05","Sitio Baybayon","2803","APCL17_447"
10.633854574975,124.77687353735,"2017-06-05","Sitio Baybayon","2897","APCL17_446"
10.63384556445,124.77686917875,"2017-06-05","Sitio Baybayon","2897","APCL17_445"
10.6337328488,124.7769378056,"2017-06-04","Sitio Baybayon","2802","APCL17_444"
10.633721721825,124.776938853325,"2017-06-04","Sitio Baybayon","2802","APCL17_443"
10.633765391525,124.776960646275,"2017-06-04","Sitio Baybayon","2188","APCL17_442"
10.633756737225,124.776963328475,"2017-06-04","Sitio Baybayon","2189","APCL17_441"
10.633734650925,124.77690075755,"2017-06-04","Sitio Baybayon","2187","APCL17_440"
10.633680545725,124.776786617,"2017-06-04","Sitio Baybayon","2179","APCL17_439"
10.6336417375,124.776805685825,"2017-06-04","Sitio Baybayon","2178","APCL17_438"
10.6336426176,124.776795166525,"2017-06-04","Sitio Baybayon","2178","APCL17_437"
10.633639746825,124.7768015787,"2017-06-04","Sitio Baybayon","2800","APCL17_436"
10.633639746825,124.7768015787,"2017-06-04","Sitio Baybayon","2800","APCL17_436"
10.633639746825,124.7768015787,"2017-06-04","Sitio Baybayon","2800","APCL17_435"
10.633639746825,124.7768015787,"2017-06-04","Sitio Baybayon","2800","APCL17_435"
10.633573131625,124.77676528505,"2017-06-04","Sitio Baybayon","2796","APCL17_434"
10.633573131625,124.77676528505,"2017-06-04","Sitio Baybayon","2796","APCL17_434"
10.633573131625,124.77676528505,"2017-06-04","Sitio Baybayon","2796","APCL17_433"
10.633573131625,124.77676528505,"2017-06-04","Sitio Baybayon","2796","APCL17_433"
10.6335675367,124.77677316405,"2017-06-04","Sitio Baybayon","2797","APCL17_432"
10.63357220965,124.7767688264,"2017-06-04","Sitio Baybayon","2797","APCL17_431"
10.633560768325,124.77677196965,"2017-06-04","Sitio Baybayon","2798","APCL17_430"
10.63355951105,124.77677289165,"2017-06-04","Sitio Baybayon","2798","APCL17_429"
10.6335120904,124.7767122905,"2017-06-04","Sitio Baybayon","2795","APCL17_428"
10.633507249875,124.7767093149,"2017-06-04","Sitio Baybayon","2794","APCL17_427"
10.633502220725,124.77670975495,"2017-06-04","Sitio Baybayon","2794","APCL17_426"
10.63349243485,124.776711137975,"2017-06-04","Sitio Baybayon","2793","APCL17_425"
10.63348948025,124.776712500025,"2017-06-04","Sitio Baybayon","2793","APCL17_424"
10.6334810355,124.776620424825,"2017-06-04","Sitio Baybayon","2792","APCL17_423"
10.6334810355,124.776620424825,"2017-06-04","Sitio Baybayon","2792","APCL17_423"
10.6334810355,124.776620424825,"2017-06-04","Sitio Baybayon","2792","APCL17_422"
10.6334810355,124.776620424825,"2017-06-04","Sitio Baybayon","2792","APCL17_422"
10.63348860015,124.776621137275,"2017-06-04","Sitio Baybayon","2792","APCL17_421"
10.63340693945,124.776461441075,"2017-06-04","Sitio Baybayon","2790","APCL17_420"
10.633397090725,124.776475627425,"2017-06-04","Sitio Baybayon","2790","APCL17_419"
10.633394806625,124.77647669615,"2017-06-04","Sitio Baybayon","2790","APCL17_418"
10.633210823875,124.776538722225,"2017-06-04","Sitio Baybayon","2789","APCL17_417"
10.6332021905,124.7765591531,"2017-06-04","Sitio Baybayon","2789","APCL17_416"
10.633213380375,124.776542158775,"2017-06-04","Sitio Baybayon","2789","APCL17_415"
10.633206297625,124.7765544802,"2017-06-04","Sitio Baybayon","2789","APCL17_414"
10.633205522325,124.77654777465,"2017-06-04","Sitio Baybayon","2789","APCL17_413"
10.63320633955,124.776558168225,"2017-06-04","Sitio Baybayon","2789","APCL17_412"
10.632850024875,124.77664974055,"2017-06-04","Sitio Baybayon","2782","APCL17_411"
10.63284769885,124.776651249275,"2017-06-04","Sitio Baybayon","2782","APCL17_410"
10.63284769885,124.776651249275,"2017-06-04","Sitio Baybayon","2782","APCL17_410"
10.63284769885,124.776651249275,"2017-06-04","Sitio Baybayon","2782","APCL17_409"
10.63284769885,124.776651249275,"2017-06-04","Sitio Baybayon","2782","APCL17_409"
10.63272270375,124.776630524975,"2017-06-04","Sitio Baybayon","2151","APCL17_408"
10.632737455875,124.776647582175,"2017-06-04","Sitio Baybayon","2532","APCL17_407"
10.632733830725,124.776642574,"2017-06-04","Sitio Baybayon","2532","APCL17_406"
10.632733830725,124.776642574,"2017-06-04","Sitio Baybayon","2532","APCL17_406"
10.632733830725,124.776642574,"2017-06-04","Sitio Baybayon","2532","APCL17_405"
10.632733830725,124.776642574,"2017-06-04","Sitio Baybayon","2532","APCL17_405"
10.632720314875,124.776642113,"2017-06-04","Sitio Baybayon","2532","APCL17_404"
10.632540124925,124.776891013625,"2017-06-04","Sitio Baybayon","2150","APCL17_403"
10.6325112493,124.77686576315,"2017-06-04","Sitio Baybayon","2149","APCL17_402"
10.632507686975,124.7768551181,"2017-06-04","Sitio Baybayon","2149","APCL17_401"
10.63250691165,124.776858701375,"2017-06-04","Sitio Baybayon","2149","APCL17_400"
10.6325827888,124.77689753055,"2017-06-04","Sitio Baybayon","2786","APCL17_399"
10.632592951875,124.776890028725,"2017-06-04","Sitio Baybayon","2785","APCL17_398"
10.632592951875,124.776890028725,"2017-06-04","Sitio Baybayon","2785","APCL17_398"
10.6326935347333,124.776626061667,"2017-06-03","Sitio Baybayon","2531","APCL17_397"
10.6326935347333,124.776626061667,"2017-06-03","Sitio Baybayon","2531","APCL17_397"
10.63268523662,124.7766350303,"2017-06-03","Sitio Baybayon","2152","APCL17_396"
10.63268523662,124.7766350303,"2017-06-03","Sitio Baybayon","2152","APCL17_396"
10.63269355565,124.77667737985,"2017-06-03","Sitio Baybayon","2781","APCL17_395"
10.632697558025,124.776682408975,"2017-06-03","Sitio Baybayon","2781","APCL17_394"
10.6326874159667,124.776715021567,"2017-06-03","Sitio Baybayon","2153","APCL17_393"
10.63269162785,124.7767179273,"2017-06-03","Sitio Baybayon","2153","APCL17_392"
10.63265271484,124.77676250228,"2017-06-03","Sitio Baybayon","2530","APCL17_391"
10.632647559975,124.776769790325,"2017-06-03","Sitio Baybayon","2530","APCL17_390"
10.6326497811667,124.776774449267,"2017-06-03","Sitio Baybayon","2530","APCL17_389"
10.6326497811667,124.776774449267,"2017-06-03","Sitio Baybayon","2530","APCL17_389"
10.6326497811667,124.776774449267,"2017-06-03","Sitio Baybayon","2530","APCL17_388"
10.6326497811667,124.776774449267,"2017-06-03","Sitio Baybayon","2530","APCL17_388"
10.632582285925,124.776762498075,"2017-06-03","Sitio Baybayon","2150","APCL17_387"
10.6325789038,124.7767625023,"2017-06-03","Sitio Baybayon","2150","APCL17_386"
10.632578639775,124.776770230375,"2017-06-03","Sitio Baybayon","2150","APCL17_385"
10.63293631655,124.777118666075,"2017-06-02","Sitio Baybayon","2780","APCL17_384"
10.633021057575,124.777057603925,"2017-06-02","Sitio Baybayon","2777","APCL17_383"
10.633021057575,124.777057603925,"2017-06-02","Sitio Baybayon","2777","APCL17_383"
10.633021057575,124.777057603925,"2017-06-02","Sitio Baybayon","2777","APCL17_382"
10.633021057575,124.777057603925,"2017-06-02","Sitio Baybayon","2777","APCL17_382"
10.6330410275,124.7770503117,"2017-06-02","Sitio Baybayon","2776","APCL17_381"
10.633029921475,124.7770636389,"2017-06-02","Sitio Baybayon","2776","APCL17_380"
10.63303723465,124.777058043975,"2017-06-02","Sitio Baybayon","2776","APCL17_379"
10.632953604225,124.7769675404,"2017-06-02","Sitio Baybayon","2547","APCL17_378"
10.632955804475,124.77696473245,"2017-06-02","Sitio Baybayon","2774","APCL17_377"
10.6329462072,124.77696940535,"2017-06-02","Sitio Baybayon","2774","APCL17_376"
10.632899582875,124.7769125551,"2017-06-02","Sitio Baybayon","2557","APCL17_375"
10.63287347325,124.776921838075,"2017-06-02","Sitio Baybayon","2770","APCL17_374"
10.632858029575,124.776926175675,"2017-06-02","Sitio Baybayon","2770","APCL17_373"
10.632866118125,124.776929884675,"2017-06-02","Sitio Baybayon","2770","APCL17_372"
10.632874625725,124.77692869025,"2017-06-02","Sitio Baybayon","2770","APCL17_371"
10.63282927965,124.77689658755,"2017-06-02","Sitio Baybayon","2768","APCL17_370"
10.6327412487,124.7768888343,"2017-06-02","Sitio Baybayon","2766","APCL17_369"
10.63272155125,124.776916180275,"2017-06-02","Sitio Baybayon","2765","APCL17_368"
10.632722263675,124.776922257125,"2017-06-02","Sitio Baybayon","2765","APCL17_367"
10.632721006425,124.776922739125,"2017-06-02","Sitio Baybayon","2765","APCL17_366"
10.63271842895,124.776922173325,"2017-06-02","Sitio Baybayon","2765","APCL17_365"
10.632720168225,124.77691521635,"2017-06-02","Sitio Baybayon","2765","APCL17_364"
10.6327176746,124.77692609185,"2017-06-02","Sitio Baybayon","2765","APCL17_363"
10.6327176746,124.77692609185,"2017-06-02","Sitio Baybayon","2765","APCL17_363"
10.6327176746,124.77692609185,"2017-06-02","Sitio Baybayon","2765","APCL17_362"
10.6327176746,124.77692609185,"2017-06-02","Sitio Baybayon","2765","APCL17_362"
10.6327130436,124.776961756875,"2017-06-02","Sitio Baybayon","2157","APCL17_361"
10.632713986575,124.7769549256,"2017-06-02","Sitio Baybayon","2157","APCL17_360"
10.632715788675,124.776956015275,"2017-06-02","Sitio Baybayon","2764","APCL17_359"
10.632716647825,124.77696152635,"2017-06-02","Sitio Baybayon","2764","APCL17_358"
10.6326796836,124.776903251175,"2017-06-02","Sitio Baybayon","2763","APCL17_357"
10.6325519015,124.776919093,"2017-06-02","Sitio Baybayon","2535","APCL17_356"
10.63254674665,124.776923451575,"2017-06-02","Sitio Baybayon","2535","APCL17_355"
10.63255137765,124.776920392175,"2017-06-02","Sitio Baybayon","2780","APCL17_354"
10.87026665685,124.715122443175,"2017-05-30","Wangag","2736","APCL17_353"
10.87030638705,124.715201589275,"2017-05-30","Wangag","2735","APCL17_352"
10.870306324225,124.715205088725,"2017-05-30","Wangag","2735","APCL17_351"
10.870307246225,124.715202113125,"2017-05-30","Wangag","2735","APCL17_350"
10.86988913595,124.715823400775,"2017-05-30","Wangag","2731","APCL17_348"
10.869876123,124.7158390749,"2017-05-30","Wangag","2732","APCL17_349"
10.869869270825,124.7158370423,"2017-05-30","Wangag","2730","APCL17_347"
10.869813133,124.71582185015,"2017-05-30","Wangag","2461","APCL17_346"
10.8698018594,124.7158340458,"2017-05-30","Wangag","2461","APCL17_345"
10.869834003975,124.71587222535,"2017-05-30","Wangag","2729","APCL17_344"
10.869749241975,124.715867762025,"2017-05-30","Wangag","2722","APCL17_343"
10.8698773384,124.71591891255,"2017-05-30","Wangag","2728","APCL17_342"
10.86983461165,124.715923690225,"2017-05-30","Wangag","2726","APCL17_340"
10.869811100425,124.7158957366,"2017-05-30","Wangag","2725","APCL17_339"
10.86976870895,124.715942528575,"2017-05-30","Wangag","2726","APCL17_341"
10.86976870895,124.715942528575,"2017-05-30","Wangag","2472","APCL17_338"
10.86972508115,124.7159593762,"2017-05-30","Wangag","2481","APCL17_337"
10.86962873115,124.715964971125,"2017-05-30","Wangag","2483","APCL17_336"
10.8696532063,124.716172926125,"2017-05-30","Wangag","2721","APCL17_335"
10.8696532063,124.716172926125,"2017-05-30","Wangag","2721","APCL17_335"
10.86962057975,124.716123221425,"2017-05-30","Wangag","2718","APCL17_334"
10.869602600575,124.716113687,"2017-05-30","Wangag","2718","APCL17_333"
10.869612030225,124.71610849025,"2017-05-30","Wangag","2718","APCL17_332"
10.869612030225,124.71610849025,"2017-05-30","Wangag","2718","APCL17_332"
10.869612030225,124.71610849025,"2017-05-30","Wangag","2718","APCL17_331"
10.869612030225,124.71610849025,"2017-05-30","Wangag","2718","APCL17_331"
10.869616703125,124.71611618065,"2017-05-30","Wangag","2720","APCL17_330"
10.869611632075,124.7161416197,"2017-05-30","Wangag","2719","APCL17_329"
10.869620621675,124.7161695734,"2017-05-30","Wangag","2717","APCL17_328"
10.86962780915,124.71616391555,"2017-05-30","Wangag","2717","APCL17_327"
10.86946700235,124.71630089685,"2017-05-30","Wangag","2714","APCL17_326"
10.8694459847,124.7162778047,"2017-05-30","Wangag","2076","APCL17_325"
10.869451600575,124.7162755835,"2017-05-30","Wangag","2076","APCL17_324"
10.869458138475,124.71627610735,"2017-05-30","Wangag","2715","APCL17_323"
10.869452585475,124.7162836511,"2017-05-30","Wangag","2715","APCL17_322"
10.869454303775,124.7162583377,"2017-05-30","Wangag","2715","APCL17_321"
10.869516246025,124.716339600275,"2017-05-30","Wangag","2711","APCL17_320"
10.8695121389,124.7163310298,"2017-05-30","Wangag","2711","APCL17_319"
10.86944632,124.716398105975,"2017-05-30","Wangag","2716","APCL17_318"
10.869438357175,124.7163962829,"2017-05-30","Wangag","2716","APCL17_317"
10.86933276615,124.7163540381,"2017-05-30","Wangag","2710","APCL17_316"
10.869173551925,124.716311939975,"2017-05-30","Wangag","2709","APCL17_315"
10.869173551925,124.716311939975,"2017-05-30","Wangag","2709","APCL17_315"
10.86911225925,124.716309865475,"2017-05-30","Wangag","2708","APCL17_314"
10.8691200125,124.7163117514,"2017-05-30","Wangag","2708","APCL17_313"
10.8691085712,124.71630607265,"2017-05-30","Wangag","2500","APCL17_312"
10.869114836675,124.716312421975,"2017-05-30","Wangag","2500","APCL17_311"
10.869098450075,124.716305988825,"2017-05-30","Wangag","2705","APCL17_310"
10.8690427942,124.716375328125,"2017-05-30","Wangag","2704","APCL17_309"
10.869041704575,124.71637086475,"2017-05-30","Wangag","2704","APCL17_308"
10.8690417255,124.71637782175,"2017-05-30","Wangag","2072","APCL17_307"
10.8690405311,124.716385742625,"2017-05-30","Wangag","2704","APCL17_306"
10.86900645865,124.7165299952,"2017-05-29","Wangag","2702","APCL17_305"
10.868995185025,124.71652641195,"2017-05-29","Wangag","2702","APCL17_304"
10.8690011571,124.71655216535,"2017-05-29","Wangag","2701","APCL17_303"
10.868992670425,124.71653043525,"2017-05-29","Wangag","2701","APCL17_302"
10.869022719575,124.7165044723,"2017-05-29","Wangag","2700","APCL17_301"
10.868792217225,124.716832016125,"2017-05-29","Wangag","2700","APCL17_300"
10.868792217225,124.716832016125,"2017-05-29","Wangag","2699","APCL17_299"
10.868779686275,124.71682399045,"2017-05-29","Wangag","2699","APCL17_298"
10.86873149035,124.716816614375,"2017-05-29","Wangag","2063","APCL17_297"
10.86874014465,124.716817201125,"2017-05-29","Wangag","2063","APCL17_296"
10.868739578875,124.716734429825,"2017-05-29","Wangag","2698","APCL17_295"
10.868746871125,124.716629174075,"2017-05-29","Wangag","2697","APCL17_294"
10.86880049435,124.716450346175,"2017-05-29","Wangag","2696","APCL17_293"
10.86878762815,124.716410217825,"2017-05-29","Wangag","2696","APCL17_292"
10.868785364975,124.716398210725,"2017-05-29","Wangag","2695","APCL17_291"
10.86880282035,124.7163991956,"2017-05-29","Wangag","2695","APCL17_290"
10.868905016675,124.716417656775,"2017-05-29","Wangag","2694","APCL17_289"
10.8688942669,124.71645684215,"2017-05-29","Wangag","2692","APCL17_288"
10.86891670945,124.71643098395,"2017-05-29","Wangag","2692","APCL17_287"
10.86889961035,124.7164225811,"2017-05-29","Wangag","2692","APCL17_286"
10.868933284675,124.716428720875,"2017-05-29","Wangag","2692","APCL17_285"
10.8689039061,124.716443326325,"2017-05-29","Wangag","2692","APCL17_284"
10.86890883045,124.7164381086,"2017-05-29","Wangag","2690","APCL17_283"
10.86889355445,124.716430502025,"2017-05-29","Wangag","2690","APCL17_282"
10.8688881062,124.71644290725,"2017-05-29","Wangag","2690","APCL17_281"
10.86889808065,124.716462311325,"2017-05-29","Wangag","2691","APCL17_280"
10.868889950225,124.716463568625,"2017-05-29","Wangag","2691","APCL17_279"
10.810817233275,124.76469402435,"2017-05-28","Hicgop South","2299","APCL17_278"
10.81108899555,124.764621939975,"2017-05-28","Hicgop South","2688","APCL17_277"
10.811102343725,124.764621877125,"2017-05-28","Hicgop South","2688","APCL17_276"
10.8112085634,124.764581853525,"2017-05-28","Hicgop South","2301","APCL17_275"
10.811194544675,124.764573597375,"2017-05-28","Hicgop South","2689","APCL17_274"
10.811155464025,124.764632899325,"2017-05-28","Hicgop South","2302","APCL17_273"
10.811172395475,124.764615653575,"2017-05-28","Hicgop South","2302","APCL17_272"
10.8111770265,124.764604610375,"2017-05-28","Hicgop South","2302","APCL17_271"
10.811490823975,124.764410904625,"2017-05-28","Hicgop South","2300","APCL17_270"
10.81149166215,124.764411805675,"2017-05-28","Hicgop South","2300","APCL17_269"
10.8116843831,124.76423561805,"2017-05-28","Hicgop South","2687","APCL17_268"
10.81167430385,124.764240123325,"2017-05-28","Hicgop South","2687","APCL17_267"
10.8118722425,124.7642739024,"2017-05-28","Hicgop South","2686","APCL17_266"
10.8118378976,124.764272875625,"2017-05-28","Hicgop South","2686","APCL17_265"
10.81189885505,124.764340873825,"2017-05-28","Hicgop South","2685","APCL17_264"
10.81205109135,124.764258731175,"2017-05-28","Hicgop South","2684","APCL17_263"
10.81205109135,124.764258731175,"2017-05-28","Hicgop South","2684","APCL17_263"
10.81205109135,124.764258731175,"2017-05-28","Hicgop South","2684","APCL17_262"
10.81205109135,124.764258731175,"2017-05-28","Hicgop South","2684","APCL17_262"
10.8359529893,124.74676685175,"2017-05-28","Caridad Cemetery","2683","APCL17_261"
10.835951752975,124.7467778111,"2017-05-28","Caridad Cemetery","2683","APCL17_260"
10.835951752975,124.7467778111,"2017-05-28","Caridad Cemetery","2683","APCL17_259"
10.835951752975,124.7467778111,"2017-05-28","Caridad Cemetery","2683","APCL17_258"
10.835951752975,124.7467778111,"2017-05-28","Caridad Cemetery","2683","APCL17_257"
10.835951752975,124.7467778111,"2017-05-28","Caridad Cemetery","2683","APCL17_256"
10.835946304725,124.74676657935,"2017-05-28","Caridad Cemetery","2683","APCL17_255"
10.83631196525,124.746583853825,"2017-05-28","Caridad Cemetery","2682","APCL17_254"
10.83630706185,124.7465899936,"2017-05-28","Caridad Cemetery","2682","APCL17_253"
10.6523683341,124.7836301476,"2017-05-27","Tamakin Dacot","2561","APCL17_252"
10.652360999975,124.78363519765,"2017-05-27","Tamakin Dacot","2681","APCL17_251"
10.652367747375,124.78363186585,"2017-05-27","Tamakin Dacot","2681","APCL17_250"
10.65230379345,124.78365059945,"2017-05-27","Tamakin Dacot","2681","APCL17_249"
10.65224145305,124.7836270463,"2017-05-27","Tamakin Dacot","2560","APCL17_248"
10.652273346225,124.783652464375,"2017-05-27","Tamakin Dacot","2680","APCL17_247"
10.6523653795,124.7839559312,"2017-05-27","Tamakin Dacot","2680","APCL17_246"
10.6523653795,124.7839559312,"2017-05-27","Tamakin Dacot","2680","APCL17_246"
10.652367223525,124.7839497286,"2017-05-27","Tamakin Dacot","2678","APCL17_245"
10.653151643925,124.78390278995,"2017-05-27","Tamakin Dacot","2676","APCL17_244"
10.6531492132,124.7838806617,"2017-05-27","Tamakin Dacot","2676","APCL17_243"
10.6529044197,124.78350376945,"2017-05-27","Tamakin Dacot","2675","APCL17_242"
10.6529068714,124.783513408625,"2017-05-27","Tamakin Dacot","2675","APCL17_241"
10.65292927205,124.783459659675,"2017-05-27","Tamakin Dacot","2674","APCL17_240"
10.65292374,124.783466260425,"2017-05-27","Tamakin Dacot","2675","APCL17_239"
10.6528046122,124.783497022,"2017-05-27","Tamakin Dacot","2673","APCL17_238"
10.652810332825,124.78350177875,"2017-05-27","Tamakin Dacot","2673","APCL17_237"
10.65269365675,124.783473762225,"2017-05-27","Tamakin Dacot","2672","APCL17_236"
10.65265340265,124.783406581275,"2017-05-27","Tamakin Dacot","2266","APCL17_235"
10.7435753639,124.78694001445,"2017-05-25","Visca","2313","APCL17_234"
10.74337664995,124.78677776175,"2017-05-25","Visca","2671","APCL17_233"
10.743373925775,124.78678207845,"2017-05-25","Visca","2671","APCL17_232"
10.743373925775,124.78678207845,"2017-05-25","Visca","2671","APCL17_232"
10.743373925775,124.78678207845,"2017-05-25","Visca","2671","APCL17_232"
10.743373925775,124.78678207845,"2017-05-25","Visca","2671","APCL17_232"
10.743373925775,124.78678207845,"2017-05-25","Visca","2671","APCL17_231"
10.743373925775,124.78678207845,"2017-05-25","Visca","2671","APCL17_231"
10.743373925775,124.78678207845,"2017-05-25","Visca","2671","APCL17_231"
10.743373925775,124.78678207845,"2017-05-25","Visca","2671","APCL17_231"
10.74338524135,124.786791675725,"2017-05-25","Visca","2671","APCL17_230"
10.74341443135,124.786929599925,"2017-05-25","Visca","2670","APCL17_229"
10.74327372015,124.786928719825,"2017-05-25","Visca","2669","APCL17_228"
10.7428563852,124.7872167849,"2017-05-25","Visca","2314","APCL17_227"
10.74284446195,124.787200985,"2017-05-25","Visca","2314","APCL17_226"
10.728232583475,124.793399486225,"2017-05-25","Gabas","2668","APCL17_225"
10.72822732385,124.7933960706,"2017-05-25","Gabas","2668","APCL17_224"
10.728217558925,124.793392571175,"2017-05-25","Gabas","2668","APCL17_223"
10.728217558925,124.793392571175,"2017-05-25","Gabas","2668","APCL17_223"
10.728217558925,124.793392571175,"2017-05-25","Gabas","2668","APCL17_223"
10.728217558925,124.793392571175,"2017-05-25","Gabas","2668","APCL17_222"
10.728217558925,124.793392571175,"2017-05-25","Gabas","2668","APCL17_222"
10.728217558925,124.793392571175,"2017-05-25","Gabas","2668","APCL17_222"
10.7282491587,124.793427879925,"2017-05-25","Gabas","2667","APCL17_221"
10.72817034785,124.79333903175,"2017-05-25","Gabas","2666","APCL17_220"
10.7281683362,124.793346638325,"2017-05-25","Gabas","2666","APCL17_219"
10.728164920575,124.7933598817,"2017-05-25","Gabas","2666","APCL17_218"
10.728164920575,124.7933598817,"2017-05-25","Gabas","2666","APCL17_218"
10.728164920575,124.7933598817,"2017-05-25","Gabas","2666","APCL17_218"
10.728164920575,124.7933598817,"2017-05-25","Gabas","2666","APCL17_217"
10.728164920575,124.7933598817,"2017-05-25","Gabas","2666","APCL17_217"
10.728164920575,124.7933598817,"2017-05-25","Gabas","2666","APCL17_217"
10.728167078925,124.793349823425,"2017-05-25","Gabas","2666","APCL17_216"
10.7281665341,124.793355355475,"2017-05-25","Gabas","2666","APCL17_215"
10.7281665341,124.793355355475,"2017-05-25","Gabas","2666","APCL17_215"
10.7281861268,124.7934234375,"2017-05-25","Gabas","2271","APCL17_214"
10.72765873745,124.793445523825,"2017-05-25","Gabas","2665","APCL17_213"
10.7272849884,124.793319292375,"2017-05-25","Gabas","2664","APCL17_212"
10.727274448175,124.79331713405,"2017-05-25","Gabas","2664","APCL17_211"
10.727277402775,124.793317385475,"2017-05-25","Gabas","2664","APCL17_210"
10.79976213165,124.768176788925,"2017-05-23","Elementary School","2304","APCL17_209"
10.799435426025,124.768382376075,"2017-05-23","Elementary School","2305","APCL17_208"
10.799439239775,124.768391030375,"2017-05-23","Elementary School","2305","APCL17_207"
10.798888381125,124.768678215325,"2017-05-23","Elementary School","2306","APCL17_206"
10.798856697525,124.768665181475,"2017-05-23","Elementary School","2306","APCL17_205"
10.798897349775,124.7686683247,"2017-05-23","Elementary School","2306","APCL17_204"
10.798893745525,124.76866277165,"2017-05-23","Elementary School","2306","APCL17_203"
10.798686984925,124.768572708125,"2017-05-23","Elementary School","2663","APCL17_202"
10.7984374347,124.768587565025,"2017-05-23","Elementary School","2308","APCL17_201"
10.7984530879,124.7685916512,"2017-05-23","Elementary School","2307","APCL17_200"
10.7984530879,124.7685916512,"2017-05-23","Elementary School","2307","APCL17_200"
10.7984530879,124.7685916512,"2017-05-23","Elementary School","2307","APCL17_199"
10.7984530879,124.7685916512,"2017-05-23","Elementary School","2307","APCL17_199"
10.798473665475,124.768587125,"2017-05-23","Elementary School","2307","APCL17_198"
10.79846882495,124.76858695735,"2017-05-23","Elementary School","2307","APCL17_197"
10.768926995825,124.783610973975,"2017-05-22","San Agustin","2661","APCL17_196"
10.769766150025,124.783179075475,"2017-05-22","San Agustin","2662","APCL17_195"
10.769338379625,124.78344258155,"2017-05-22","San Agustin","2276","APCL17_194"
10.76933154835,124.78343799245,"2017-05-22","San Agustin","2276","APCL17_193"
10.769365243625,124.783457710875,"2017-05-22","San Agustin","2276","APCL17_192"
10.769211226125,124.78357579095,"2017-05-22","San Agustin","2276","APCL17_191"
10.76892900745,124.78374835335,"2017-05-22","San Agustin","2660","APCL17_190"
10.76879334635,124.7837984562,"2017-05-22","San Agustin","2660","APCL17_189"
10.768671431575,124.783851325075,"2017-05-22","San Agustin","2660","APCL17_188"
10.768671431575,124.783851325075,"2017-05-22","San Agustin","2660","APCL17_188"
10.76863216235,124.78387865005,"2017-05-22","San Agustin","2659","APCL17_187"
10.76863216235,124.78387865005,"2017-05-22","San Agustin","2659","APCL17_187"
10.76863216235,124.78387865005,"2017-05-22","San Agustin","2659","APCL17_186"
10.76863216235,124.78387865005,"2017-05-22","San Agustin","2659","APCL17_186"
10.768681594625,124.783943085925,"2017-05-22","San Agustin","2659","APCL17_185"
10.768671515425,124.7838905733,"2017-05-22","San Agustin","2659","APCL17_184"
10.768656155575,124.783908217225,"2017-05-22","San Agustin","2281","APCL17_183"
10.768656155575,124.783908217225,"2017-05-22","San Agustin","2281","APCL17_183"
10.768656155575,124.783908217225,"2017-05-22","San Agustin","2281","APCL17_182"
10.768656155575,124.783908217225,"2017-05-22","San Agustin","2281","APCL17_182"
10.76863082125,124.783932294225,"2017-05-22","San Agustin","2281","APCL17_181"
10.768598676675,124.78393566795,"2017-05-22","San Agustin","2281","APCL17_180"
10.768596665,124.783954045275,"2017-05-22","San Agustin","2281","APCL17_179"
10.76850502985,124.784004106175,"2017-05-22","San Agustin","2656","APCL17_178"
10.76850423355,124.784008024725,"2017-05-22","San Agustin","2129","APCL17_177"
10.7684107963,124.783978436625,"2017-05-22","San Agustin","2129","APCL17_176"
10.768274632275,124.784163048025,"2017-05-22","San Agustin","2129","APCL17_175"
10.753305412375,124.7843607352,"2017-05-21","Poroc Rose","2655","APCL17_174"
10.754507775425,124.784827292875,"2017-05-21","Poroc Rose","2654","APCL17_173"
10.754507775425,124.784827292875,"2017-05-21","Poroc Rose","2654","APCL17_173"
10.754507775425,124.784827292875,"2017-05-21","Poroc Rose","2654","APCL17_173"
10.754507775425,124.784827292875,"2017-05-21","Poroc Rose","2654","APCL17_172"
10.754507775425,124.784827292875,"2017-05-21","Poroc Rose","2654","APCL17_172"
10.754507775425,124.784827292875,"2017-05-21","Poroc Rose","2654","APCL17_172"
10.754507775425,124.784827292875,"2017-05-21","Poroc Rose","2654","APCL17_171"
10.754507775425,124.784827292875,"2017-05-21","Poroc Rose","2654","APCL17_171"
10.754507775425,124.784827292875,"2017-05-21","Poroc Rose","2654","APCL17_171"
10.7551706163,124.785216276075,"2017-05-21","Poroc Rose","2410","APCL17_170"
10.756457385125,124.78586050915,"2017-05-21","Poroc Rose","2653","APCL17_169"
10.756522659225,124.785818138625,"2017-05-21","Poroc Rose","2652","APCL17_168"
10.756512852375,124.785825326125,"2017-05-21","Poroc Rose","2652","APCL17_167"
10.756512852375,124.785825326125,"2017-05-21","Poroc Rose","2652","APCL17_167"
10.756512852375,124.785825326125,"2017-05-21","Poroc Rose","2652","APCL17_166"
10.756512852375,124.785825326125,"2017-05-21","Poroc Rose","2652","APCL17_166"
10.7565884781,124.78601943005,"2017-05-21","Poroc Rose","2650","APCL17_165"
10.7565884781,124.78601943005,"2017-05-21","Poroc Rose","2650","APCL17_165"
10.7565884781,124.78601943005,"2017-05-21","Poroc Rose","2650","APCL17_164"
10.7565884781,124.78601943005,"2017-05-21","Poroc Rose","2650","APCL17_164"
10.76452622425,124.785454322125,"2017-05-21","Poroc San Flower","2315","APCL17_163"
10.76452622425,124.785454322125,"2017-05-21","Poroc San Flower","2315","APCL17_163"
10.76452622425,124.785454322125,"2017-05-21","Poroc San Flower","2315","APCL17_162"
10.76452622425,124.785454322125,"2017-05-21","Poroc San Flower","2315","APCL17_162"
10.7644236926,124.78537546935,"2017-05-21","Poroc San Flower","2317","APCL17_161"
10.764428176925,124.7853781725,"2017-05-21","Poroc San Flower","2317","APCL17_160"
10.764237195225,124.785311243025,"2017-05-21","Poroc San Flower","2645","APCL17_159"
10.764165990975,124.7853296413,"2017-05-21","Poroc San Flower","2646","APCL17_158"
10.76416697585,124.785333895125,"2017-05-21","Poroc San Flower","2646","APCL17_157"
10.763862733725,124.785120743325,"2017-05-21","Poroc San Flower","2319","APCL17_156"
10.873286006975,124.711849435725,"2017-05-20","Palanas","2644","APCL17_155"
10.87292028355,124.712109358525,"2017-05-20","Palanas","2239","APCL17_154"
10.8728249394,124.71190226265,"2017-05-20","Palanas","2643","APCL17_153"
10.872747658275,124.711834893075,"2017-05-20","Palanas","2491","APCL17_152"
10.872738480125,124.71179549815,"2017-05-20","Palanas","2490","APCL17_151"
10.872738480125,124.71179549815,"2017-05-20","Palanas","2490","APCL17_151"
10.872738480125,124.71179549815,"2017-05-20","Palanas","2490","APCL17_150"
10.872738480125,124.71179549815,"2017-05-20","Palanas","2490","APCL17_150"
10.874139976225,124.71075624695,"2017-05-20","Palanas","2642","APCL17_149"
10.874123484825,124.710778500875,"2017-05-20","Palanas","2641","APCL17_148"
10.874120132075,124.7107741004,"2017-05-20","Palanas","2641","APCL17_147"
10.8741669869,124.7107819794,"2017-05-20","Palanas","2640","APCL17_146"
10.87412805295,124.710929731375,"2017-05-20","Palanas","2210","APCL17_145"
10.873963411425,124.71088796855,"2017-05-20","Palanas","2638","APCL17_144"
10.873859580625,124.710840191675,"2017-05-20","Palanas","2201","APCL17_143"
10.873858763375,124.71084507415,"2017-05-20","Palanas","2201","APCL17_142"
10.873858763375,124.71084507415,"2017-05-20","Palanas","2201","APCL17_142"
10.8738998766,124.710665911,"2017-05-20","Palanas","2194","APCL17_141"
10.873896984825,124.710664821325,"2017-05-20","Palanas","2194","APCL17_140"
10.873896984825,124.710664821325,"2017-05-20","Palanas","2194","APCL17_140"
10.873859182475,124.710630225,"2017-05-20","Palanas","2637","APCL17_139"
10.873875443325,124.7106233728,"2017-05-20","Palanas","2637","APCL17_138"
10.873866516625,124.7105780267,"2017-05-19","Palanas","2195","APCL17_137"
10.873866516625,124.7105780267,"2017-05-19","Palanas","2195","APCL17_137"
10.87386687285,124.710582762525,"2017-05-19","Palanas","2195","APCL17_136"
10.873710634175,124.710639403225,"2017-05-19","Palanas","2214","APCL17_135"
10.8737404528,124.7106940951,"2017-05-19","Palanas","2635","APCL17_134"
10.873747703175,124.710804421925,"2017-05-19","Palanas","2200","APCL17_133"
10.87373936315,124.7107963334,"2017-05-19","Palanas","2200","APCL17_132"
10.87377678835,124.710834219575,"2017-05-19","Palanas","2212","APCL17_131"
10.87377678835,124.710834219575,"2017-05-19","Palanas","2212","APCL17_131"
10.87377678835,124.710834219575,"2017-05-19","Palanas","2212","APCL17_131"
10.87377678835,124.710834219575,"2017-05-19","Palanas","2212","APCL17_130"
10.87377678835,124.710834219575,"2017-05-19","Palanas","2212","APCL17_130"
10.87377678835,124.710834219575,"2017-05-19","Palanas","2212","APCL17_130"
10.87377678835,124.710834219575,"2017-05-19","Palanas","2212","APCL17_129"
10.87377678835,124.710834219575,"2017-05-19","Palanas","2212","APCL17_129"
10.87377678835,124.710834219575,"2017-05-19","Palanas","2212","APCL17_129"
10.8737997338,124.7109541646,"2017-05-19","Palanas","2008","APCL17_128"
10.873525876075,124.7110011033,"2017-05-19","Palanas","2222","APCL17_127"
10.8735677437,124.71099542455,"2017-05-19","Palanas","2223","APCL17_126"
10.8735677437,124.71099542455,"2017-05-19","Palanas","2223","APCL17_126"
10.8735677437,124.71099542455,"2017-05-19","Palanas","2223","APCL17_126"
10.873570886925,124.71115252235,"2017-05-19","Palanas","2570","APCL17_125"
10.873570886925,124.71115252235,"2017-05-19","Palanas","2570","APCL17_125"
10.873651038825,124.71109397475,"2017-05-19","Palanas","2219","APCL17_124"
10.87365256855,124.711090622025,"2017-05-19","Palanas","2219","APCL17_123"
10.87371566335,124.7111287387,"2017-05-19","Palanas","2216","APCL17_122"
10.8737145108,124.7111384617,"2017-05-19","Palanas","2216","APCL17_121"
10.8737272094,124.711278607125,"2017-05-19","Palanas","2217","APCL17_120"
10.8737273142,124.71128063975,"2017-05-19","Palanas","2217","APCL17_119"
10.87372968205,124.711277077425,"2017-05-19","Palanas","2217","APCL17_118"
10.873578074375,124.71139337635,"2017-05-19","Palanas","2632","APCL17_117"
10.873578074375,124.71139337635,"2017-05-19","Palanas","2632","APCL17_117"
10.87346391285,124.71216260455,"2017-05-19","Palanas","887","APCL17_116"
10.87344658325,124.712167549875,"2017-05-19","Palanas","2631","APCL17_115"
10.873338624375,124.712210088025,"2017-05-19","Palanas","2232","APCL17_114"
10.873278316575,124.71217798535,"2017-05-19","Palanas","2021","APCL17_113"
10.873239068325,124.712227564325,"2017-05-19","Palanas","2231","APCL17_112"
10.873239068325,124.712227564325,"2017-05-19","Palanas","2231","APCL17_112"
10.8729621512,124.712252123275,"2017-05-19","Palanas","2231","APCL17_111"
10.8735992806,124.711568683875,"2017-05-18","Palanas","2572","APCL17_110"
10.8734684391,124.7117829253,"2017-05-18","Palanas","2630","APCL17_109"
10.87347887455,124.711783826375,"2017-05-18","Palanas","2630","APCL17_108"
10.87351269555,124.711985117775,"2017-05-18","Palanas","2227","APCL17_107"
10.8735149377,124.711985390175,"2017-05-18","Palanas","2227","APCL17_106"
10.873515461575,124.711991215575,"2017-05-18","Palanas","2227","APCL17_105"
10.873515461575,124.711991215575,"2017-05-18","Palanas","2227","APCL17_105"
10.87354423245,124.711997522975,"2017-05-18","Palanas","2228","APCL17_104"
10.87354678895,124.71200929955,"2017-05-18","Palanas","2228","APCL17_103"
10.873500332225,124.71209533975,"2017-05-18","Palanas","2226","APCL17_102"
10.873491698875,124.7120812582,"2017-05-18","Palanas","2226","APCL17_101"
10.87350783405,124.712076417625,"2017-05-18","Palanas","2226","APCL17_100"
10.8731618081,124.712030401,"2017-05-18","Palanas","2626","APCL17_099"
10.873155877925,124.7120504966,"2017-05-18","Palanas","2628","APCL17_098"
10.873105942725,124.712123041975,"2017-05-18","Palanas","????","APCL17_097"
10.873125263025,124.712224693475,"2017-05-18","Palanas","2627","APCL17_096"
10.873109714575,124.7122221999,"2017-05-18","Palanas","2235","APCL17_095"
10.8730887808,124.712176707125,"2017-05-18","Palanas","2625","APCL17_094"
10.873075579275,124.712190013375,"2017-05-18","Palanas","2625","APCL17_093"
10.873059590825,124.71216011095,"2017-05-18","Palanas","2236","APCL17_092"
10.873042806075,124.7121877712,"2017-05-18","Palanas","2236","APCL17_091"
10.8730057371,124.7121630446,"2017-05-18","Palanas","2020","APCL17_090"
10.873006973425,124.7121681366,"2017-05-18","Palanas","2020","APCL17_089"
10.873021495075,124.7121784673,"2017-05-18","Palanas","2020","APCL17_088"
10.872957436375,124.712151393775,"2017-05-18","Palanas","2624","APCL17_087"
10.874256505625,124.71058680675,"2017-05-16","Palanas","2010","APCL17_086"
10.87422903395,124.71059671835,"2017-05-16","Palanas","2203","APCL17_085"
10.87422903395,124.71059671835,"2017-05-16","Palanas","2203","APCL17_085"
10.87422903395,124.71059671835,"2017-05-16","Palanas","2203","APCL17_085"
10.87422903395,124.71059671835,"2017-05-16","Palanas","2203","APCL17_084"
10.87422903395,124.71059671835,"2017-05-16","Palanas","2203","APCL17_084"
10.87422903395,124.71059671835,"2017-05-16","Palanas","2203","APCL17_084"
10.8742286987,124.71060551935,"2017-05-16","Palanas","2205","APCL17_083"
10.87422926445,124.7106073843,"2017-05-16","Palanas","2205","APCL17_082"
10.874251727975,124.710627836175,"2017-05-16","Palanas","2002","APCL17_081"
10.87424437285,124.71063646955,"2017-05-16","Palanas","2010","APCL17_080"
10.874241669675,124.710633535875,"2017-05-16","Palanas","2010","APCL17_079"
10.874247411275,124.7106449562,"2017-05-16","Palanas","2620","APCL17_078"
10.874243115525,124.710640597625,"2017-05-16","Palanas","2620","APCL17_077"
10.873885208275,124.71075216075,"2017-05-15","Palanas","2618","APCL17_075"
10.873885396875,124.71075035865,"2017-05-15","Palanas","2618","APCL17_074"
10.87388328045,124.71072751795,"2017-05-15","Palanas","2201","APCL17_073"
10.8738823165,124.710730514525,"2017-05-15","Palanas","2201","APCL17_072"
10.8738823165,124.710730514525,"2017-05-15","Palanas","2201","APCL17_072"
10.8738823165,124.710730514525,"2017-05-15","Palanas","2201","APCL17_071"
10.8738823165,124.710730514525,"2017-05-15","Palanas","2201","APCL17_071"
10.873880451525,124.710723850875,"2017-05-15","Palanas","2617","APCL17_070"
10.8738826099,124.71073516645,"2017-05-15","Palanas","2617","APCL17_069"
10.873873787925,124.7107488918,"2017-05-15","Palanas","2211","APCL17_068"
10.87387137815,124.7107542353,"2017-05-15","Palanas","2617","APCL17_067"
10.8738746471,124.71074937375,"2017-05-15","Palanas","2615","APCL17_066"
10.873869953225,124.7107558488,"2017-05-15","Palanas","2615","APCL17_065"
10.873865846075,124.71076276385,"2017-05-15","Palanas","2012","APCL17_064"
10.873863289625,124.7107620933,"2017-05-15","Palanas","2012","APCL17_063"
10.873862577125,124.710766347125,"2017-05-15","Palanas","2215","APCL17_062"
10.873851764475,124.71075253795,"2017-05-15","Palanas","2215","APCL17_061"
10.873837599075,124.7107720049,"2017-05-15","Palanas","2614","APCL17_060"
10.87385465625,124.71075480105,"2017-05-15","Palanas","2613","APCL17_076"
10.873857003175,124.710753418025,"2017-05-15","Palanas","2014","APCL17_059"
10.8738580928,124.71074876605,"2017-05-15","Palanas","2014","APCL17_058"
10.873856500275,124.71075081965,"2017-05-15","Palanas","2014","APCL17_057"
10.87385662595,124.71075461245,"2017-05-15","Palanas","2613","APCL17_056"
10.872986312025,124.711621364125,"2017-05-15","Palanas","2491","APCL17_055"
10.872986312025,124.711621364125,"2017-05-15","Palanas","2491","APCL17_055"
10.872985809125,124.7116108239,"2017-05-15","Palanas","2612","APCL17_054"
10.87298310595,124.711594542025,"2017-05-15","Palanas","2611","APCL17_053"
10.87300144135,124.711606926275,"2017-05-15","Palanas","2611","APCL17_052"
10.87299616075,124.711632197725,"2017-05-15","Palanas","2018","APCL17_051"
10.872985662425,124.711605396575,"2017-05-15","Palanas","2018","APCL17_050"
10.8729959931,124.711623040475,"2017-05-15","Palanas","2477","APCL17_049"
10.87299000005,124.71162184605,"2017-05-15","Palanas","2485","APCL17_048"
10.872996265525,124.7116181161,"2017-05-15","Palanas","2486","APCL17_047"
10.873011059575,124.711630940425,"2017-05-15","Palanas","2487","APCL17_046"
10.873011667275,124.711634041725,"2017-05-15","Palanas","2487","APCL17_045"
10.8720255783,124.71384451725,"2017-05-14","Wangag","2609","APCL17_044"
10.871966297275,124.713825783675,"2017-05-14","Wangag","2609","APCL17_043"
10.8719641599,124.71381580925,"2017-05-14","Wangag","2609","APCL17_042"
10.871930380825,124.713827166675,"2017-05-14","Wangag","2609","APCL17_041"
10.87188543285,124.713782784525,"2017-05-14","Wangag","2608","APCL17_040"
10.87188543285,124.713782784525,"2017-05-14","Wangag","2608","APCL17_040"
10.87188543285,124.713782784525,"2017-05-14","Wangag","2608","APCL17_039"
10.87188543285,124.713782784525,"2017-05-14","Wangag","2608","APCL17_039"
10.871885474775,124.713776079,"2017-05-14","Wangag","1063","APCL17_038"
10.871881535275,124.71377869835,"2017-05-14","Wangag","2607","APCL17_037"
10.871881514325,124.7137879394,"2017-05-14","Wangag","2607","APCL17_036"
10.87188520235,124.71377207665,"2017-05-14","Wangag","2047","APCL17_035"
10.8718834212,124.7137630242,"2017-05-14","Wangag","2047","APCL17_034"
10.871884992825,124.713765999775,"2017-05-14","Wangag","2605","APCL17_033"
10.87189739805,124.713780563325,"2017-05-14","Wangag","2604","APCL17_032"
10.871899514475,124.7137779021,"2017-05-14","Wangag","2604","APCL17_031"
10.8719079802,124.7137670056,"2017-05-14","Wangag","2604","APCL17_030"
10.871878894975,124.7137687239,"2017-05-14","Wangag","2603","APCL17_029"
10.8718785178,124.713770882225,"2017-05-14","Wangag","2602","APCL17_028"
10.871870010175,124.713775094125,"2017-05-14","Wangag","2602","APCL17_027"
10.871882373475,124.713752002,"2017-05-14","Wangag","2601","APCL17_026"
10.87187979605,124.713759357125,"2017-05-14","Wangag","2601","APCL17_025"
10.871879544575,124.713755438575,"2017-05-14","Wangag","1063","APCL17_024"
10.871887737875,124.713756926375,"2017-05-14","Wangag","1063","APCL17_023"
10.871541670075,124.71413909925,"2017-05-13","Wangag","2038","APCL17_022"
10.8715437446,124.714141278525,"2017-05-13","Wangag","2038","APCL17_021"
10.87154950715,124.7141463915,"2017-05-13","Wangag","2585","APCL17_020"
10.87155441055,124.714165460325,"2017-05-13","Wangag","2584","APCL17_019"
10.871544918025,124.714171683875,"2017-05-13","Wangag","2560","APCL17_018"
10.871555856425,124.714170552325,"2017-05-13","Wangag","2598","APCL17_017"
10.871570315175,124.714171139075,"2017-05-13","Wangag","2598","APCL17_016"
10.87155715565,124.71418675035,"2017-05-13","Wangag","2596","APCL17_015"
10.871494081775,124.714152845575,"2017-05-13","Wangag","2285","APCL17_014"
10.871486538075,124.714156386925,"2017-05-13","Wangag","2594","APCL17_013"
10.871482368075,124.7141493461,"2017-05-13","Wangag","2593","APCL17_012"
10.871482368075,124.7141493461,"2017-05-13","Wangag","2593","APCL17_012"
10.871482368075,124.7141493461,"2017-05-13","Wangag","2593","APCL17_011"
10.871482368075,124.7141493461,"2017-05-13","Wangag","2593","APCL17_011"
10.871474258575,124.71415770705,"2017-05-13","Wangag","2591","APCL17_009"
10.871478344775,124.714160996975,"2017-05-13","Wangag","2577","APCL17_008"
10.87147503395,124.714162652375,"2017-05-13","Wangag","2577","APCL17_007"
10.871477213225,124.7141605988,"2017-05-13","Wangag","2589","APCL17_006"
10.8714747615,124.714163427725,"2017-05-13","Wangag","2295","APCL17_010"
10.87147840765,124.71416229615,"2017-05-13","Wangag","2590","APCL17_005"
10.871461161875,124.71415900625,"2017-05-13","Wangag","2579","APCL17_004"
10.871446744975,124.71416047305,"2017-05-13","Wangag","2287","APCL17_003"
10.7438275125,124.786551240825,"2017-05-12","Visca","2309","APCL17_001"
