tag_id,mlat,mlon
982000411818437,10.811155464025,124.764632899325
982000411818438,10.871878517799999,124.71377088222499
982000411818439,10.87385465625,124.71075480105
982000411818440,10.8738746471,124.71074937375
982000411818441,10.868785364975,124.716398210725
982000411818442,10.6523683341,124.78363014760001
982000411818443,10.727277402775,124.79331738547499
982000411818444,10.869834003975,124.71587222535
982000411818445,10.871930380825,124.713827166675
982000411818446,10.873011059575,124.711630940425
982000411818447,10.727262441075,124.793322047925
982000411818448,10.8739486069,124.7107576299375
982000411818449,10.873880451525,124.710723850875
982000411818450,10.8111770265,124.764604610375
982000411818451,10.873859580625,124.710840191675
982000411818452,10.8738998766,124.710665911
982000411818453,10.87298310595,124.711594542025
982000411818454,10.871476731275,124.71390228952501
982000411818455,10.76452622425,124.785454322125
982000411818456,10.871885474775,124.713776079
982000411818457,10.8714571595,124.714082228025
982000411818458,10.811102343725,124.764621877125
982000411818459,10.7641901308625,124.785312311725
982000411818461,10.8719641599,124.71381580925001
982000411818465,10.8730057371,124.7121630446
982000411818466,10.871536138,124.713885714275
982000411818467,10.873109714575,124.7122221999
982000411818469,10.872985662425,124.711605396575
982000411818470,10.873856762199999,124.7108430205875
982000411818472,10.8359529893,124.74676685175
982000411818473,10.873963411424999,124.71088796855
982000411818474,10.873859182475,124.710630225
982000411818475,10.871881514325,124.71378793939999
982000411818476,10.87412805295,124.710929731375
982000411818477,10.87148140415,124.7140929359
982000411818478,10.764205504666666,124.7853167681
982000411818480,10.868779686275,124.71682399045
982000411818481,10.871882373475,124.713752002
982000411818482,10.8116843831,124.76423561805001
982000411818485,10.871477213225,124.71416059879999
982000411818487,10.768929007450001,124.78374835334999
982000411818489,10.768656155575,124.783908217225
982000411818490,10.871878894975,124.7137687239
982000411818491,10.768598676675001,124.78393566795
982000411818493,10.768926995825,124.783610973975
982000411818494,10.811172395475001,124.76461565357499
982000411818495,10.87154950715,124.7141463915
982000411818496,10.871897398049999,124.713780563325
982000411818497,10.76879334635,124.7837984562
982000411818498,10.871486538075,124.714156386925
982000411818499,10.86946700235,124.71630089685
982000411818500,10.811490823975,124.76441090462501
982000411818501,10.8735992806,124.711568683875
982000411818502,10.871462565849999,124.713953859175
982000411818503,10.76933154835,124.78343799245
982000411818505,10.871474258575,124.71415770704999
982000411818506,10.873873787925,124.7107488918
982000411818507,10.83631196525,124.746583853825
982000411818509,10.768671431575001,124.783851325075
982000411818510,10.8719079802,124.7137670056
982000411818511,10.873105942725,124.712123041975
982000411818513,10.87354678895,124.71200929955
982000411818515,10.8729959931,124.711623040475
982000411818516,10.74327372015,124.786928719825
982000411818517,10.872986312025,124.711621364125
982000411818518,10.873837599075,124.71077200490001
982000411818521,10.873507834049999,124.712076417625
982000411818522,10.83630706185,124.7465899936
982000411818523,10.87405001745,124.71074516185
982000411818524,10.769766150025,124.783179075475
982000411818525,10.873857003175,124.71075341802499
982000411818528,10.641083589299999,124.778519135425
982000411818529,10.87147503395,124.714162652375
982000411818530,10.87386687285,124.710582762525
982000411818531,10.871881535275,124.71377869835
982000411818532,10.7437804481125,124.78654888341251
982000411818533,10.871478344775,124.714160996975
982000411818534,10.86889355445,124.716430502025
982000411818535,10.768505029850001,124.784004106175
982000411818536,10.872985809125,124.7116108239
982000411818537,10.63340693945,124.776461441075
982000411818538,10.641384918725,124.7780361911
982000411818539,10.6413533399,124.7782752011
982000411818540,10.869620621675,124.71616957340001
982000411818541,10.873747703174999,124.710804421925
982000411818543,10.868916709450001,124.71643098395
982000411818544,10.869801859399999,124.7158340458
982000411818545,10.7532781712,124.78443617235
982000411818546,10.8737272094,124.711278607125
982000411818548,10.640979318425,124.778740732
982000411818550,10.86880282035,124.71639919559999
982000411818551,10.8713907958,124.71392435485001
982000411818552,10.86962780915,124.71616391555
982000411818553,10.873710634175,124.710639403225
982000411818555,10.86944632,124.716398105975
982000411818556,10.87292028355,124.712109358525
982000411818558,10.632737455874999,124.776647582175
982000411818562,10.633559511049999,124.77677289165
982000411818563,10.8690427942,124.716375328125
982000411818564,10.8691085712,124.71630607265
982000411818565,10.868746871125,124.716629174075
982000411818566,10.8698773384,124.71591891255
982000411818569,10.86900645865,124.7165299952
982000411818570,10.63357220965,124.7767688264
982000411818571,10.86889808065,124.716462311325
982000411818574,10.633394806625,124.77647669615
982000411818575,10.868889950225,124.716463568625
982000411818576,10.86878762815,124.716410217825
982000411818578,10.868995185025,124.71652641195
982000411818579,10.6332021905,124.77655915310001
982000411818580,10.763862733725,124.785120743325
982000411818582,10.6339909276,124.776788125725
982000411818583,10.871389622325,124.71392347477499
982000411818584,10.65292927205,124.783459659675
982000411818585,10.768681594625,124.783943085925
982000411818586,10.632720314875,124.77664211300001
982000411818587,10.869616703125,124.71611618065
982000411818588,10.8688881062,124.71644290725
982000411818591,10.869811100425,124.7158957366
982000411818593,10.634117787675,124.77651242397499
982000411818595,10.86976870895,124.715942528575
982000411818596,10.64136744245,124.7782803979
982000411818597,10.7564660185,124.78581210365
982000411818598,10.633213380375,124.776542158775
982000411818599,10.873338624375,124.712210088025
982000411818600,10.87413968285,124.710734433025
982000411818601,10.6415102072,124.777876914025
982000411818602,10.871502128425,124.71388422652501
982000411818604,10.633734650925,124.77690075755
982000411818605,10.6335120904,124.7767122905
982000411818608,10.868992670425001,124.71653043525001
982000411818609,10.63349243485,124.776711137975
982000411818610,10.764418055775,124.7853790211875
982000411818612,10.63398631755,124.7764885146
982000411818613,10.755824446675,124.78540864075
982000411818614,10.768274632275,124.784163048025
982000411818615,10.86890883045,124.7164381086
982000411818617,10.633206297625,124.7765544802
982000411818619,10.8741669869,124.7107819794
982000411818620,10.868792217225,124.716832016125
982000411818621,10.76850423355,124.784008024725
982000411818623,10.869869270825,124.7158370423
982000411818624,10.873525876075,124.7110011033
982000411818625,10.633205522325,124.77654777465
982000411818626,10.641361952275,124.778270821525
982000411818627,10.641476239525,124.778215102825
982000411818628,10.868933284675,124.716428720875
982000411818630,10.641536170150001,124.777952644525
982000411818631,10.869876123000001,124.7158390749
982000411818633,10.87344658325,124.712167549875
982000411818634,10.7282039802375,124.7933739633375
982000411818635,10.8690405311,124.716385742625
982000411818636,10.87030638705,124.715201589275
982000411818641,10.641534389,124.77795891
982000411818656,10.641540256325001,124.777952707375
982000411818669,10.641537385525,124.77796240945
982000411818678,10.6415310991,124.77795920335001
982000411818679,10.64153487095,124.77796188555
982000411818694,10.87152258025,124.713881921525
982000411818699,10.641534263275,124.7779678367
982000411818722,10.64147290775,124.778229058725
982000411818724,10.871526666449999,124.7138850228
982000411818725,10.641538538025,124.777958658525
982000411818726,10.871470214325,124.71391301835
982000411818731,10.6415335089,124.77796027205
985153000350978,10.871460700875,124.7138796584
985153000350983,10.861374809175,124.7214789851625
985153000351293,10.7989102893,124.7686462802625
985153000351375,10.652721023675,124.78342713787501
985153000351496,10.8737426007,124.7112641798
985153000351755,10.857462650175,124.724857436975
985153000351949,10.65233704865,124.7836669022
985153000352056,10.873924288875,124.710923130625
985153000352066,10.87353098905,124.7120182682
985153000352072,10.6518261088,124.78294559755
985153000352251,10.872941887949999,124.711526983875
985153000352732,10.633351178825,124.776836175
985153000352985,10.87287069415,124.7121619235125
985153000352991,10.8618217218,124.7211692948
985153000353259,10.652258468325,124.782807715225
985153000353312,10.633743556675,124.7767837881
985153000353379,10.87135326585,124.71420879475
985153000353383,10.86932966485,124.71634473417501
985153000353755,10.8618105948,124.720997067625
985153000353794,10.874258747775,124.7109944187
985153000353835,10.798416808233334,124.7686662432
985153000353898,10.861555365825,124.72134745215
985153000353914,10.861504592475,124.721442733425
985153000353924,10.861623636425,124.721314469325
985153000353931,10.6327143218,124.776922026675
985153000353940,10.6325742393,124.77674370164999
985153000353943,10.860012718475,124.722331089425
985153000353954,10.8618701063,124.72122128355
985153000353987,10.79903018195,124.76850053995
985153000354021,10.6329178763375,124.777072429425
985153000354053,10.63444212545,124.77648369502501
985153000354092,10.86099428125,124.721875595875
985153000354107,10.860937745325,124.72170326392501
985153000354119,10.861656262975,124.721263444525
985153000354123,10.633883429699999,124.7766915872
985153000354147,10.633182660675,124.77703124285
985153000354185,10.634074055125,124.776493439
985153000354211,10.861555365825,124.72134745215
985153000354219,10.634504214375,124.77635593385
985153000354241,10.857779290533333,124.72451227716667
985153000354247,10.81165433395,124.76424777185
985153000354270,10.861504592475,124.721442733425
985153000354281,10.768618604625,124.783899332425
985153000354327,10.86096653715,124.7217609943
985153000354346,10.8609031071,124.7216739063
985153000354358,10.6405636389,124.7819544794
985153000354360,10.869630596124999,124.716023392975
985153000354371,10.632755351250001,124.7766143584125
985153000354382,10.6338459626,124.776513534575
985153000354408,10.63427677145,124.7767812945
985153000354420,10.8615812659,124.721381650325
985153000354431,10.86183010365,124.7210774082
985153000354446,10.85781892295,124.724596655
985153000354454,10.63326733885,124.777068458475
985153000354481,10.633734588025,124.77691104635
985153000354495,10.869637343575,124.7159411246
985153000354513,10.855364114975,124.726633478425
985153000354523,10.854953925625,124.727738946675
985153000354525,10.633614286775,124.776807676525
985153000354530,10.6327143218,124.776922026675
985153000354556,10.8577323379,124.724600866875
985153000354587,10.86097695165,124.721653286825
985153000354604,10.634071603425,124.776473825325
985153000354622,10.858221254325,124.724321058
985153000354641,10.860950297225,124.72182966305
985153000354642,10.86094350785,124.72193737047499
985153000354668,10.869202301825,124.716378743775
985153000354678,10.861887393975,124.72125001250001
985153000354687,10.8609031071,124.7216739063
985153000354705,10.8618701063,124.72122128355
985153000354733,10.633555236275,124.7767642164
985153000354741,10.86104800925,124.72172857724999
985153000354839,10.8572120522,124.7248369013
985153000354883,10.86139952535,124.721470351775
985153000354884,10.632683853625,124.776717340575
985153000354885,10.634578163725001,124.77638927287501
985153000354944,10.855318307875,124.7262603161
985153000355002,10.8694484783375,124.7162183665
985153000355034,10.63326733885,124.777068458475
985153000355045,10.633947656050001,124.77657143260001
985153000355054,10.8615361084,124.721454111875
985153000355123,10.652854337825,124.78345062815
985153000355139,10.87443541735,124.710603130525
985153000355147,10.85781892295,124.724596655
985153000355180,10.809235861525,124.765294252425
985153000355209,10.861642810075,124.721386218475
985153000355216,10.861656262975,124.721263444525
985153000355219,10.65392676045,124.78394505567499
985153000355246,10.79853120725,124.7686406225
985153000355248,10.8618701063,124.72122128355
985153000355260,10.634042916350001,124.77639780145
985153000355265,10.633947656050001,124.77657143260001
985153000355275,10.8609031071,124.7216739063
985153000355278,10.869099874975,124.716384338675
985153000355326,10.861642810075,124.721386218475
985153000355356,10.85781892295,124.724596655
985153000355398,10.854873983200001,124.727544633225
985153000355402,10.87469066725,124.710650614
985153000355443,10.635019324249999,124.776075999225
985153000355444,10.861539817425,124.7214268078
985153000355473,10.861329515475001,124.7216084227
985153000355486,10.861508008125,124.72142705925
985153000355505,10.6343597523,124.776754095225
985153000355518,10.861029946275,124.721679249775
985153000355520,10.8612595056,124.721461026925
985153000355523,10.633834206975,124.776906163875
985153000355541,10.634827588225,124.77625262695
985153000355550,10.6343173608,124.7767883353
985153000355571,10.634504214375,124.77635593385
985153000355592,10.634257681674999,124.77678200695
985153000355603,10.768455429925,124.78399306302501
985153000355605,10.86091961945,124.721895251425
985153000355618,10.855318307875,124.7262603161
985153000355630,10.6325742393,124.77674370164999
985153000355651,10.633794434824999,124.77686787955
985153000355653,10.861555365825,124.72134745215
985153000355666,10.653731378275,124.783875863075
985153000355674,10.861642810075,124.721386218475
985153000355678,10.857223828775,124.725027254325
985153000355693,10.855338633975,124.726231461425
985153000355704,10.860895542425,124.7218586854
985153000355715,10.7996667665375,124.768241822025
985153000355734,10.6348301866,124.776307360725
985153000355735,10.641139496600001,124.782674736325
985153000355759,10.861513875450001,124.721424921875
985153000355793,10.8618701063,124.72122128355
985153000355812,10.860012718475,124.722331089425
985153000355839,10.6327256898,124.7766197752125
985153000355841,10.861513875450001,124.721424921875
985153000355853,10.633659549075,124.776812894275
985153000355856,10.869442925325,124.716157084325
985153000355859,10.632520553200001,124.776901574825
985153000355870,10.634533781575,124.7763432772
985153000355880,10.634504214375,124.77635593385
985153000355891,10.76887995235,124.783635051
985153000355893,10.8567277668,124.72522083435
985153000355896,10.63412021845,124.7764486377
985153000355903,10.6409585313,124.782799019
985153000355908,10.634243600075,124.77680220735
985153000355917,10.861883035375001,124.721126589
985153000355926,10.861432005175,124.721509495275
985153000355933,10.8699222654,124.71586202040001
985153000355953,10.8618701063,124.72122128355
985153000356001,10.861568273949999,124.72132909575
985153000356018,10.869637343575,124.7159411246
985153000356060,10.85781892295,124.724596655
985153000356086,10.869822346669231,124.71586981716153
985153000356146,10.869873315075,124.71588578309999
985153000356152,10.653827288175,124.7839318961
985153000356179,10.869048787275,124.7163290181
985153000356182,10.634215981675,124.776786617
985153000356249,10.6340657361,124.776511418175
985153000356267,10.633688445675,124.776800468125
985153000356310,10.869873315075,124.71588578309999
985153000356312,10.8554865117,124.72615625475001
985153000356339,10.854953925625,124.727738946675
985153000356353,10.85536365395,124.726219936275
985153000356368,10.8575121453,124.72443446515
985153000356376,10.633535182575,124.776753110325
985153000356398,10.633826055575,124.776625914975
985153000356404,10.63386718975,124.776699885275
985153000356406,10.634074055125,124.776493439
985153000356407,10.6340692565,124.776568792325
985153000356419,10.872774249875,124.71181783592499
985153000356422,10.64081371295,124.784941475375
985153000356423,10.8618701063,124.72122128355
985153000356435,10.8618824277,124.721181071375
985153000356440,10.861526532125,124.7214950365
985153000356492,10.861566744275,124.721428588975
985153000356515,10.63427821735,124.776665729
985153000356527,10.85781892295,124.724596655
985153000356528,10.8698254544,124.71586801345
985153000356529,10.86158805525,124.721356253125
985153000356535,10.634256885375,124.776713631575
985153000356576,10.86951039965,124.7160820663
985153000356593,10.6327002402,124.776695589525
985153000356639,10.861594174050001,124.721355435925
985153000356701,10.858044207575,124.724301884425
985153000356731,10.632697117974999,124.7769142314875
985153000356736,10.63266174635,124.776914503925
985153000356762,10.869048787275,124.7163290181
985153000356769,10.653391995,124.784391035775
985153000356778,10.861337520174999,124.72161703512501
985153000356779,10.8618701063,124.72122128355
985153000356801,10.8746589208,124.71070989500001
985153000356802,10.8618701063,124.72122128355
985153000356829,10.8618701063,124.72122128355
985153000362409,10.861362121075,124.72149371635
985153000362425,10.652474805275,124.7836575564
985153000362514,10.640660198425,124.784038430075
985153000362714,10.63427677145,124.7767812945
985153000362909,10.632667383175,124.7769633075
985153000362937,10.79949663485,124.768321188175
985153000362989,10.6343173608,124.7767883353
985153000363130,10.6327143218,124.776922026675
985153000363320,10.632898220775,124.77694679515
985153000363411,10.86093282095,124.721880750725
985153000363563,10.632903710925,124.777059720375
985153000363602,10.861555365825,124.72134745215
985153000363643,10.8615920157,124.721391708575
985153000363661,10.653391995,124.784391035775
985153000363708,10.8609064808,124.721769292375
985153000363747,10.634189997825,124.77638095385
985153000363797,10.857711145633333,124.72451915036667
985153000363819,10.861046186175,124.72161238315
985153000363882,10.633659549075,124.776812894275
985153000364038,10.6328090583,124.77696142159999
985153000364055,10.85781892295,124.724596655
985153000364065,10.63512382565,124.776069293725
985153000364072,10.86965421215,124.71590671690001
985153000364158,10.85778581445,124.724573059925
985153000364196,10.861432005175,124.721509495275
985153000364277,10.63462309075,124.77635608055
985153000364372,10.8618701063,124.72122128355
985153000364551,10.861656262975,124.721263444525
985153000364555,10.652854337825,124.78345062815
985153000364576,10.87440706555,124.71067523585
985153000364747,10.63266174635,124.776914503925
985153000364882,10.855318307875,124.7262603161
985153000364988,10.640861992725,124.7835442121
985153000365013,10.861513875450001,124.721424921875
985153000367901,10.8618701063,124.72122128355
985153000367950,10.632804343475,124.77677504995
985153000367965,10.869048787275,124.7163290181
985153000367983,10.860931878,124.72180275715
985153000368057,10.634827588225,124.77625262695
985153000368085,10.858044207575,124.724301884425
985153000368111,10.7691155048,124.783714637175
985153000368181,10.8618701063,124.72122128355
985153000368228,10.861656262975,124.721263444525
985153000368313,10.861656262975,124.721263444525
985153000368338,10.855318307875,124.7262603161
985153000368386,10.798912730525,124.76864397525
985153000368417,10.653731378275,124.783875863075
985153000368475,10.85801105715,124.724369987375
985153000368530,10.8618701063,124.72122128355
985153000368531,10.859760842275,124.7227315977
985153000368572,10.633568364425,124.776802469275
985153000368587,10.632898220775,124.77694679515
985153000368613,10.8615920157,124.721391708575
985153000368655,10.861642810075,124.721386218475
985153000368743,10.8615920157,124.721391708575
985153000368771,10.86093990365,124.721628979325
985153000368773,10.798416808233334,124.7686662432
985153000368794,10.861642810075,124.721386218475
985153000368798,10.632674623062499,124.7769257251625
985153000368815,10.632626919525,124.7769437777
985153000368852,10.855318307875,124.7262603161
985153000368862,10.634533781575,124.7763432772
985153000368898,10.633487845775,124.77674091464999
985153000368900,10.857779290533333,124.72451227716667
985153000368922,10.8698254544,124.71586801345
985153000368924,10.653845120675,124.78390222415
985153000368961,10.635195742375,124.776026566975
985153000369033,10.855318307875,124.7262603161
985153000369053,10.8608534653,124.721937831475
985153000369143,10.633535182575,124.776753110325
985153000369173,10.861555365825,124.72134745215
985153000369281,10.8554865117,124.72615625475001
985153000369352,10.8612595056,124.721461026925
985153000369402,10.861555365825,124.72134745215
985153000369431,10.85781892295,124.724596655
985153000369437,10.8608534653,124.721937831475
985153000369480,10.872826678675,124.7119623609
985153000369499,10.872826678675,124.7119623609
985153000369541,10.634578163725001,124.77638927287501
985153000369558,10.8548143669,124.72775053465
985153000369575,10.859760842275,124.7227315977
985153000369615,10.7691155048,124.783714637175
985153000369699,10.768515088125,124.78392835475
985153000369712,10.86128875845,124.721589752
985153000369767,10.855338633975,124.726231461425
985153000369788,10.8618701063,124.72122128355
985153000369796,10.870857120025,124.71445746485
985153000369857,10.640660198425,124.784038430075
985153000369891,10.63444059575,124.776430323225
985153000369901,10.632716186825,124.776614494625
985153000369904,10.8697525947,124.7159098601
985153000369909,10.8699222654,124.71586202040001
985153000369925,10.8691824891,124.7163245443
985153000369998,10.633182660675,124.77703124285
985153000370000,10.63444212545,124.77648369502501
985153000370013,10.85781892295,124.724596655
985153000370033,10.8609618852,124.721685347625
985153000370062,10.8608534653,124.721937831475
985153000370074,10.8612595056,124.721461026925
985153000370157,10.855318307875,124.7262603161
985153000370174,10.6333762617,124.776655251625
985153000370180,10.641096015425,124.782976002875
985153000370215,10.861362121075,124.72149371635
985153000370223,10.633066571325,124.77708620717499
985153000370324,10.632780790350001,124.77703851415001
985153000370326,10.8554865117,124.72615625475001
985153000370342,10.809235861525,124.765294252425
985153000370368,10.8705605683,124.714662004275
985153000370405,10.85781892295,124.724596655
985153000370407,10.6333762617,124.776655251625
985153000370445,10.8618701063,124.72122128355
985153000370477,10.861555365825,124.72134745215
985153000370505,10.86140048925,124.72146494547499
985153000370554,10.634017267725,124.776551504625
985153000370592,10.633555236275,124.7767642164
985153000370599,10.641096015425,124.782976002875
985153000370604,10.635019324249999,124.776075999225
985153000370608,10.85781892295,124.724596655
985153000370612,10.6326634437,124.7767522093
985153000370613,10.6538295198625,124.7839117481
985153000370633,10.8615920157,124.721391708575
985153000370668,10.85781892295,124.724596655
985153000370790,10.857711145633333,124.72451915036667
985153000370820,10.63412021845,124.7764486377
985153000370851,10.72769980875,124.79345991975
985153000370885,10.87429624424,124.7108556144
985153000370891,10.873695001925,124.710763057225
985153000370907,10.87429541865,124.710887025575
985153000370935,10.87414217645,124.710793357825
985153000370945,10.861656262975,124.721263444525
985153000370980,10.743415332400001,124.78691315045
985153000370992,10.861850450725,124.72122059205
985153000370997,10.65339966445,124.7843675874
985153000371009,10.86093990365,124.721628979325
985153000371025,10.743688393825,124.78675037387501
985153000371121,10.6329746847,124.776967058425
985153000371132,10.860881984725001,124.72173985095
985153000371140,10.768618604625,124.783899332425
985153000371171,10.85781892295,124.724596655
985153000371224,10.874363500625,124.71076383255
985153000371253,10.6340657361,124.776511418175
985153000371280,10.8618701063,124.72122128355
985153000371294,10.87429541865,124.710887025575
985153000371354,10.8741245046,124.7107528802
985153000371359,10.6327143218,124.776922026675
985153000371370,10.8699222654,124.71586202040001
985153000371376,10.870857120025,124.71445746485
985153000371381,10.63458478545,124.7763087228
985153000371404,10.743688393825,124.78675037387501
985153000371421,10.874248459,124.71081810535
985153000371425,10.6409008219,124.783561646475
985153000371455,10.634256885375,124.776713631575
985153000371463,10.743598972908334,124.78675568942501
985153000371477,10.74310068275,124.78707717731666
985153000371511,10.87409286574,124.71069719642
985153000371560,10.633947656050001,124.77657143260001
985153000371588,10.874417364825,124.710588357425
985153000371626,10.87450419085,124.710598667125
985153000371638,10.86157829035,124.72131780115001
985153000371643,10.869285387475,124.716344063625
985153000371658,10.870857120025,124.71445746485
985153000371672,10.652893544174999,124.7835253319
985153000371722,10.8705491759,124.71469405106667
985153000371727,10.634243600075,124.77680220735
985153000371731,10.861513875450001,124.721424921875
985153000371745,10.857779290533333,124.72451227716667
985153000371747,10.8575121453,124.72443446515
985153000371755,10.8599918266,124.72244935807501
985153000371766,10.798475738109092,124.76864930158182
985153000371794,10.8609031071,124.7216739063
985153000371825,10.634397596574999,124.77636559402501
985153000371833,10.6348301866,124.776307360725
985153000371853,10.861623636425,124.721314469325
985153000371943,10.874420015625,124.71066480035
985153000371973,10.8577323379,124.724600866875
985153000371995,10.6327143218,124.776922026675
985153000372009,10.6327002402,124.776695589525
985153000372032,10.8609031071,124.7216739063
985153000372039,10.76887995235,124.783635051
985153000372081,10.860888333975,124.72189223395
985153000372099,10.63512382565,124.776069293725
985153000372147,10.8739146078,124.710782670875
985153000372151,10.860012718475,124.722331089425
985153000372170,10.8577323379,124.724600866875
985153000372176,10.63253863715,124.776821569575
985153000372190,10.652893544174999,124.7835253319
985153000372209,10.872930090425,124.711706042275
985153000372235,10.8609031071,124.7216739063
985153000372245,10.6340692565,124.776568792325
985153000372250,10.633688445675,124.776800468125
985153000372264,10.85778581445,124.724573059925
985153000372286,10.8743138588,124.710713122025
985153000372291,10.743688393825,124.78675037387501
985153000372302,10.632909368725,124.7768708132
985153000372316,10.85536365395,124.726219936275
985153000372322,10.872826678675,124.7119623609
985153000372325,10.855044450125,124.727137524175
985153000372347,10.653845120675,124.78390222415
985153000372398,10.63253863715,124.776821569575
985153000372405,10.809186073025,124.765403720075
985153000372461,10.63462309075,124.77635608055
985153000372474,10.860012718475,124.722331089425
985153000372487,10.8609064808,124.721769292375
985153000372491,10.87403968675,124.710770118975
985153000372549,10.633581639275,124.77680629355001
985153000372608,10.634610496925,124.7763546137
985153000372610,10.85781892295,124.724596655
985153000372611,10.809186073025,124.765403720075
985153000372624,10.861521817275,124.72144925035
985153000372637,10.861513875450001,124.721424921875
985153000372649,10.633947656050001,124.77657143260001
985153000372650,10.8618701063,124.72122128355
985153000372651,10.86112151855,124.72159668805
985153000372689,10.85840328412,124.72429859452
985153000372714,10.869048787275,124.7163290181
985153000372731,10.63330166275,124.77689321386251
985153000372739,10.873872258225001,124.71097744535
985153000372744,10.8738658461,124.71072066575
985153000372788,10.855318307875,124.7262603161
985153000372825,10.85726839955,124.7248192993
985153000372882,10.861886052875,124.7211578116
985153000372888,10.8571284637,124.72490112765
985153000372902,10.63458478545,124.7763087228
985153000372956,10.874248459,124.71081810535
985153000372957,10.8738513873,124.710931261075
985153000372981,10.860931878,124.72180275715
985153000373033,10.873533273133333,124.710977152
985153000373086,10.855204523575,124.727256714825
985153000373116,10.63427821735,124.776665729
985153000373186,10.85536365395,124.726219936275
985153000373218,10.85536365395,124.726219936275
985153000373231,10.8611126756,124.721616071175
985153000373232,10.8554865117,124.72615625475001
985153000373270,10.74380829558,124.78652982226
985153000373292,10.634189997825,124.77638095385
985153000373315,10.634432905325,124.776414900575
985153000373338,10.874070916299999,124.7107411735
985153000373373,10.874358345758333,124.710774456625
985153000373375,10.8743993123,124.710573584325
985153000373422,10.87350634625,124.710972981975
985153000373511,10.871561556125,124.7142280103
985153000373624,10.871651933974999,124.714100940625
985153000373627,10.8739146078,124.710782670875
985153000373816,10.871561556125,124.7142280103
985153000373943,10.87429541865,124.710887025575
985153000373978,10.633974687675,124.77670631835
985153000374004,10.87428102268,124.7106518671
985153000374017,10.743415332400001,124.78691315045
985153000374058,10.74297664455,124.787170642525
985153000374151,10.874023719225,124.710646905
985153000374248,10.87377827615,124.7109159641
985153000374268,10.87350634625,124.710972981975
985153000374339,10.871528217125,124.714252590225
985153000374364,10.87384509668,124.7109116055
985153000374393,10.87382802275,124.71046736465
985153000374415,10.874023719225,124.710646905
985153000374441,10.87451943756,124.71059641242
985153000374493,10.87165172445,124.71409425605
985153000374500,10.72823143095,124.79335380485
985153000374542,10.7438409864,124.786532507275
985153000374610,10.871700339475,124.714154396225
985153000374990,10.8738658461,124.71072066575
985153000375047,10.8714901423,124.714273943125
985153000375244,10.6338324991625,124.77660610225
985153000375267,10.87428102268,124.7106518671
985153000375271,10.871700339475,124.714154396225
985153000375443,10.873569629625,124.711171633125
985153000375493,10.8741245046,124.7107528802
985153000375516,10.874303821475,124.71061421557499
985153000375526,10.72823143095,124.79335380485
985153000375598,10.874385461225,124.7107248567
985153000375642,10.874345207125,124.7106206068
985153000375659,10.8715167653375,124.7138868353875
985153000375747,10.74297664455,124.787170642525
985153000375827,10.7277030358,124.7934578033125
985153000375881,10.72769980875,124.79345991975
985153000375999,10.8715283638,124.71392733042501
985153000376036,10.87186540015,124.713713885275
985153000376041,10.87451943756,124.71059641242
985153000376242,10.74352081865,124.78658309205
985153000376294,10.8741689357,124.71075123875
985153000399514,10.74349131435,124.78658416077499
985153000399528,10.8614042087125,124.7214314073875
985153000399551,10.87138392265,124.71416057785001
985153000399614,10.8715479984,124.71412371845
985153000399642,10.8705141954,124.714723632225
985153000399653,10.8737040962875,124.71065650228749
985153000399705,10.871411561950001,124.714205379125
985153000399724,10.871460700875,124.7138796584
985153000399727,10.728198783475,124.793355523175
985153000399744,10.86948936105,124.71629519715
985153000399780,10.87071009726,124.71459516696
985153000399786,10.873272072075,124.712172453275
985153000399808,10.8618105948,124.720997067625
985153000399810,10.7690424356,124.783539245825
985153000400004,10.8618105948,124.720997067625
985153000400051,10.81122618635,124.76454652379999
985153000400062,10.87289390155,124.712195964525
985153000400205,10.871834114675,124.71384661275
985153000400217,10.8613857371,124.721488812925
985153000400235,10.8735160483,124.711774103325
985153000400302,10.8715600054625,124.714256624
985153000400354,10.755847217533333,124.78543415663333
985153000400358,10.799533787675,124.768302266025
985153000400408,10.87186540015,124.713713885275
985153000400461,10.87366071995,124.71134073799999
985153000400484,10.7565418852,124.78590687155
985153000400487,10.873108017275,124.712202020475
985153000400524,10.869494767375,124.7162804869
985153000400546,10.633839801875,124.776899521275
985153000400569,10.753244224475,124.784390690025
985153000400570,10.871492950225,124.71412047045
985153000400619,10.872972199,124.7122067667
985153000400642,10.869125565525,124.716334487325
985153000400657,10.80918542345,124.765285535225
985153000400715,10.872967012675,124.7121328907
985153000400774,10.8715209458,124.714131387875
985153000400801,10.871385829525,124.71408377867499
985153000400875,10.871473577575,124.7138921998125
985153000400899,10.653027591775,124.7839595354
985153000400903,10.87335557675,124.712218595675
985153000400919,10.87366071995,124.71134073799999
985153000400925,10.85500882705,124.727592326225
985153000400948,10.87311459705,124.711775779725
985153000400949,10.633626838675,124.7767978278
985153000400963,10.871475033925,124.714272727725
985153000400979,10.87032860332,124.71494532936
985153000400988,10.8699222654,124.71586202040001
985153000400989,10.873301806875,124.712179598875
985153000401018,10.8618105948,124.720997067625
985153000401033,10.859574491625,124.722905836525
985153000401058,10.8618105948,124.720997067625
985153000401130,10.871587099974999,124.714179122825
985153000401168,10.75622149745,124.7856403899125
985153000401215,10.81116889605,124.764632962175
985153000401342,10.871594790349999,124.7140019294
985153000401362,10.63324810235,124.77710020495
985153000401446,10.64087167385,124.7835467686
985153000401458,10.87144450285,124.714296679025
985153000401554,10.861798692475,124.7211434785
985153000401563,10.871475033925,124.714272727725
985153000401581,10.7565418852,124.78590687155
985153000401582,10.873108017275,124.712202020475
985153000401611,10.640665688575,124.784052658375
985153000401616,10.87292072365,124.711887133325
985153000401620,10.633717069875,124.77689797057499
985153000401628,10.6332577206,124.7770843317125
985153000401656,10.873105628425,124.711664509975
985153000401702,10.869926204912499,124.7158405941625
985153000401709,10.764462991742857,124.78539414304285
985153000401710,10.8688206738,124.716476707275
985153000401739,10.855318307875,124.7262603161
985153000401757,10.8618105948,124.720997067625
985153000401758,10.75622149745,124.7856403899125
985153000401772,10.874317735425,124.71087216865
985153000401773,10.727706262849999,124.793455686875
985153000401797,10.857097953575,124.725025116925
985153000401829,10.768783302058333,124.78384196525
985153000401844,10.640656028425,124.784080947275
985153000401884,10.86150710705,124.72131771732501
985153000401889,10.633133312225,124.777095636825
985153000401894,10.810841862108333,124.76470404071667
985153000401929,10.868857596075,124.7164270864
985153000402002,10.8618105948,124.720997067625
985153000402044,10.869129672625,124.71633578652501
985153000402078,10.856767643725,124.725209099675
985153000402079,10.769340076975,124.78344916135
985153000402123,10.869365036475,124.716405544875
985153000402132,10.85485552205,124.727569737
985153000402171,10.65195114585,124.782962591825
985153000402201,10.871477485625,124.714093229275
985153000402210,10.869857200891667,124.71587733830833
985153000402239,10.633678534074999,124.77680132725
985153000402244,10.862013918825,124.72095069475
985153000402303,10.87144611635,124.714080090625
985153000402306,10.8729369426125,124.7122115339375
985153000402307,10.632864085475,124.77691297417499
985153000402340,10.87379824605,124.71117919777501
985153000402348,10.7436165190375,124.7868478239875
985153000402454,10.869225875975001,124.716368685475
985153000402472,10.873089639949999,124.71216914245
985153000402481,10.873030861825,124.71218768739999
985153000402486,10.861426682675,124.72140428144999
985153000402499,10.8693118114,124.716331427925
985153000402510,10.8713691286,124.71404140815
985153000402535,10.633905830325,124.77663364727499
985153000402570,10.63308901385,124.77710552745
985153000402586,10.869268204575,124.7163027199
985153000402617,10.7989269169,124.768636892525
985153000402618,10.8687527175,124.71654382535
985153000402633,10.869921762499999,124.71593452385
985153000402681,10.8697637007625,124.7159272315875
985153000402712,10.861898018075,124.7210838203
985153000402724,10.871396705024999,124.7139447229
985153000402726,10.632519526425,124.77682513185
985153000402768,10.873515377724999,124.71206357235
985153000402770,10.871371727,124.71441624684999
985153000402774,10.764434421429412,124.78533345384118
985153000402781,10.63320036745,124.77697506314999
985153000402786,10.7437940687,124.78652955455455
985153000402799,10.8729199064,124.71226607917501
985153000402854,10.632754953100001,124.77677626535001
985153000402873,10.87436547035,124.71080140445
985153000402874,10.871390271925,124.713988581225
985153000402882,10.87144611635,124.714080090625
985153000402908,10.798550234175,124.7686683666
985153000402921,10.873272072075,124.712172453275
985153000402923,10.857462650175,124.724857436975
985153000402938,10.869146855524999,124.7163261473
985153000402943,10.87182179325,124.713829702225
985153000402950,10.63263922,124.776725743425
985153000402963,10.874157263899999,124.71093450905
985153000402964,10.87161050645,124.714082081325
985153000402968,10.652070881325,124.78389308785
985153000402971,10.8714490185875,124.7141712857375
985153000402980,10.86157791315,124.72142643065
985153000402985,10.85492352025,124.72767170285
985153000402996,10.8618105948,124.720997067625
985153000403023,10.652856349475,124.7834787285
985153000403031,10.8699222654,124.71586202040001
985153000403040,10.873515377724999,124.71206357235
985153000403045,10.633461379925,124.7767664166
985153000403050,10.7640996587125,124.78520044475
985153000403055,10.861855479900001,124.72122582025
985153000403062,10.873641525375,124.7114618984
985153000403068,10.861825724125,124.7211957397
985153000403071,10.728015988141667,124.79344816412501
985153000403072,10.63270640095,124.77660401725
985153000403075,10.632664680025,124.776733391925
985153000403079,10.868857596075,124.7164270864
985153000403084,10.872774249875,124.71181783592499
985153000403102,10.8714494272,124.7139823367
985153000403134,10.6519769516375,124.7829419095
985153000403137,10.633274945425,124.77686417057501
985153000403144,10.8617810905,124.721018609125
985153000403157,10.652070881325,124.78389308785
985153000403168,10.87436547035,124.71080140445
985153000403170,10.653480424075,124.78396389402499
985153000403206,10.769211100425,124.78354574182501
985153000403215,10.87141564815,124.714196641
985153000403220,10.8699222654,124.71586202040001
985153000403237,10.8713573101,124.713990404275
985153000403242,10.640654582525,124.7845599102
985153000403244,10.873766625275,124.711410265875
985153000403248,10.633351178825,124.776836175
985153000403262,10.63270640095,124.77660401725
985153000403264,10.854944621675,124.727717111825
985153000403295,10.633735153825,124.776942143225
985153000403306,10.8697651152125,124.7159245389
985153000403314,10.81165433395,124.76424777185
985153000403319,10.861801395675,124.721240121875
985153000403323,10.80918542345,124.765285535225
985153000403335,10.8571284637,124.72490112765
985153000403340,10.861825724125,124.7211957397
985153000403342,10.861825724125,124.7211957397
985153000403352,10.65245271895,124.78363534435
985153000403370,10.861636796025,124.721382048425
985153000403388,10.632684670875,124.776786135025
985153000403391,10.8714124211,124.714009892175
985153000403393,10.8715479984,124.71412371845
985153000403397,10.7282238244,124.7934866999
985153000403414,10.7564896345,124.7858047171125
985153000403433,10.7532670389625,124.78439088385625
985153000403443,10.798550234175,124.7686683666
985153000403459,10.85745774675,124.72465870205
985153000403460,10.85745774675,124.72465870205
985153000403468,10.633106552975,124.77705666097499
985153000403500,10.87144611635,124.714080090625
985153000403514,10.861825724125,124.7211957397
985153000403566,10.873272072075,124.712172453275
985153000403603,10.633106552975,124.77705666097499
985153000403605,10.7695750636125,124.7833745205
985153000403622,10.632543561525,124.77670026244999
985153000403636,10.8713573101,124.713990404275
985153000403649,10.86150710705,124.72131771732501
985153000403652,10.869146855524999,124.7163261473
985153000403655,10.8714168216,124.713981163225
985153000403664,10.869159155975,124.716312966775
985153000403698,10.87305961175,124.71162603705
985153000403708,10.633414860350001,124.776827688325
985153000403710,10.63270055455,124.77691764709999
985153000403713,10.869365036475,124.716405544875
985153000403716,10.861282493,124.72146352052499
985153000403736,10.8613934065,124.721418719275
985153000403740,10.871858317400001,124.713815515875
985153000403760,10.640742068649999,124.78518566115
985153000403761,10.8555837418,124.72689376795
985153000403777,10.87139039765,124.71404620679999
985153000403797,10.871517383525,124.71421866445
985153000403806,10.798550234175,124.7686683666
985153000403812,10.65211459295,124.78431905617501
985153000403855,10.8727712743,124.711864083075
985153000403866,10.873433675125,124.7121404973
985153000403872,10.640742068649999,124.78518566115
985153000403879,10.87343359135,124.71211166354999
985153000403881,10.871396348825,124.7139532934
985153000403888,10.861829370275,124.72108302405
985153000403889,10.8714168216,124.713981163225
985153000403892,10.86969783995,124.7159065283
985153000403897,10.633555089575001,124.776798645
985153000403913,10.8714298974,124.71407652835
985153000403943,10.8691970422,124.716346054325
985153000403952,10.8714489138,124.7140817041375
985153000403994,10.872820643725,124.711889585025
985153000403998,10.871544310325,124.7141396231
985153000404009,10.87309064575,124.71161115917499
985153000404021,10.65211459295,124.78431905617501
985153000404022,10.632696426475,124.776701917875
985153000404045,10.873108394425,124.71162461212501
985153000404060,10.873045383475,124.712185466175
985153000404064,10.871589740274999,124.71424950984999
985153000404065,10.860885903225,124.721652867725
985153000404075,10.8547954342875,124.7277213551375
985153000404090,10.632696426475,124.776701917875
985153000404102,10.8618105948,124.720997067625
985153000404104,10.8548702323,124.72757231445
985153000404120,10.65245271895,124.78363534435
985153000404127,10.8618217218,124.7211692948
985153000404131,10.653480424075,124.78396389402499
985153000404134,10.6347751594,124.77617304075
985153000404140,10.6331813615,124.777004085475
985153000404146,10.87160419905,124.714219397875
985153000404202,10.809133728025,124.7652508761
985153000404213,10.874258747775,124.7109944187
985153000404229,10.861282493,124.72146352052499
985153000404233,10.810838460458333,124.76470438995834
985153000404251,10.856767643725,124.725209099675
985153000404272,10.873498362525,124.71103769027499
985153000404281,10.873746613525,124.71112630797501
985153000404287,10.871359279850001,124.714171914375
985153000404299,10.65383175155,124.7838916001
985153000404305,10.873097372225,124.7122273338
985153000404313,10.8714842331,124.714125688175
985153000404319,10.63263922,124.776725743425
985153000404325,10.798550234175,124.7686683666
985153000404328,10.87354775285,124.7121306695
985153000404371,10.871375645525,124.7140546306
985153000404400,10.8575121453,124.72443446515
985153000404420,10.870295532524999,124.715072424125
985153000404421,10.861513875450001,124.721424921875
985153000404452,10.8548143669,124.72775053465
985153000404490,10.871544310325,124.7141396231
985153000404497,10.87353821845,124.71109003527499
985153000404499,10.8550400077375,124.727649689875
985153000404510,10.861621708625,124.7214011906375
985153000404526,10.873092646925,124.7116186190625
985153000404528,10.63272507165,124.776935395775
985153000404530,10.87144611635,124.714080090625
985153000404545,10.871428765825,124.71397967542501
985153000404548,10.63320036745,124.77697506314999
985153000404563,10.640665688575,124.784052658375
985153000404572,10.873641525375,124.7114618984
985153000404585,10.870292997,124.7150019533
985153000404621,10.755847217533333,124.78543415663333
985153000404635,10.63271884805,124.77661749115
985153000404648,10.632684670875,124.776786135025
985153000404653,10.8714140137,124.713977621875
985153000404654,10.743660733575,124.78676032737499
985153000404670,10.634017267725,124.776551504625
985153000404672,10.86951039965,124.7160820663
985153000404724,10.7564896345,124.7858047171125
985153000404741,10.8729482163,124.71218529855
985153000404750,10.633169207725,124.77695360545
985153000404758,10.87153096215,124.7140497691
985153000404764,10.640804471925001,124.784925549775
985153000404792,10.633312643025,124.77689218707499
985153000404797,10.76938376765,124.783484826325
985153000404810,10.764436889444445,124.78530203922223
985153000404829,10.873045383475,124.712185466175
985153000404845,10.871405988,124.713949647275
985153000404854,10.8735160483,124.711774103325
985153000404855,10.87153921835,124.7142535122
985153000404860,10.63324810235,124.77710020495
985153000404875,10.874211124616666,124.71077718773333
985153000404885,10.764457555466667,124.7853550315
985153000404914,10.87284863925,124.712127882525
985153000404937,10.861380456500001,124.7214948898125
985153000404951,10.872820643725,124.711889585025
985153000404952,10.65266353636,124.7832866069
985153000404956,10.633735237649999,124.7769188206
985153000404993,10.632543561525,124.77670026244999
985153000404994,10.7686112076,124.78387435432501
985153000405015,10.633170800325,124.77703916375
985153000405033,10.633304659275,124.7768608178
985153000405034,10.652136134425,124.7842595028
985153000405042,10.633435416975,124.776830098125
985153000405045,10.763886664075,124.7851399379
985153000405068,10.873105628425,124.711664509975
985153000405082,10.81150806975,124.76441211997499
985153000405084,10.809133728025,124.7652508761
985153000405116,10.63345056725,124.776713338225
985153000405124,10.869076657125,124.71632021709999
985153000405134,10.871475033925,124.714272727725
985153000405147,10.6518668658,124.782892770575
985153000405149,10.871587099974999,124.714179122825
985153000405158,10.6518668658,124.782892770575
985153000405176,10.799503623275,124.76833541645
985153000405190,10.640742068649999,124.78518566115
985153000405197,10.871834114675,124.71384661275
985153000405229,10.8715246129,124.71422402885
985153000405234,10.79989835855,124.767938365675
985153000405269,10.8730422088375,124.7116174141625
985153000405308,10.65230079695,124.783654999925
985153000405309,10.64087167385,124.7835467686
985153000405332,10.869175563575,124.716350308175
985153000405336,10.6328781252,124.7769177938
985153000405360,10.8714494272,124.7139823367
985153000405440,10.756437876275001,124.7857918404
985153000405452,10.87292072365,124.711887133325
985153000405478,10.633626838675,124.7767978278
985153000405490,10.63271884805,124.77661749115
985153000405493,10.87294081925,124.712231063775
985153000405499,10.855157291525,124.727404121075
985153000405523,10.872843631075,124.71226350170001
985153000405540,10.633555089575001,124.776798645
985153000405582,10.632754953100001,124.77677626535001
985153000405590,10.632751914675,124.776686851425
985153000405647,10.87144611635,124.714080090625
985153000405666,10.87025299435,124.71510563745
985153000405702,10.632898220775,124.77694679515
985153000405709,10.8715222869,124.71431306562499
985153000405712,10.869159155975,124.716312966775
985153000405714,10.87293952005,124.711703883925
985153000405722,10.870421763949999,124.7147918609
985153000405736,10.873935562549999,124.710774582325
985153000405746,10.861282493,124.72146352052499
985153000405779,10.871388218375,124.71397387095
985153000405807,10.8619777509,124.72103753125
985153000405846,10.857223828775,124.725027254325
985153000405853,10.633871799825,124.77672656065
985153000405876,10.869060857225,124.71632914382499
985153000405904,10.871411561950001,124.714205379125
985153000405915,10.86196628865,124.720949458425
985153000405921,10.8708244725,124.71450308335
985153000405925,10.633365951950001,124.777056011375
985153000405940,10.872843631075,124.71226350170001
985153000406031,10.63371269035,124.7768841195
985153000406037,10.873045383475,124.712185466175
985153000406073,10.764026460233334,124.78514805436667
985153000406100,10.810730019574999,124.76478651867501
985153000406108,10.87139039765,124.71404620679999
985153000406110,10.861825724125,124.7211957397
985153000406164,10.871459632175,124.71398388735
985153000406201,10.869099874975,124.716384338675
985153000406226,10.6518261088,124.78294559755
985153000406231,10.861897033175,124.721165669625
985153000406251,10.87353098905,124.7120182682
985153000406256,10.869714687575,124.715942088525
985153000406261,10.8736451715,124.7115150816
985153000406269,10.856767643725,124.725209099675
985153000406276,10.7689189911,124.783792169775
985153000406278,10.799836898225001,124.768162455875
985153000406307,10.873305578724999,124.712216709725
985153000406317,10.871397061275001,124.7142015444
985153000406330,10.633446711575,124.776935186225
985153000406356,10.861821407425001,124.72119186305
985153000406357,10.65245271895,124.78363534435
985153000406375,10.769353571825,124.7834684921
985153000406394,10.8715209458,124.714131387875
985153000406411,10.727706262849999,124.793455686875
985153000406415,10.769186206175,124.783602738775
985153000406441,10.8715165558,124.714263004725
985153000406453,10.632413034325,124.7768691159
985153000406498,10.632664680025,124.776733391925
985153000406505,10.87375424105,124.71083139070001
985153000406518,10.861821407425001,124.72119186305
985153000406535,10.8718888066,124.713823855875
985153000406548,10.76431265335,124.78526095160001
985153000406582,10.8715184522,124.71426501635
985153000406583,10.728033890475,124.7934257635
985153000406619,10.85726839955,124.7248192993
985153000406629,10.869060857225,124.71632914382499
985153000406665,10.871460700875,124.7138796584
985153000406699,10.871477485625,124.714093229275
985153000406734,10.869242011099999,124.71631319725
985153000406738,10.8727668319,124.711836066575
985153000406768,10.87153096215,124.7140497691
985153000406780,10.869146855524999,124.7163261473
985153000406794,10.874656699600001,124.7106804326
985153000406807,10.6405636389,124.7819544794
985153000406811,10.63308901385,124.77710552745
985153000406841,10.633461379925,124.7767664166
985153000406846,10.87161050645,124.714082081325
985153000406887,10.8619777509,124.72103753125
985153000406941,10.8618105948,124.720997067625
985153000406954,10.87138392265,124.71416057785001
985153000407023,10.873764886075,124.71124160105
985153000407028,10.873433675125,124.7121404973
985153000407049,10.6327143218,124.776922026675
985153000407050,10.640656028425,124.784080947275
985153000407052,10.809807444475,124.7650422505
985153000407055,10.8714494272,124.7139823367
985153000407062,10.755160516125,124.785223715025
985153000407082,10.872767250975,124.71183740765
985153000407105,10.871359279850001,124.714171914375
985153000407113,10.854984603350001,124.72752053525
985153000407118,10.861996337775,124.7209737869
985153000407128,10.633905830325,124.77663364727499
985153000407137,10.872767250975,124.71183740765
985153000407139,10.87354775285,124.7121306695
985153000407161,10.728198783475,124.793355523175
985153000407175,10.873238879725001,124.712090520175
985153000407195,10.871399471075,124.71401703777501
985153000407223,10.8715761197,124.71401263725
985153000407233,10.633093330525,124.777052931
985153000407247,10.81150806975,124.76441211997499
985153000407280,10.8616130124,124.7214441374
985153000407297,10.652780493249999,124.78370434835
985153000407312,10.85745774675,124.72465870205
985153000407315,10.869146855524999,124.7163261473
985153000407324,10.87310426635,124.712005611525
985153000407326,10.8614124125,124.72146073355
985153000407331,10.871460700875,124.7138796584
985153000407337,10.8734970214,124.711817521575
985153000407358,10.873095255825,124.7121591889
985153000407381,10.869202301825,124.716378743775
985153000407401,10.871441150099999,124.714041994875
985153000407411,10.873924288875,124.710923130625
985153000407417,10.633626838675,124.7767978278
985153000407421,10.873301806875,124.712179598875
985153000407422,10.855036340649999,124.727641213675
985153000407425,10.8734970214,124.711817521575
985153000407431,10.8693118114,124.716331427925
985153000407436,10.8618105948,124.720997067625
985153000407448,10.871533749175,124.7140626353
985153000407451,10.861951599375,124.7210671613
985153000407477,10.87322289125,124.7122078668
985153000407489,10.728224802283334,124.79347251354167
985153000407490,10.74360711035,124.786911536975
985153000407544,10.652258468325,124.782807715225
985153000407553,10.87379824605,124.71117919777501
985153000407572,10.8619777509,124.72103753125
985153000407589,10.8618217218,124.7211692948
985153000407603,10.871460700875,124.7138796584
985153000407622,10.871399471075,124.71401703777501
985153000407643,10.809807444475,124.7650422505
985153000407646,10.8714140137,124.713977621875
985153000407650,10.8618105948,124.720997067625
985153000407657,10.640804471925001,124.784925549775
985153000407670,10.871415878625001,124.71404023470001
986112100162775,10.871452360875,124.7140820604
986112100162846,10.6340389559,124.77658044315001
986112100162980,10.634072420625,124.776860231075
986112100163135,10.65265340265,124.783406581275
986112100163284,10.633029921475,124.7770636389
986112100163289,10.6528046122,124.783497022
986112100163296,10.87424437285,124.71063646955
986112100163333,10.63384556445,124.77686917875
986112100163335,10.65206008965,124.78344415315
986112100163361,10.640690855199999,124.780852175325
986112100163378,10.8743581362,124.71081079215
986112100163474,10.87041015505,124.715022991875
986112100163495,10.633680545725,124.776786617
986112100163513,10.652810332825,124.78350177875001
986112100163663,10.87360352045,124.711131630475
986112100163700,10.640425735625001,124.780803476425
986112100163770,10.870336918175,124.71502003725
986112100163993,10.640565336225,124.781066186275
986112100163996,10.72725783105,124.793347204125
986112100164019,10.640901555300001,124.779097486775
986112100164061,10.6522729732,124.78279829398
986112100164157,10.869458138475,124.71627610735
986112100164178,10.64053996,124.78081102017501
986112100164179,10.63402768225,124.77676237234999
986112100164249,10.79846882495,124.76858695735
986112100164294,10.6341033918,124.776490610075
986112100164349,10.798473665475,124.768587125
986112100164362,10.8714631945,124.7142647859
986112100164376,10.874257595275001,124.7111099423
986112100164430,10.874198188575,124.71082210775
986112100164463,10.873059590825001,124.71216011095
986112100164572,10.6413058564,124.78140152525
986112100164750,10.634069361249999,124.776864170575
986112100164754,10.641224447174999,124.778321573975
986112100164794,10.8715009759,124.714141027075
986112100164894,10.811208563400001,124.764581853525
986112100164898,10.65192058124,124.78347335568
986112100164932,10.87407007115,124.710688060125
986112100164940,10.641232389025,124.77832760895
986112100165002,10.640653660525,124.7813556972
986112100165007,10.640739889375,124.779428488125
986112100165029,10.871390167175,124.7141502891
986112100165101,10.640529419749999,124.7808651044
986112100165158,10.871451564600001,124.71407971345
986112100165160,10.632866118125,124.776929884675
986112100165211,10.633867001175,124.776502491425
986112100165213,10.87135376875,124.714152698875
986112100165220,10.81167430385,124.764240123325
986112100165260,10.87135376875,124.714152698875
986112100165491,10.871352846725,124.714185912175
986112100165498,10.641148046125,124.778576970575
986112100165514,10.870343979874999,124.715026281775
986112100165689,10.799762131649999,124.768176788925
986112100165703,10.633960019325,124.776554584975
986112100165713,10.640678533825,124.779842658875
986112100165762,10.874139976224999,124.71075624695
986112100165834,10.640895981349999,124.77910907475001
986112100165961,10.871558056675,124.71407960865
986112100166389,10.64130679935,124.781417010825
986112100166430,10.728232583475,124.793399486225
986112100166498,10.871520903875,124.713891413975
986112100167213,10.652277823533334,124.7828284744
986112100167430,10.632721006425,124.776922739125
986112100167619,10.63320633955,124.776558168225
986112100167849,10.87026665685,124.715122443175
986112100168025,10.743558306725,124.786462895575
986112100168109,10.87351973635,124.71104636555
986112100168215,10.868731490350001,124.716816614375
986112100168306,10.634051654475,124.7765895375
986112100168430,10.7435753639,124.78694001445
986112100168496,10.633962785325,124.776568100775
986112100168524,10.64121273345,124.7784401779
986112100168637,10.869602600575,124.716113687
986112100168773,10.8118378976,124.764272875625
986112100168775,10.8714543935,124.7142178053
986112100168885,10.63412013465,124.776490337675
986112100169415,10.8714575367,124.7140795039
986112100169753,10.6339725922,124.776700199575
986112100169944,10.874338082525,124.710699669075
986112100169967,10.632722263675,124.776922257125
986112100170011,10.874421272875,124.710707673825
986112100170198,10.798686984925,124.76857270812499
986112100170256,10.64114984825,124.7785820835
986112100170625,10.87146570905,124.71411510602499
986112100170677,10.641225725425,124.778329914
986112100171800,10.8704115171,124.715019995325
986112100171900,10.640699530500001,124.7808609763
986112100171908,10.6518581137,124.78292866606667
986112100171926,10.87146570905,124.71411510602499
986112100171932,10.632899582875,124.7769125551
986112100171955,10.8734684391,124.7117829253
986112100171978,10.871474552,124.713955535575
986112100171979,10.75327211525,124.78440995795
986112100171996,10.8715005778,124.7142669442
986112100171999,10.640984263724999,124.77874703937499
986112100172007,10.871453806775,124.71409178337501
986112100172016,10.6520361174,124.7833818756
986112100172025,10.632858029575,124.776926175675
986112100172037,10.854840811799999,124.72756715955
986112100172058,10.87356248405,124.711134228875
986112100172078,10.634000315325,124.7765093227
986112100172095,10.64068029405,124.78115335805
986112100172100,10.868739578875,124.716734429825
986112100172132,10.873500332225,124.71209533975
986112100172142,10.81149166215,124.764411805675
986112100172156,10.87430086685,124.710855656325
986112100172191,10.63282927965,124.77689658755
986112100172199,10.769211226125,124.78357579095
986112100172244,10.652096299450001,124.78379973445
986112100172267,10.8716773521,124.713986862925
986112100172281,10.632715788675,124.776956015275
986112100172314,10.63303723465,124.777058043975
986112100172363,10.633507249875,124.7767093149
986112100172380,10.728220094475,124.79346876265001
986112100172396,10.871391529225,124.7139249416
986112100172405,10.871489765125,124.71408698475
986112100172415,10.6410562224,124.779961912425
986112100172515,10.6338445167,124.7768852301
986112100172561,10.633989817,124.77679854025
986112100172566,10.87149355795,124.71408864017499
986112100172572,10.640764553099999,124.77925265675
986112100172573,10.87146371835,124.71395388015
986112100172583,10.641215373775001,124.778443844975
986112100172585,10.640983739875,124.78026676222501
986112100172594,10.652327807633334,124.78275641799999
986112100172635,10.64115299145,124.77858323605
986112100172670,10.871529746775,124.713887642125
986112100172684,10.6411399995,124.7785806586
986112100172689,10.798893745525,124.76866277165
986112100172701,10.871380988975,124.71420110435
986112100172705,10.64109287225,124.778522781575
986112100172744,10.652101216833334,124.78379596956667
986112100173013,10.87135376875,124.714152698875
986112100173025,10.873155877924999,124.7120504966
986112100173091,10.6525888829625,124.7835781169125
986112100173102,10.871390167175,124.7141502891
986112100173219,10.641017477025,124.7790976544
986112100173251,10.65292374,124.783466260425
986112100173441,10.640648484675,124.7813495784
986112100173495,10.633956457025,124.776869325425
986112100173500,10.641066364475,124.7786973347
986112100173549,10.874071978025,124.710693508375
986112100173807,10.835946304724999,124.74676657935001
986112100173816,10.799435426025,124.768382376075
986112100174060,10.873491698875,124.7120812582
986112100174070,10.64102062025,124.77910155195
986112100174093,10.854943867275,124.727751938625
986112100174126,10.87147752755,124.713907737725
986112100174186,10.8714656461875,124.7141349921
986112100174221,10.85478938885,124.727730879075
986112100174328,10.65224145305,124.7836270463
986112100174415,10.652092862875,124.78380874495
986112100174417,10.64090130385,124.77909807345
986112100174439,10.641145783025,124.77857860505
986112100174718,10.65200703218,124.78291721642
986112100174730,10.651860202175001,124.78293038437499
986112100174777,10.633560768325,124.77677196965
986112100175017,10.633969993800001,124.77692567277501
986112100175049,10.8739948855,124.71079773735
986112100175107,10.641024224475,124.77910790125
986112100175142,10.63254674665,124.776923451575
986112100175245,10.873501191375,124.7117343731
986112100175372,10.764202515125,124.78528289125
986112100175508,10.870287360175,124.71498850035
986112100175647,10.75582543155,124.785419055275
986112100175979,10.87443541735,124.710603130525
986112100176130,10.855597802425,124.7269561817
986112100177486,10.6330410275,124.7770503117
986112100177563,10.641068501875,124.77869915777501
986112100177596,10.7282491587,124.79342787992499
986112100177602,10.633831315225,124.776579353475
